ISO-10303-21;
HEADER;
/* Generated by software containing ST-Developer
 * from STEP Tools, Inc. (www.steptools.com) 
 */

FILE_DESCRIPTION(
/* description */ (''),
/* implementation_level */ '2;1');

FILE_NAME(
/* name */ '',
/* time_stamp */ '2026-07-22T02:28:53+08:00',
/* author */ (''),
/* organization */ (''),
/* preprocessor_version */ 'ST-DEVELOPER v20.1',
/* originating_system */ 'Autodesk Translation Framework v15.8.0.0',
/* authorisation */ '');

FILE_SCHEMA (('AUTOMOTIVE_DESIGN { 1 0 10303 214 3 1 1 }'));
ENDSEC;

DATA;
#10=MECHANICAL_DESIGN_GEOMETRIC_PRESENTATION_REPRESENTATION('',(#13),#2694);
#11=SHAPE_REPRESENTATION_RELATIONSHIP('SRR','None',#2701,#12);
#12=ADVANCED_BREP_SHAPE_REPRESENTATION('',(#14),#2693);
#13=STYLED_ITEM('',(#2710),#14);
#14=MANIFOLD_SOLID_BREP('\X2\5B9E4F53\X0\1',#1664);
#15=FACE_BOUND('',#187,.T.);
#16=FACE_BOUND('',#190,.T.);
#17=FACE_BOUND('',#193,.T.);
#18=FACE_BOUND('',#196,.T.);
#19=FACE_BOUND('',#201,.T.);
#20=FACE_BOUND('',#202,.T.);
#21=FACE_BOUND('',#203,.T.);
#22=FACE_BOUND('',#204,.T.);
#23=FACE_BOUND('',#230,.T.);
#24=FACE_BOUND('',#232,.T.);
#25=FACE_BOUND('',#234,.T.);
#26=FACE_BOUND('',#236,.T.);
#27=CIRCLE('',#1688,0.0127000254000498);
#28=CIRCLE('',#1698,0.0127000254000498);
#29=CIRCLE('',#1709,0.0127000254000009);
#30=CIRCLE('',#1719,0.0127000254000498);
#31=CIRCLE('',#1721,2.);
#32=CIRCLE('',#1722,2.);
#33=CIRCLE('',#1724,1.000002540005);
#34=CIRCLE('',#1726,2.);
#35=CIRCLE('',#1727,2.);
#36=CIRCLE('',#1729,1.000002540005);
#37=CIRCLE('',#1731,2.);
#38=CIRCLE('',#1732,2.);
#39=CIRCLE('',#1734,1.000002540005);
#40=CIRCLE('',#1736,2.);
#41=CIRCLE('',#1737,2.);
#42=CIRCLE('',#1739,1.000002540005);
#43=CIRCLE('',#1769,1.000002540005);
#44=CIRCLE('',#1771,1.000002540005);
#45=CIRCLE('',#1773,1.000002540005);
#46=CIRCLE('',#1775,1.000002540005);
#47=CYLINDRICAL_SURFACE('',#1687,0.0127000254000498);
#48=CYLINDRICAL_SURFACE('',#1697,0.0127000254000498);
#49=CYLINDRICAL_SURFACE('',#1708,0.0127000254000009);
#50=CYLINDRICAL_SURFACE('',#1718,0.0127000254000498);
#51=CYLINDRICAL_SURFACE('',#1720,2.);
#52=CYLINDRICAL_SURFACE('',#1725,2.);
#53=CYLINDRICAL_SURFACE('',#1730,2.);
#54=CYLINDRICAL_SURFACE('',#1735,2.);
#55=CYLINDRICAL_SURFACE('',#1776,1.000002540005);
#56=CYLINDRICAL_SURFACE('',#1777,1.000002540005);
#57=CYLINDRICAL_SURFACE('',#1778,1.000002540005);
#58=CYLINDRICAL_SURFACE('',#1779,1.000002540005);
#59=ELLIPSE('',#1681,0.0179605481632332,0.0127000254000498);
#60=ELLIPSE('',#1683,0.0179605481632332,0.0127000254000498);
#61=ELLIPSE('',#1692,0.0179605481632332,0.0127000254000498);
#62=ELLIPSE('',#1704,0.0179605481631641,0.0127000254000009);
#63=ELLIPSE('',#1712,0.0179605481632332,0.0127000254000498);
#64=FACE_OUTER_BOUND('',#152,.T.);
#65=FACE_OUTER_BOUND('',#153,.T.);
#66=FACE_OUTER_BOUND('',#154,.T.);
#67=FACE_OUTER_BOUND('',#155,.T.);
#68=FACE_OUTER_BOUND('',#156,.T.);
#69=FACE_OUTER_BOUND('',#157,.T.);
#70=FACE_OUTER_BOUND('',#158,.T.);
#71=FACE_OUTER_BOUND('',#159,.T.);
#72=FACE_OUTER_BOUND('',#160,.T.);
#73=FACE_OUTER_BOUND('',#161,.T.);
#74=FACE_OUTER_BOUND('',#162,.T.);
#75=FACE_OUTER_BOUND('',#163,.T.);
#76=FACE_OUTER_BOUND('',#164,.T.);
#77=FACE_OUTER_BOUND('',#165,.T.);
#78=FACE_OUTER_BOUND('',#166,.T.);
#79=FACE_OUTER_BOUND('',#167,.T.);
#80=FACE_OUTER_BOUND('',#168,.T.);
#81=FACE_OUTER_BOUND('',#169,.T.);
#82=FACE_OUTER_BOUND('',#170,.T.);
#83=FACE_OUTER_BOUND('',#171,.T.);
#84=FACE_OUTER_BOUND('',#172,.T.);
#85=FACE_OUTER_BOUND('',#173,.T.);
#86=FACE_OUTER_BOUND('',#174,.T.);
#87=FACE_OUTER_BOUND('',#175,.T.);
#88=FACE_OUTER_BOUND('',#176,.T.);
#89=FACE_OUTER_BOUND('',#177,.T.);
#90=FACE_OUTER_BOUND('',#178,.T.);
#91=FACE_OUTER_BOUND('',#179,.T.);
#92=FACE_OUTER_BOUND('',#180,.T.);
#93=FACE_OUTER_BOUND('',#181,.T.);
#94=FACE_OUTER_BOUND('',#182,.T.);
#95=FACE_OUTER_BOUND('',#183,.T.);
#96=FACE_OUTER_BOUND('',#184,.T.);
#97=FACE_OUTER_BOUND('',#185,.T.);
#98=FACE_OUTER_BOUND('',#186,.T.);
#99=FACE_OUTER_BOUND('',#188,.T.);
#100=FACE_OUTER_BOUND('',#189,.T.);
#101=FACE_OUTER_BOUND('',#191,.T.);
#102=FACE_OUTER_BOUND('',#192,.T.);
#103=FACE_OUTER_BOUND('',#194,.T.);
#104=FACE_OUTER_BOUND('',#195,.T.);
#105=FACE_OUTER_BOUND('',#197,.T.);
#106=FACE_OUTER_BOUND('',#198,.T.);
#107=FACE_OUTER_BOUND('',#199,.T.);
#108=FACE_OUTER_BOUND('',#200,.T.);
#109=FACE_OUTER_BOUND('',#205,.T.);
#110=FACE_OUTER_BOUND('',#206,.T.);
#111=FACE_OUTER_BOUND('',#207,.T.);
#112=FACE_OUTER_BOUND('',#208,.T.);
#113=FACE_OUTER_BOUND('',#209,.T.);
#114=FACE_OUTER_BOUND('',#210,.T.);
#115=FACE_OUTER_BOUND('',#211,.T.);
#116=FACE_OUTER_BOUND('',#212,.T.);
#117=FACE_OUTER_BOUND('',#213,.T.);
#118=FACE_OUTER_BOUND('',#214,.T.);
#119=FACE_OUTER_BOUND('',#215,.T.);
#120=FACE_OUTER_BOUND('',#216,.T.);
#121=FACE_OUTER_BOUND('',#217,.T.);
#122=FACE_OUTER_BOUND('',#218,.T.);
#123=FACE_OUTER_BOUND('',#219,.T.);
#124=FACE_OUTER_BOUND('',#220,.T.);
#125=FACE_OUTER_BOUND('',#221,.T.);
#126=FACE_OUTER_BOUND('',#222,.T.);
#127=FACE_OUTER_BOUND('',#223,.T.);
#128=FACE_OUTER_BOUND('',#224,.T.);
#129=FACE_OUTER_BOUND('',#225,.T.);
#130=FACE_OUTER_BOUND('',#226,.T.);
#131=FACE_OUTER_BOUND('',#227,.T.);
#132=FACE_OUTER_BOUND('',#228,.T.);
#133=FACE_OUTER_BOUND('',#229,.T.);
#134=FACE_OUTER_BOUND('',#231,.T.);
#135=FACE_OUTER_BOUND('',#233,.T.);
#136=FACE_OUTER_BOUND('',#235,.T.);
#137=FACE_OUTER_BOUND('',#237,.T.);
#138=FACE_OUTER_BOUND('',#238,.T.);
#139=FACE_OUTER_BOUND('',#239,.T.);
#140=FACE_OUTER_BOUND('',#240,.T.);
#141=FACE_OUTER_BOUND('',#241,.T.);
#142=FACE_OUTER_BOUND('',#242,.T.);
#143=FACE_OUTER_BOUND('',#243,.T.);
#144=FACE_OUTER_BOUND('',#244,.T.);
#145=FACE_OUTER_BOUND('',#245,.T.);
#146=FACE_OUTER_BOUND('',#246,.T.);
#147=FACE_OUTER_BOUND('',#247,.T.);
#148=FACE_OUTER_BOUND('',#248,.T.);
#149=FACE_OUTER_BOUND('',#249,.T.);
#150=FACE_OUTER_BOUND('',#250,.T.);
#151=FACE_OUTER_BOUND('',#251,.T.);
#152=EDGE_LOOP('',(#1040,#1041,#1042,#1043));
#153=EDGE_LOOP('',(#1044,#1045,#1046,#1047));
#154=EDGE_LOOP('',(#1048,#1049,#1050,#1051,#1052,#1053));
#155=EDGE_LOOP('',(#1054,#1055,#1056,#1057,#1058,#1059));
#156=EDGE_LOOP('',(#1060,#1061,#1062,#1063));
#157=EDGE_LOOP('',(#1064,#1065,#1066,#1067));
#158=EDGE_LOOP('',(#1068,#1069,#1070,#1071,#1072));
#159=EDGE_LOOP('',(#1073,#1074,#1075,#1076,#1077));
#160=EDGE_LOOP('',(#1078,#1079,#1080,#1081));
#161=EDGE_LOOP('',(#1082,#1083,#1084,#1085,#1086));
#162=EDGE_LOOP('',(#1087,#1088,#1089,#1090,#1091,#1092,#1093));
#163=EDGE_LOOP('',(#1094,#1095,#1096,#1097));
#164=EDGE_LOOP('',(#1098,#1099,#1100,#1101));
#165=EDGE_LOOP('',(#1102,#1103,#1104,#1105));
#166=EDGE_LOOP('',(#1106,#1107,#1108,#1109,#1110));
#167=EDGE_LOOP('',(#1111,#1112,#1113,#1114));
#168=EDGE_LOOP('',(#1115,#1116,#1117,#1118,#1119,#1120));
#169=EDGE_LOOP('',(#1121,#1122,#1123,#1124,#1125));
#170=EDGE_LOOP('',(#1126,#1127,#1128,#1129));
#171=EDGE_LOOP('',(#1130,#1131,#1132,#1133));
#172=EDGE_LOOP('',(#1134,#1135,#1136,#1137,#1138,#1139,#1140));
#173=EDGE_LOOP('',(#1141,#1142,#1143,#1144));
#174=EDGE_LOOP('',(#1145,#1146,#1147,#1148));
#175=EDGE_LOOP('',(#1149,#1150,#1151,#1152,#1153,#1154));
#176=EDGE_LOOP('',(#1155,#1156,#1157,#1158));
#177=EDGE_LOOP('',(#1159,#1160,#1161,#1162));
#178=EDGE_LOOP('',(#1163,#1164,#1165,#1166,#1167,#1168,#1169));
#179=EDGE_LOOP('',(#1170,#1171,#1172,#1173,#1174));
#180=EDGE_LOOP('',(#1175,#1176,#1177,#1178));
#181=EDGE_LOOP('',(#1179,#1180,#1181,#1182));
#182=EDGE_LOOP('',(#1183,#1184,#1185,#1186));
#183=EDGE_LOOP('',(#1187,#1188,#1189,#1190,#1191,#1192));
#184=EDGE_LOOP('',(#1193,#1194,#1195,#1196));
#185=EDGE_LOOP('',(#1197,#1198,#1199,#1200));
#186=EDGE_LOOP('',(#1201));
#187=EDGE_LOOP('',(#1202));
#188=EDGE_LOOP('',(#1203,#1204,#1205,#1206));
#189=EDGE_LOOP('',(#1207));
#190=EDGE_LOOP('',(#1208));
#191=EDGE_LOOP('',(#1209,#1210,#1211,#1212));
#192=EDGE_LOOP('',(#1213));
#193=EDGE_LOOP('',(#1214));
#194=EDGE_LOOP('',(#1215,#1216,#1217,#1218));
#195=EDGE_LOOP('',(#1219));
#196=EDGE_LOOP('',(#1220));
#197=EDGE_LOOP('',(#1221,#1222,#1223,#1224));
#198=EDGE_LOOP('',(#1225,#1226,#1227,#1228,#1229,#1230,#1231,#1232,#1233,
#1234,#1235,#1236,#1237,#1238,#1239,#1240,#1241,#1242,#1243,#1244,#1245,
#1246,#1247,#1248,#1249,#1250,#1251,#1252,#1253,#1254,#1255,#1256,#1257,
#1258,#1259,#1260));
#199=EDGE_LOOP('',(#1261,#1262,#1263,#1264,#1265,#1266,#1267,#1268));
#200=EDGE_LOOP('',(#1269,#1270,#1271,#1272,#1273,#1274,#1275,#1276,#1277,
#1278,#1279,#1280));
#201=EDGE_LOOP('',(#1281));
#202=EDGE_LOOP('',(#1282));
#203=EDGE_LOOP('',(#1283));
#204=EDGE_LOOP('',(#1284));
#205=EDGE_LOOP('',(#1285,#1286,#1287,#1288));
#206=EDGE_LOOP('',(#1289,#1290,#1291,#1292));
#207=EDGE_LOOP('',(#1293,#1294,#1295,#1296));
#208=EDGE_LOOP('',(#1297,#1298,#1299,#1300));
#209=EDGE_LOOP('',(#1301,#1302,#1303,#1304));
#210=EDGE_LOOP('',(#1305,#1306,#1307,#1308));
#211=EDGE_LOOP('',(#1309,#1310,#1311,#1312));
#212=EDGE_LOOP('',(#1313,#1314,#1315,#1316));
#213=EDGE_LOOP('',(#1317,#1318,#1319,#1320));
#214=EDGE_LOOP('',(#1321,#1322,#1323,#1324));
#215=EDGE_LOOP('',(#1325,#1326,#1327,#1328));
#216=EDGE_LOOP('',(#1329,#1330,#1331,#1332));
#217=EDGE_LOOP('',(#1333,#1334,#1335,#1336));
#218=EDGE_LOOP('',(#1337,#1338,#1339,#1340,#1341));
#219=EDGE_LOOP('',(#1342,#1343,#1344,#1345));
#220=EDGE_LOOP('',(#1346,#1347,#1348,#1349,#1350));
#221=EDGE_LOOP('',(#1351,#1352,#1353,#1354));
#222=EDGE_LOOP('',(#1355,#1356,#1357,#1358,#1359,#1360));
#223=EDGE_LOOP('',(#1361,#1362,#1363,#1364));
#224=EDGE_LOOP('',(#1365,#1366,#1367,#1368,#1369,#1370));
#225=EDGE_LOOP('',(#1371,#1372,#1373,#1374));
#226=EDGE_LOOP('',(#1375,#1376,#1377,#1378,#1379));
#227=EDGE_LOOP('',(#1380,#1381,#1382,#1383));
#228=EDGE_LOOP('',(#1384,#1385,#1386,#1387,#1388,#1389,#1390,#1391,#1392,
#1393,#1394,#1395,#1396,#1397,#1398,#1399,#1400,#1401,#1402,#1403,#1404,
#1405,#1406,#1407,#1408,#1409,#1410,#1411,#1412,#1413,#1414,#1415,#1416,
#1417,#1418,#1419));
#229=EDGE_LOOP('',(#1420,#1421,#1422,#1423));
#230=EDGE_LOOP('',(#1424));
#231=EDGE_LOOP('',(#1425,#1426,#1427,#1428));
#232=EDGE_LOOP('',(#1429));
#233=EDGE_LOOP('',(#1430,#1431,#1432,#1433));
#234=EDGE_LOOP('',(#1434));
#235=EDGE_LOOP('',(#1435,#1436,#1437,#1438));
#236=EDGE_LOOP('',(#1439));
#237=EDGE_LOOP('',(#1440,#1441,#1442,#1443));
#238=EDGE_LOOP('',(#1444,#1445,#1446,#1447));
#239=EDGE_LOOP('',(#1448,#1449,#1450,#1451));
#240=EDGE_LOOP('',(#1452,#1453,#1454,#1455));
#241=EDGE_LOOP('',(#1456,#1457,#1458,#1459));
#242=EDGE_LOOP('',(#1460,#1461,#1462,#1463));
#243=EDGE_LOOP('',(#1464,#1465,#1466,#1467));
#244=EDGE_LOOP('',(#1468,#1469,#1470,#1471));
#245=EDGE_LOOP('',(#1472,#1473,#1474,#1475));
#246=EDGE_LOOP('',(#1476,#1477,#1478,#1479));
#247=EDGE_LOOP('',(#1480,#1481,#1482,#1483));
#248=EDGE_LOOP('',(#1484,#1485,#1486,#1487));
#249=EDGE_LOOP('',(#1488,#1489,#1490,#1491));
#250=EDGE_LOOP('',(#1492,#1493,#1494,#1495));
#251=EDGE_LOOP('',(#1496,#1497,#1498,#1499));
#252=LINE('',#2228,#457);
#253=LINE('',#2230,#458);
#254=LINE('',#2232,#459);
#255=LINE('',#2233,#460);
#256=LINE('',#2236,#461);
#257=LINE('',#2238,#462);
#258=LINE('',#2239,#463);
#259=LINE('',#2245,#464);
#260=LINE('',#2246,#465);
#261=LINE('',#2248,#466);
#262=LINE('',#2249,#467);
#263=LINE('',#2251,#468);
#264=LINE('',#2255,#469);
#265=LINE('',#2256,#470);
#266=LINE('',#2259,#471);
#267=LINE('',#2261,#472);
#268=LINE('',#2262,#473);
#269=LINE('',#2265,#474);
#270=LINE('',#2266,#475);
#271=LINE('',#2269,#476);
#272=LINE('',#2271,#477);
#273=LINE('',#2273,#478);
#274=LINE('',#2274,#479);
#275=LINE('',#2277,#480);
#276=LINE('',#2282,#481);
#277=LINE('',#2284,#482);
#278=LINE('',#2286,#483);
#279=LINE('',#2287,#484);
#280=LINE('',#2291,#485);
#281=LINE('',#2293,#486);
#282=LINE('',#2294,#487);
#283=LINE('',#2295,#488);
#284=LINE('',#2298,#489);
#285=LINE('',#2300,#490);
#286=LINE('',#2304,#491);
#287=LINE('',#2306,#492);
#288=LINE('',#2307,#493);
#289=LINE('',#2309,#494);
#290=LINE('',#2310,#495);
#291=LINE('',#2313,#496);
#292=LINE('',#2315,#497);
#293=LINE('',#2316,#498);
#294=LINE('',#2319,#499);
#295=LINE('',#2320,#500);
#296=LINE('',#2323,#501);
#297=LINE('',#2325,#502);
#298=LINE('',#2327,#503);
#299=LINE('',#2328,#504);
#300=LINE('',#2331,#505);
#301=LINE('',#2335,#506);
#302=LINE('',#2337,#507);
#303=LINE('',#2338,#508);
#304=LINE('',#2342,#509);
#305=LINE('',#2344,#510);
#306=LINE('',#2346,#511);
#307=LINE('',#2348,#512);
#308=LINE('',#2349,#513);
#309=LINE('',#2352,#514);
#310=LINE('',#2354,#515);
#311=LINE('',#2355,#516);
#312=LINE('',#2358,#517);
#313=LINE('',#2360,#518);
#314=LINE('',#2361,#519);
#315=LINE('',#2364,#520);
#316=LINE('',#2365,#521);
#317=LINE('',#2367,#522);
#318=LINE('',#2369,#523);
#319=LINE('',#2373,#524);
#320=LINE('',#2375,#525);
#321=LINE('',#2376,#526);
#322=LINE('',#2379,#527);
#323=LINE('',#2380,#528);
#324=LINE('',#2383,#529);
#325=LINE('',#2385,#530);
#326=LINE('',#2387,#531);
#327=LINE('',#2388,#532);
#328=LINE('',#2391,#533);
#329=LINE('',#2396,#534);
#330=LINE('',#2398,#535);
#331=LINE('',#2400,#536);
#332=LINE('',#2401,#537);
#333=LINE('',#2405,#538);
#334=LINE('',#2407,#539);
#335=LINE('',#2408,#540);
#336=LINE('',#2410,#541);
#337=LINE('',#2412,#542);
#338=LINE('',#2416,#543);
#339=LINE('',#2418,#544);
#340=LINE('',#2420,#545);
#341=LINE('',#2421,#546);
#342=LINE('',#2423,#547);
#343=LINE('',#2424,#548);
#344=LINE('',#2427,#549);
#345=LINE('',#2429,#550);
#346=LINE('',#2430,#551);
#347=LINE('',#2433,#552);
#348=LINE('',#2434,#553);
#349=LINE('',#2437,#554);
#350=LINE('',#2439,#555);
#351=LINE('',#2441,#556);
#352=LINE('',#2442,#557);
#353=LINE('',#2445,#558);
#354=LINE('',#2451,#559);
#355=LINE('',#2460,#560);
#356=LINE('',#2469,#561);
#357=LINE('',#2478,#562);
#358=LINE('',#2486,#563);
#359=LINE('',#2488,#564);
#360=LINE('',#2490,#565);
#361=LINE('',#2491,#566);
#362=LINE('',#2495,#567);
#363=LINE('',#2497,#568);
#364=LINE('',#2499,#569);
#365=LINE('',#2501,#570);
#366=LINE('',#2503,#571);
#367=LINE('',#2505,#572);
#368=LINE('',#2507,#573);
#369=LINE('',#2509,#574);
#370=LINE('',#2511,#575);
#371=LINE('',#2513,#576);
#372=LINE('',#2515,#577);
#373=LINE('',#2517,#578);
#374=LINE('',#2519,#579);
#375=LINE('',#2521,#580);
#376=LINE('',#2523,#581);
#377=LINE('',#2524,#582);
#378=LINE('',#2526,#583);
#379=LINE('',#2527,#584);
#380=LINE('',#2529,#585);
#381=LINE('',#2531,#586);
#382=LINE('',#2533,#587);
#383=LINE('',#2535,#588);
#384=LINE('',#2537,#589);
#385=LINE('',#2538,#590);
#386=LINE('',#2539,#591);
#387=LINE('',#2541,#592);
#388=LINE('',#2542,#593);
#389=LINE('',#2544,#594);
#390=LINE('',#2545,#595);
#391=LINE('',#2547,#596);
#392=LINE('',#2549,#597);
#393=LINE('',#2550,#598);
#394=LINE('',#2554,#599);
#395=LINE('',#2556,#600);
#396=LINE('',#2558,#601);
#397=LINE('',#2560,#602);
#398=LINE('',#2562,#603);
#399=LINE('',#2564,#604);
#400=LINE('',#2566,#605);
#401=LINE('',#2568,#606);
#402=LINE('',#2569,#607);
#403=LINE('',#2571,#608);
#404=LINE('',#2572,#609);
#405=LINE('',#2575,#610);
#406=LINE('',#2576,#611);
#407=LINE('',#2578,#612);
#408=LINE('',#2581,#613);
#409=LINE('',#2582,#614);
#410=LINE('',#2584,#615);
#411=LINE('',#2587,#616);
#412=LINE('',#2588,#617);
#413=LINE('',#2590,#618);
#414=LINE('',#2593,#619);
#415=LINE('',#2594,#620);
#416=LINE('',#2596,#621);
#417=LINE('',#2599,#622);
#418=LINE('',#2600,#623);
#419=LINE('',#2603,#624);
#420=LINE('',#2604,#625);
#421=LINE('',#2607,#626);
#422=LINE('',#2608,#627);
#423=LINE('',#2611,#628);
#424=LINE('',#2612,#629);
#425=LINE('',#2615,#630);
#426=LINE('',#2616,#631);
#427=LINE('',#2618,#632);
#428=LINE('',#2621,#633);
#429=LINE('',#2622,#634);
#430=LINE('',#2624,#635);
#431=LINE('',#2627,#636);
#432=LINE('',#2628,#637);
#433=LINE('',#2631,#638);
#434=LINE('',#2632,#639);
#435=LINE('',#2635,#640);
#436=LINE('',#2636,#641);
#437=LINE('',#2639,#642);
#438=LINE('',#2640,#643);
#439=LINE('',#2643,#644);
#440=LINE('',#2644,#645);
#441=LINE('',#2646,#646);
#442=LINE('',#2648,#647);
#443=LINE('',#2663,#648);
#444=LINE('',#2665,#649);
#445=LINE('',#2667,#650);
#446=LINE('',#2669,#651);
#447=LINE('',#2671,#652);
#448=LINE('',#2672,#653);
#449=LINE('',#2675,#654);
#450=LINE('',#2677,#655);
#451=LINE('',#2679,#656);
#452=LINE('',#2681,#657);
#453=LINE('',#2683,#658);
#454=LINE('',#2685,#659);
#455=LINE('',#2687,#660);
#456=LINE('',#2689,#661);
#457=VECTOR('',#1795,10.);
#458=VECTOR('',#1796,10.);
#459=VECTOR('',#1797,10.);
#460=VECTOR('',#1798,10.);
#461=VECTOR('',#1801,10.);
#462=VECTOR('',#1802,10.);
#463=VECTOR('',#1803,10.);
#464=VECTOR('',#1808,10.);
#465=VECTOR('',#1809,10.);
#466=VECTOR('',#1810,10.);
#467=VECTOR('',#1811,10.);
#468=VECTOR('',#1814,10.);
#469=VECTOR('',#1817,10.);
#470=VECTOR('',#1818,10.);
#471=VECTOR('',#1821,10.);
#472=VECTOR('',#1822,10.);
#473=VECTOR('',#1823,10.);
#474=VECTOR('',#1826,10.);
#475=VECTOR('',#1827,10.);
#476=VECTOR('',#1830,10.);
#477=VECTOR('',#1831,10.);
#478=VECTOR('',#1832,10.);
#479=VECTOR('',#1833,10.);
#480=VECTOR('',#1836,10.);
#481=VECTOR('',#1841,10.);
#482=VECTOR('',#1842,10.);
#483=VECTOR('',#1843,10.);
#484=VECTOR('',#1844,10.);
#485=VECTOR('',#1847,10.);
#486=VECTOR('',#1848,10.);
#487=VECTOR('',#1849,10.);
#488=VECTOR('',#1850,10.);
#489=VECTOR('',#1853,10.);
#490=VECTOR('',#1854,10.);
#491=VECTOR('',#1857,10.);
#492=VECTOR('',#1858,10.);
#493=VECTOR('',#1859,10.);
#494=VECTOR('',#1862,10.);
#495=VECTOR('',#1863,10.);
#496=VECTOR('',#1866,10.);
#497=VECTOR('',#1867,10.);
#498=VECTOR('',#1868,10.);
#499=VECTOR('',#1871,10.);
#500=VECTOR('',#1872,10.);
#501=VECTOR('',#1875,10.);
#502=VECTOR('',#1876,10.);
#503=VECTOR('',#1877,10.);
#504=VECTOR('',#1878,10.);
#505=VECTOR('',#1881,10.);
#506=VECTOR('',#1886,10.);
#507=VECTOR('',#1887,10.);
#508=VECTOR('',#1888,10.);
#509=VECTOR('',#1891,10.);
#510=VECTOR('',#1892,10.);
#511=VECTOR('',#1893,10.);
#512=VECTOR('',#1894,10.);
#513=VECTOR('',#1895,10.);
#514=VECTOR('',#1898,10.);
#515=VECTOR('',#1899,10.);
#516=VECTOR('',#1900,10.);
#517=VECTOR('',#1903,10.);
#518=VECTOR('',#1904,10.);
#519=VECTOR('',#1905,10.);
#520=VECTOR('',#1908,10.);
#521=VECTOR('',#1909,10.);
#522=VECTOR('',#1910,10.);
#523=VECTOR('',#1911,10.);
#524=VECTOR('',#1916,10.);
#525=VECTOR('',#1917,10.);
#526=VECTOR('',#1918,10.);
#527=VECTOR('',#1921,10.);
#528=VECTOR('',#1922,10.);
#529=VECTOR('',#1925,10.);
#530=VECTOR('',#1926,10.);
#531=VECTOR('',#1927,10.);
#532=VECTOR('',#1928,10.);
#533=VECTOR('',#1931,10.);
#534=VECTOR('',#1936,10.);
#535=VECTOR('',#1937,10.);
#536=VECTOR('',#1938,10.);
#537=VECTOR('',#1939,10.);
#538=VECTOR('',#1942,10.);
#539=VECTOR('',#1943,10.);
#540=VECTOR('',#1944,10.);
#541=VECTOR('',#1945,10.);
#542=VECTOR('',#1946,10.);
#543=VECTOR('',#1951,10.);
#544=VECTOR('',#1952,10.);
#545=VECTOR('',#1953,10.);
#546=VECTOR('',#1954,10.);
#547=VECTOR('',#1957,10.);
#548=VECTOR('',#1958,10.);
#549=VECTOR('',#1961,10.);
#550=VECTOR('',#1962,10.);
#551=VECTOR('',#1963,10.);
#552=VECTOR('',#1966,10.);
#553=VECTOR('',#1967,10.);
#554=VECTOR('',#1970,10.);
#555=VECTOR('',#1971,10.);
#556=VECTOR('',#1972,10.);
#557=VECTOR('',#1973,10.);
#558=VECTOR('',#1976,10.);
#559=VECTOR('',#1983,2.);
#560=VECTOR('',#1994,2.);
#561=VECTOR('',#2005,2.);
#562=VECTOR('',#2016,2.);
#563=VECTOR('',#2025,10.);
#564=VECTOR('',#2026,10.);
#565=VECTOR('',#2027,10.);
#566=VECTOR('',#2028,10.);
#567=VECTOR('',#2031,10.);
#568=VECTOR('',#2032,10.);
#569=VECTOR('',#2033,10.);
#570=VECTOR('',#2034,10.);
#571=VECTOR('',#2035,10.);
#572=VECTOR('',#2036,10.);
#573=VECTOR('',#2037,10.);
#574=VECTOR('',#2038,10.);
#575=VECTOR('',#2039,10.);
#576=VECTOR('',#2040,10.);
#577=VECTOR('',#2041,10.);
#578=VECTOR('',#2042,10.);
#579=VECTOR('',#2043,10.);
#580=VECTOR('',#2044,10.);
#581=VECTOR('',#2045,10.);
#582=VECTOR('',#2046,10.);
#583=VECTOR('',#2047,10.);
#584=VECTOR('',#2048,10.);
#585=VECTOR('',#2049,10.);
#586=VECTOR('',#2050,10.);
#587=VECTOR('',#2051,10.);
#588=VECTOR('',#2052,10.);
#589=VECTOR('',#2053,10.);
#590=VECTOR('',#2054,10.);
#591=VECTOR('',#2055,10.);
#592=VECTOR('',#2056,10.);
#593=VECTOR('',#2057,10.);
#594=VECTOR('',#2060,10.);
#595=VECTOR('',#2061,10.);
#596=VECTOR('',#2062,10.);
#597=VECTOR('',#2063,10.);
#598=VECTOR('',#2064,10.);
#599=VECTOR('',#2067,10.);
#600=VECTOR('',#2068,10.);
#601=VECTOR('',#2069,10.);
#602=VECTOR('',#2070,10.);
#603=VECTOR('',#2071,10.);
#604=VECTOR('',#2072,10.);
#605=VECTOR('',#2073,10.);
#606=VECTOR('',#2074,10.);
#607=VECTOR('',#2075,10.);
#608=VECTOR('',#2076,10.);
#609=VECTOR('',#2077,10.);
#610=VECTOR('',#2080,10.);
#611=VECTOR('',#2081,10.);
#612=VECTOR('',#2084,10.);
#613=VECTOR('',#2087,10.);
#614=VECTOR('',#2088,10.);
#615=VECTOR('',#2091,10.);
#616=VECTOR('',#2094,10.);
#617=VECTOR('',#2095,10.);
#618=VECTOR('',#2098,10.);
#619=VECTOR('',#2101,10.);
#620=VECTOR('',#2102,10.);
#621=VECTOR('',#2105,10.);
#622=VECTOR('',#2108,10.);
#623=VECTOR('',#2109,10.);
#624=VECTOR('',#2112,10.);
#625=VECTOR('',#2113,10.);
#626=VECTOR('',#2116,10.);
#627=VECTOR('',#2117,10.);
#628=VECTOR('',#2120,10.);
#629=VECTOR('',#2121,10.);
#630=VECTOR('',#2124,10.);
#631=VECTOR('',#2125,10.);
#632=VECTOR('',#2128,10.);
#633=VECTOR('',#2131,10.);
#634=VECTOR('',#2132,10.);
#635=VECTOR('',#2135,10.);
#636=VECTOR('',#2138,10.);
#637=VECTOR('',#2139,10.);
#638=VECTOR('',#2142,10.);
#639=VECTOR('',#2143,10.);
#640=VECTOR('',#2146,10.);
#641=VECTOR('',#2147,10.);
#642=VECTOR('',#2150,10.);
#643=VECTOR('',#2151,10.);
#644=VECTOR('',#2154,10.);
#645=VECTOR('',#2155,10.);
#646=VECTOR('',#2158,10.);
#647=VECTOR('',#2161,10.);
#648=VECTOR('',#2182,1.000002540005);
#649=VECTOR('',#2185,1.000002540005);
#650=VECTOR('',#2188,1.000002540005);
#651=VECTOR('',#2191,1.000002540005);
#652=VECTOR('',#2194,10.);
#653=VECTOR('',#2195,10.);
#654=VECTOR('',#2200,10.);
#655=VECTOR('',#2203,10.);
#656=VECTOR('',#2206,10.);
#657=VECTOR('',#2209,10.);
#658=VECTOR('',#2212,10.);
#659=VECTOR('',#2215,10.);
#660=VECTOR('',#2218,10.);
#661=VECTOR('',#2221,10.);
#662=VERTEX_POINT('',#2226);
#663=VERTEX_POINT('',#2227);
#664=VERTEX_POINT('',#2229);
#665=VERTEX_POINT('',#2231);
#666=VERTEX_POINT('',#2235);
#667=VERTEX_POINT('',#2237);
#668=VERTEX_POINT('',#2241);
#669=VERTEX_POINT('',#2242);
#670=VERTEX_POINT('',#2244);
#671=VERTEX_POINT('',#2247);
#672=VERTEX_POINT('',#2252);
#673=VERTEX_POINT('',#2254);
#674=VERTEX_POINT('',#2258);
#675=VERTEX_POINT('',#2260);
#676=VERTEX_POINT('',#2264);
#677=VERTEX_POINT('',#2268);
#678=VERTEX_POINT('',#2270);
#679=VERTEX_POINT('',#2272);
#680=VERTEX_POINT('',#2276);
#681=VERTEX_POINT('',#2280);
#682=VERTEX_POINT('',#2281);
#683=VERTEX_POINT('',#2283);
#684=VERTEX_POINT('',#2285);
#685=VERTEX_POINT('',#2289);
#686=VERTEX_POINT('',#2290);
#687=VERTEX_POINT('',#2292);
#688=VERTEX_POINT('',#2297);
#689=VERTEX_POINT('',#2299);
#690=VERTEX_POINT('',#2301);
#691=VERTEX_POINT('',#2303);
#692=VERTEX_POINT('',#2305);
#693=VERTEX_POINT('',#2312);
#694=VERTEX_POINT('',#2314);
#695=VERTEX_POINT('',#2318);
#696=VERTEX_POINT('',#2322);
#697=VERTEX_POINT('',#2324);
#698=VERTEX_POINT('',#2326);
#699=VERTEX_POINT('',#2330);
#700=VERTEX_POINT('',#2334);
#701=VERTEX_POINT('',#2336);
#702=VERTEX_POINT('',#2340);
#703=VERTEX_POINT('',#2341);
#704=VERTEX_POINT('',#2343);
#705=VERTEX_POINT('',#2345);
#706=VERTEX_POINT('',#2347);
#707=VERTEX_POINT('',#2351);
#708=VERTEX_POINT('',#2353);
#709=VERTEX_POINT('',#2357);
#710=VERTEX_POINT('',#2359);
#711=VERTEX_POINT('',#2363);
#712=VERTEX_POINT('',#2366);
#713=VERTEX_POINT('',#2368);
#714=VERTEX_POINT('',#2372);
#715=VERTEX_POINT('',#2374);
#716=VERTEX_POINT('',#2378);
#717=VERTEX_POINT('',#2382);
#718=VERTEX_POINT('',#2384);
#719=VERTEX_POINT('',#2386);
#720=VERTEX_POINT('',#2390);
#721=VERTEX_POINT('',#2394);
#722=VERTEX_POINT('',#2395);
#723=VERTEX_POINT('',#2397);
#724=VERTEX_POINT('',#2399);
#725=VERTEX_POINT('',#2403);
#726=VERTEX_POINT('',#2404);
#727=VERTEX_POINT('',#2406);
#728=VERTEX_POINT('',#2409);
#729=VERTEX_POINT('',#2411);
#730=VERTEX_POINT('',#2415);
#731=VERTEX_POINT('',#2417);
#732=VERTEX_POINT('',#2419);
#733=VERTEX_POINT('',#2426);
#734=VERTEX_POINT('',#2428);
#735=VERTEX_POINT('',#2432);
#736=VERTEX_POINT('',#2436);
#737=VERTEX_POINT('',#2438);
#738=VERTEX_POINT('',#2440);
#739=VERTEX_POINT('',#2444);
#740=VERTEX_POINT('',#2448);
#741=VERTEX_POINT('',#2450);
#742=VERTEX_POINT('',#2454);
#743=VERTEX_POINT('',#2457);
#744=VERTEX_POINT('',#2459);
#745=VERTEX_POINT('',#2463);
#746=VERTEX_POINT('',#2466);
#747=VERTEX_POINT('',#2468);
#748=VERTEX_POINT('',#2472);
#749=VERTEX_POINT('',#2475);
#750=VERTEX_POINT('',#2477);
#751=VERTEX_POINT('',#2481);
#752=VERTEX_POINT('',#2484);
#753=VERTEX_POINT('',#2485);
#754=VERTEX_POINT('',#2487);
#755=VERTEX_POINT('',#2489);
#756=VERTEX_POINT('',#2493);
#757=VERTEX_POINT('',#2494);
#758=VERTEX_POINT('',#2496);
#759=VERTEX_POINT('',#2498);
#760=VERTEX_POINT('',#2500);
#761=VERTEX_POINT('',#2502);
#762=VERTEX_POINT('',#2504);
#763=VERTEX_POINT('',#2506);
#764=VERTEX_POINT('',#2508);
#765=VERTEX_POINT('',#2510);
#766=VERTEX_POINT('',#2512);
#767=VERTEX_POINT('',#2514);
#768=VERTEX_POINT('',#2516);
#769=VERTEX_POINT('',#2518);
#770=VERTEX_POINT('',#2520);
#771=VERTEX_POINT('',#2522);
#772=VERTEX_POINT('',#2525);
#773=VERTEX_POINT('',#2528);
#774=VERTEX_POINT('',#2530);
#775=VERTEX_POINT('',#2532);
#776=VERTEX_POINT('',#2534);
#777=VERTEX_POINT('',#2536);
#778=VERTEX_POINT('',#2540);
#779=VERTEX_POINT('',#2546);
#780=VERTEX_POINT('',#2548);
#781=VERTEX_POINT('',#2552);
#782=VERTEX_POINT('',#2553);
#783=VERTEX_POINT('',#2555);
#784=VERTEX_POINT('',#2557);
#785=VERTEX_POINT('',#2559);
#786=VERTEX_POINT('',#2561);
#787=VERTEX_POINT('',#2563);
#788=VERTEX_POINT('',#2565);
#789=VERTEX_POINT('',#2567);
#790=VERTEX_POINT('',#2570);
#791=VERTEX_POINT('',#2574);
#792=VERTEX_POINT('',#2580);
#793=VERTEX_POINT('',#2586);
#794=VERTEX_POINT('',#2592);
#795=VERTEX_POINT('',#2598);
#796=VERTEX_POINT('',#2602);
#797=VERTEX_POINT('',#2606);
#798=VERTEX_POINT('',#2610);
#799=VERTEX_POINT('',#2614);
#800=VERTEX_POINT('',#2620);
#801=VERTEX_POINT('',#2626);
#802=VERTEX_POINT('',#2630);
#803=VERTEX_POINT('',#2634);
#804=VERTEX_POINT('',#2638);
#805=VERTEX_POINT('',#2642);
#806=VERTEX_POINT('',#2651);
#807=VERTEX_POINT('',#2654);
#808=VERTEX_POINT('',#2657);
#809=VERTEX_POINT('',#2660);
#810=EDGE_CURVE('',#662,#663,#252,.T.);
#811=EDGE_CURVE('',#663,#664,#253,.T.);
#812=EDGE_CURVE('',#664,#665,#254,.T.);
#813=EDGE_CURVE('',#662,#665,#255,.T.);
#814=EDGE_CURVE('',#666,#664,#256,.T.);
#815=EDGE_CURVE('',#663,#667,#257,.T.);
#816=EDGE_CURVE('',#667,#666,#258,.T.);
#817=EDGE_CURVE('',#668,#669,#59,.T.);
#818=EDGE_CURVE('',#668,#670,#259,.T.);
#819=EDGE_CURVE('',#670,#666,#260,.T.);
#820=EDGE_CURVE('',#667,#671,#261,.T.);
#821=EDGE_CURVE('',#669,#671,#262,.T.);
#822=EDGE_CURVE('',#665,#670,#263,.T.);
#823=EDGE_CURVE('',#672,#668,#60,.T.);
#824=EDGE_CURVE('',#673,#672,#264,.T.);
#825=EDGE_CURVE('',#673,#662,#265,.T.);
#826=EDGE_CURVE('',#674,#665,#266,.T.);
#827=EDGE_CURVE('',#675,#674,#267,.T.);
#828=EDGE_CURVE('',#675,#670,#268,.T.);
#829=EDGE_CURVE('',#676,#664,#269,.T.);
#830=EDGE_CURVE('',#674,#676,#270,.T.);
#831=EDGE_CURVE('',#677,#672,#271,.T.);
#832=EDGE_CURVE('',#678,#677,#272,.T.);
#833=EDGE_CURVE('',#678,#679,#273,.T.);
#834=EDGE_CURVE('',#679,#673,#274,.T.);
#835=EDGE_CURVE('',#680,#669,#275,.T.);
#836=EDGE_CURVE('',#677,#680,#27,.T.);
#837=EDGE_CURVE('',#681,#682,#276,.T.);
#838=EDGE_CURVE('',#682,#683,#277,.T.);
#839=EDGE_CURVE('',#683,#684,#278,.T.);
#840=EDGE_CURVE('',#681,#684,#279,.T.);
#841=EDGE_CURVE('',#685,#686,#280,.T.);
#842=EDGE_CURVE('',#685,#687,#281,.T.);
#843=EDGE_CURVE('',#687,#683,#282,.T.);
#844=EDGE_CURVE('',#682,#686,#283,.T.);
#845=EDGE_CURVE('',#688,#687,#284,.T.);
#846=EDGE_CURVE('',#689,#685,#285,.T.);
#847=EDGE_CURVE('',#690,#689,#61,.T.);
#848=EDGE_CURVE('',#691,#690,#286,.T.);
#849=EDGE_CURVE('',#691,#692,#287,.T.);
#850=EDGE_CURVE('',#692,#688,#288,.T.);
#851=EDGE_CURVE('',#684,#688,#289,.T.);
#852=EDGE_CURVE('',#692,#681,#290,.T.);
#853=EDGE_CURVE('',#693,#684,#291,.T.);
#854=EDGE_CURVE('',#694,#693,#292,.T.);
#855=EDGE_CURVE('',#694,#688,#293,.T.);
#856=EDGE_CURVE('',#695,#683,#294,.T.);
#857=EDGE_CURVE('',#693,#695,#295,.T.);
#858=EDGE_CURVE('',#696,#690,#296,.T.);
#859=EDGE_CURVE('',#697,#696,#297,.T.);
#860=EDGE_CURVE('',#697,#698,#298,.T.);
#861=EDGE_CURVE('',#698,#691,#299,.T.);
#862=EDGE_CURVE('',#699,#689,#300,.T.);
#863=EDGE_CURVE('',#696,#699,#28,.T.);
#864=EDGE_CURVE('',#686,#700,#301,.T.);
#865=EDGE_CURVE('',#701,#700,#302,.T.);
#866=EDGE_CURVE('',#699,#701,#303,.T.);
#867=EDGE_CURVE('',#702,#703,#304,.T.);
#868=EDGE_CURVE('',#702,#704,#305,.T.);
#869=EDGE_CURVE('',#704,#705,#306,.T.);
#870=EDGE_CURVE('',#705,#706,#307,.T.);
#871=EDGE_CURVE('',#703,#706,#308,.T.);
#872=EDGE_CURVE('',#707,#705,#309,.T.);
#873=EDGE_CURVE('',#704,#708,#310,.T.);
#874=EDGE_CURVE('',#708,#707,#311,.T.);
#875=EDGE_CURVE('',#709,#707,#312,.T.);
#876=EDGE_CURVE('',#708,#710,#313,.T.);
#877=EDGE_CURVE('',#710,#709,#314,.T.);
#878=EDGE_CURVE('',#703,#711,#315,.T.);
#879=EDGE_CURVE('',#706,#709,#316,.T.);
#880=EDGE_CURVE('',#710,#712,#317,.T.);
#881=EDGE_CURVE('',#713,#712,#318,.T.);
#882=EDGE_CURVE('',#711,#713,#62,.T.);
#883=EDGE_CURVE('',#714,#706,#319,.T.);
#884=EDGE_CURVE('',#715,#714,#320,.T.);
#885=EDGE_CURVE('',#715,#709,#321,.T.);
#886=EDGE_CURVE('',#716,#705,#322,.T.);
#887=EDGE_CURVE('',#714,#716,#323,.T.);
#888=EDGE_CURVE('',#717,#711,#324,.T.);
#889=EDGE_CURVE('',#718,#717,#325,.T.);
#890=EDGE_CURVE('',#718,#719,#326,.T.);
#891=EDGE_CURVE('',#719,#702,#327,.T.);
#892=EDGE_CURVE('',#720,#713,#328,.T.);
#893=EDGE_CURVE('',#717,#720,#29,.T.);
#894=EDGE_CURVE('',#721,#722,#329,.T.);
#895=EDGE_CURVE('',#722,#723,#330,.T.);
#896=EDGE_CURVE('',#723,#724,#331,.T.);
#897=EDGE_CURVE('',#721,#724,#332,.T.);
#898=EDGE_CURVE('',#725,#726,#333,.T.);
#899=EDGE_CURVE('',#725,#727,#334,.T.);
#900=EDGE_CURVE('',#727,#723,#335,.T.);
#901=EDGE_CURVE('',#722,#728,#336,.T.);
#902=EDGE_CURVE('',#729,#728,#337,.T.);
#903=EDGE_CURVE('',#726,#729,#63,.T.);
#904=EDGE_CURVE('',#730,#727,#338,.T.);
#905=EDGE_CURVE('',#731,#725,#339,.T.);
#906=EDGE_CURVE('',#731,#732,#340,.T.);
#907=EDGE_CURVE('',#732,#730,#341,.T.);
#908=EDGE_CURVE('',#724,#730,#342,.T.);
#909=EDGE_CURVE('',#732,#721,#343,.T.);
#910=EDGE_CURVE('',#733,#724,#344,.T.);
#911=EDGE_CURVE('',#734,#733,#345,.T.);
#912=EDGE_CURVE('',#734,#730,#346,.T.);
#913=EDGE_CURVE('',#735,#723,#347,.T.);
#914=EDGE_CURVE('',#733,#735,#348,.T.);
#915=EDGE_CURVE('',#736,#726,#349,.T.);
#916=EDGE_CURVE('',#737,#736,#350,.T.);
#917=EDGE_CURVE('',#737,#738,#351,.T.);
#918=EDGE_CURVE('',#738,#731,#352,.T.);
#919=EDGE_CURVE('',#739,#729,#353,.T.);
#920=EDGE_CURVE('',#736,#739,#30,.T.);
#921=EDGE_CURVE('',#740,#740,#31,.T.);
#922=EDGE_CURVE('',#740,#741,#354,.T.);
#923=EDGE_CURVE('',#741,#741,#32,.T.);
#924=EDGE_CURVE('',#742,#742,#33,.T.);
#925=EDGE_CURVE('',#743,#743,#34,.T.);
#926=EDGE_CURVE('',#743,#744,#355,.T.);
#927=EDGE_CURVE('',#744,#744,#35,.T.);
#928=EDGE_CURVE('',#745,#745,#36,.T.);
#929=EDGE_CURVE('',#746,#746,#37,.T.);
#930=EDGE_CURVE('',#746,#747,#356,.T.);
#931=EDGE_CURVE('',#747,#747,#38,.T.);
#932=EDGE_CURVE('',#748,#748,#39,.T.);
#933=EDGE_CURVE('',#749,#749,#40,.T.);
#934=EDGE_CURVE('',#749,#750,#357,.T.);
#935=EDGE_CURVE('',#750,#750,#41,.T.);
#936=EDGE_CURVE('',#751,#751,#42,.T.);
#937=EDGE_CURVE('',#752,#753,#358,.T.);
#938=EDGE_CURVE('',#754,#752,#359,.T.);
#939=EDGE_CURVE('',#755,#754,#360,.T.);
#940=EDGE_CURVE('',#753,#755,#361,.T.);
#941=EDGE_CURVE('',#756,#757,#362,.T.);
#942=EDGE_CURVE('',#758,#757,#363,.T.);
#943=EDGE_CURVE('',#759,#758,#364,.T.);
#944=EDGE_CURVE('',#760,#759,#365,.T.);
#945=EDGE_CURVE('',#761,#760,#366,.T.);
#946=EDGE_CURVE('',#762,#761,#367,.T.);
#947=EDGE_CURVE('',#763,#762,#368,.T.);
#948=EDGE_CURVE('',#764,#763,#369,.T.);
#949=EDGE_CURVE('',#765,#764,#370,.T.);
#950=EDGE_CURVE('',#766,#765,#371,.T.);
#951=EDGE_CURVE('',#767,#766,#372,.T.);
#952=EDGE_CURVE('',#768,#767,#373,.T.);
#953=EDGE_CURVE('',#769,#768,#374,.T.);
#954=EDGE_CURVE('',#770,#769,#375,.T.);
#955=EDGE_CURVE('',#770,#771,#376,.T.);
#956=EDGE_CURVE('',#771,#737,#377,.T.);
#957=EDGE_CURVE('',#739,#772,#378,.T.);
#958=EDGE_CURVE('',#772,#678,#379,.T.);
#959=EDGE_CURVE('',#680,#773,#380,.T.);
#960=EDGE_CURVE('',#773,#774,#381,.T.);
#961=EDGE_CURVE('',#774,#775,#382,.T.);
#962=EDGE_CURVE('',#775,#776,#383,.T.);
#963=EDGE_CURVE('',#776,#777,#384,.T.);
#964=EDGE_CURVE('',#777,#697,#385,.T.);
#965=EDGE_CURVE('',#701,#718,#386,.T.);
#966=EDGE_CURVE('',#720,#778,#387,.T.);
#967=EDGE_CURVE('',#778,#756,#388,.T.);
#968=EDGE_CURVE('',#757,#752,#389,.T.);
#969=EDGE_CURVE('',#753,#770,#390,.T.);
#970=EDGE_CURVE('',#769,#779,#391,.T.);
#971=EDGE_CURVE('',#780,#779,#392,.T.);
#972=EDGE_CURVE('',#758,#780,#393,.T.);
#973=EDGE_CURVE('',#781,#782,#394,.T.);
#974=EDGE_CURVE('',#782,#783,#395,.T.);
#975=EDGE_CURVE('',#783,#784,#396,.T.);
#976=EDGE_CURVE('',#784,#785,#397,.T.);
#977=EDGE_CURVE('',#785,#786,#398,.T.);
#978=EDGE_CURVE('',#786,#787,#399,.T.);
#979=EDGE_CURVE('',#787,#788,#400,.T.);
#980=EDGE_CURVE('',#788,#789,#401,.T.);
#981=EDGE_CURVE('',#789,#780,#402,.T.);
#982=EDGE_CURVE('',#779,#790,#403,.T.);
#983=EDGE_CURVE('',#790,#781,#404,.T.);
#984=EDGE_CURVE('',#791,#694,#405,.T.);
#985=EDGE_CURVE('',#791,#687,#406,.T.);
#986=EDGE_CURVE('',#695,#791,#407,.T.);
#987=EDGE_CURVE('',#792,#675,#408,.T.);
#988=EDGE_CURVE('',#792,#666,#409,.T.);
#989=EDGE_CURVE('',#676,#792,#410,.T.);
#990=EDGE_CURVE('',#793,#715,#411,.T.);
#991=EDGE_CURVE('',#793,#707,#412,.T.);
#992=EDGE_CURVE('',#716,#793,#413,.T.);
#993=EDGE_CURVE('',#794,#727,#414,.T.);
#994=EDGE_CURVE('',#735,#794,#415,.T.);
#995=EDGE_CURVE('',#794,#734,#416,.T.);
#996=EDGE_CURVE('',#777,#795,#417,.T.);
#997=EDGE_CURVE('',#795,#698,#418,.T.);
#998=EDGE_CURVE('',#776,#796,#419,.T.);
#999=EDGE_CURVE('',#796,#795,#420,.T.);
#1000=EDGE_CURVE('',#775,#797,#421,.T.);
#1001=EDGE_CURVE('',#797,#796,#422,.T.);
#1002=EDGE_CURVE('',#774,#798,#423,.T.);
#1003=EDGE_CURVE('',#798,#797,#424,.T.);
#1004=EDGE_CURVE('',#773,#799,#425,.T.);
#1005=EDGE_CURVE('',#799,#798,#426,.T.);
#1006=EDGE_CURVE('',#671,#799,#427,.T.);
#1007=EDGE_CURVE('',#772,#800,#428,.T.);
#1008=EDGE_CURVE('',#800,#679,#429,.T.);
#1009=EDGE_CURVE('',#728,#800,#430,.T.);
#1010=EDGE_CURVE('',#771,#801,#431,.T.);
#1011=EDGE_CURVE('',#801,#738,#432,.T.);
#1012=EDGE_CURVE('',#755,#802,#433,.T.);
#1013=EDGE_CURVE('',#802,#801,#434,.T.);
#1014=EDGE_CURVE('',#754,#803,#435,.T.);
#1015=EDGE_CURVE('',#803,#802,#436,.T.);
#1016=EDGE_CURVE('',#756,#804,#437,.T.);
#1017=EDGE_CURVE('',#804,#803,#438,.T.);
#1018=EDGE_CURVE('',#778,#805,#439,.T.);
#1019=EDGE_CURVE('',#805,#804,#440,.T.);
#1020=EDGE_CURVE('',#712,#805,#441,.T.);
#1021=EDGE_CURVE('',#700,#719,#442,.T.);
#1022=EDGE_CURVE('',#806,#806,#43,.T.);
#1023=EDGE_CURVE('',#807,#807,#44,.T.);
#1024=EDGE_CURVE('',#808,#808,#45,.T.);
#1025=EDGE_CURVE('',#809,#809,#46,.T.);
#1026=EDGE_CURVE('',#745,#807,#443,.T.);
#1027=EDGE_CURVE('',#751,#809,#444,.T.);
#1028=EDGE_CURVE('',#742,#806,#445,.T.);
#1029=EDGE_CURVE('',#748,#808,#446,.T.);
#1030=EDGE_CURVE('',#767,#781,#447,.T.);
#1031=EDGE_CURVE('',#768,#790,#448,.T.);
#1032=EDGE_CURVE('',#759,#789,#449,.T.);
#1033=EDGE_CURVE('',#760,#788,#450,.T.);
#1034=EDGE_CURVE('',#761,#787,#451,.T.);
#1035=EDGE_CURVE('',#762,#786,#452,.T.);
#1036=EDGE_CURVE('',#763,#785,#453,.T.);
#1037=EDGE_CURVE('',#764,#784,#454,.T.);
#1038=EDGE_CURVE('',#765,#783,#455,.T.);
#1039=EDGE_CURVE('',#766,#782,#456,.T.);
#1040=ORIENTED_EDGE('',*,*,#810,.T.);
#1041=ORIENTED_EDGE('',*,*,#811,.T.);
#1042=ORIENTED_EDGE('',*,*,#812,.T.);
#1043=ORIENTED_EDGE('',*,*,#813,.F.);
#1044=ORIENTED_EDGE('',*,*,#814,.T.);
#1045=ORIENTED_EDGE('',*,*,#811,.F.);
#1046=ORIENTED_EDGE('',*,*,#815,.T.);
#1047=ORIENTED_EDGE('',*,*,#816,.T.);
#1048=ORIENTED_EDGE('',*,*,#817,.F.);
#1049=ORIENTED_EDGE('',*,*,#818,.T.);
#1050=ORIENTED_EDGE('',*,*,#819,.T.);
#1051=ORIENTED_EDGE('',*,*,#816,.F.);
#1052=ORIENTED_EDGE('',*,*,#820,.T.);
#1053=ORIENTED_EDGE('',*,*,#821,.F.);
#1054=ORIENTED_EDGE('',*,*,#822,.T.);
#1055=ORIENTED_EDGE('',*,*,#818,.F.);
#1056=ORIENTED_EDGE('',*,*,#823,.F.);
#1057=ORIENTED_EDGE('',*,*,#824,.F.);
#1058=ORIENTED_EDGE('',*,*,#825,.T.);
#1059=ORIENTED_EDGE('',*,*,#813,.T.);
#1060=ORIENTED_EDGE('',*,*,#822,.F.);
#1061=ORIENTED_EDGE('',*,*,#826,.F.);
#1062=ORIENTED_EDGE('',*,*,#827,.F.);
#1063=ORIENTED_EDGE('',*,*,#828,.T.);
#1064=ORIENTED_EDGE('',*,*,#812,.F.);
#1065=ORIENTED_EDGE('',*,*,#829,.F.);
#1066=ORIENTED_EDGE('',*,*,#830,.F.);
#1067=ORIENTED_EDGE('',*,*,#826,.T.);
#1068=ORIENTED_EDGE('',*,*,#824,.T.);
#1069=ORIENTED_EDGE('',*,*,#831,.F.);
#1070=ORIENTED_EDGE('',*,*,#832,.F.);
#1071=ORIENTED_EDGE('',*,*,#833,.T.);
#1072=ORIENTED_EDGE('',*,*,#834,.T.);
#1073=ORIENTED_EDGE('',*,*,#823,.T.);
#1074=ORIENTED_EDGE('',*,*,#817,.T.);
#1075=ORIENTED_EDGE('',*,*,#835,.F.);
#1076=ORIENTED_EDGE('',*,*,#836,.F.);
#1077=ORIENTED_EDGE('',*,*,#831,.T.);
#1078=ORIENTED_EDGE('',*,*,#837,.T.);
#1079=ORIENTED_EDGE('',*,*,#838,.T.);
#1080=ORIENTED_EDGE('',*,*,#839,.T.);
#1081=ORIENTED_EDGE('',*,*,#840,.F.);
#1082=ORIENTED_EDGE('',*,*,#841,.F.);
#1083=ORIENTED_EDGE('',*,*,#842,.T.);
#1084=ORIENTED_EDGE('',*,*,#843,.T.);
#1085=ORIENTED_EDGE('',*,*,#838,.F.);
#1086=ORIENTED_EDGE('',*,*,#844,.T.);
#1087=ORIENTED_EDGE('',*,*,#845,.T.);
#1088=ORIENTED_EDGE('',*,*,#842,.F.);
#1089=ORIENTED_EDGE('',*,*,#846,.F.);
#1090=ORIENTED_EDGE('',*,*,#847,.F.);
#1091=ORIENTED_EDGE('',*,*,#848,.F.);
#1092=ORIENTED_EDGE('',*,*,#849,.T.);
#1093=ORIENTED_EDGE('',*,*,#850,.T.);
#1094=ORIENTED_EDGE('',*,*,#851,.T.);
#1095=ORIENTED_EDGE('',*,*,#850,.F.);
#1096=ORIENTED_EDGE('',*,*,#852,.T.);
#1097=ORIENTED_EDGE('',*,*,#840,.T.);
#1098=ORIENTED_EDGE('',*,*,#851,.F.);
#1099=ORIENTED_EDGE('',*,*,#853,.F.);
#1100=ORIENTED_EDGE('',*,*,#854,.F.);
#1101=ORIENTED_EDGE('',*,*,#855,.T.);
#1102=ORIENTED_EDGE('',*,*,#839,.F.);
#1103=ORIENTED_EDGE('',*,*,#856,.F.);
#1104=ORIENTED_EDGE('',*,*,#857,.F.);
#1105=ORIENTED_EDGE('',*,*,#853,.T.);
#1106=ORIENTED_EDGE('',*,*,#848,.T.);
#1107=ORIENTED_EDGE('',*,*,#858,.F.);
#1108=ORIENTED_EDGE('',*,*,#859,.F.);
#1109=ORIENTED_EDGE('',*,*,#860,.T.);
#1110=ORIENTED_EDGE('',*,*,#861,.T.);
#1111=ORIENTED_EDGE('',*,*,#847,.T.);
#1112=ORIENTED_EDGE('',*,*,#862,.F.);
#1113=ORIENTED_EDGE('',*,*,#863,.F.);
#1114=ORIENTED_EDGE('',*,*,#858,.T.);
#1115=ORIENTED_EDGE('',*,*,#846,.T.);
#1116=ORIENTED_EDGE('',*,*,#841,.T.);
#1117=ORIENTED_EDGE('',*,*,#864,.T.);
#1118=ORIENTED_EDGE('',*,*,#865,.F.);
#1119=ORIENTED_EDGE('',*,*,#866,.F.);
#1120=ORIENTED_EDGE('',*,*,#862,.T.);
#1121=ORIENTED_EDGE('',*,*,#867,.F.);
#1122=ORIENTED_EDGE('',*,*,#868,.T.);
#1123=ORIENTED_EDGE('',*,*,#869,.T.);
#1124=ORIENTED_EDGE('',*,*,#870,.T.);
#1125=ORIENTED_EDGE('',*,*,#871,.F.);
#1126=ORIENTED_EDGE('',*,*,#872,.T.);
#1127=ORIENTED_EDGE('',*,*,#869,.F.);
#1128=ORIENTED_EDGE('',*,*,#873,.T.);
#1129=ORIENTED_EDGE('',*,*,#874,.T.);
#1130=ORIENTED_EDGE('',*,*,#875,.T.);
#1131=ORIENTED_EDGE('',*,*,#874,.F.);
#1132=ORIENTED_EDGE('',*,*,#876,.T.);
#1133=ORIENTED_EDGE('',*,*,#877,.T.);
#1134=ORIENTED_EDGE('',*,*,#878,.F.);
#1135=ORIENTED_EDGE('',*,*,#871,.T.);
#1136=ORIENTED_EDGE('',*,*,#879,.T.);
#1137=ORIENTED_EDGE('',*,*,#877,.F.);
#1138=ORIENTED_EDGE('',*,*,#880,.T.);
#1139=ORIENTED_EDGE('',*,*,#881,.F.);
#1140=ORIENTED_EDGE('',*,*,#882,.F.);
#1141=ORIENTED_EDGE('',*,*,#879,.F.);
#1142=ORIENTED_EDGE('',*,*,#883,.F.);
#1143=ORIENTED_EDGE('',*,*,#884,.F.);
#1144=ORIENTED_EDGE('',*,*,#885,.T.);
#1145=ORIENTED_EDGE('',*,*,#870,.F.);
#1146=ORIENTED_EDGE('',*,*,#886,.F.);
#1147=ORIENTED_EDGE('',*,*,#887,.F.);
#1148=ORIENTED_EDGE('',*,*,#883,.T.);
#1149=ORIENTED_EDGE('',*,*,#867,.T.);
#1150=ORIENTED_EDGE('',*,*,#878,.T.);
#1151=ORIENTED_EDGE('',*,*,#888,.F.);
#1152=ORIENTED_EDGE('',*,*,#889,.F.);
#1153=ORIENTED_EDGE('',*,*,#890,.T.);
#1154=ORIENTED_EDGE('',*,*,#891,.T.);
#1155=ORIENTED_EDGE('',*,*,#882,.T.);
#1156=ORIENTED_EDGE('',*,*,#892,.F.);
#1157=ORIENTED_EDGE('',*,*,#893,.F.);
#1158=ORIENTED_EDGE('',*,*,#888,.T.);
#1159=ORIENTED_EDGE('',*,*,#894,.T.);
#1160=ORIENTED_EDGE('',*,*,#895,.T.);
#1161=ORIENTED_EDGE('',*,*,#896,.T.);
#1162=ORIENTED_EDGE('',*,*,#897,.F.);
#1163=ORIENTED_EDGE('',*,*,#898,.F.);
#1164=ORIENTED_EDGE('',*,*,#899,.T.);
#1165=ORIENTED_EDGE('',*,*,#900,.T.);
#1166=ORIENTED_EDGE('',*,*,#895,.F.);
#1167=ORIENTED_EDGE('',*,*,#901,.T.);
#1168=ORIENTED_EDGE('',*,*,#902,.F.);
#1169=ORIENTED_EDGE('',*,*,#903,.F.);
#1170=ORIENTED_EDGE('',*,*,#904,.T.);
#1171=ORIENTED_EDGE('',*,*,#899,.F.);
#1172=ORIENTED_EDGE('',*,*,#905,.F.);
#1173=ORIENTED_EDGE('',*,*,#906,.T.);
#1174=ORIENTED_EDGE('',*,*,#907,.T.);
#1175=ORIENTED_EDGE('',*,*,#908,.T.);
#1176=ORIENTED_EDGE('',*,*,#907,.F.);
#1177=ORIENTED_EDGE('',*,*,#909,.T.);
#1178=ORIENTED_EDGE('',*,*,#897,.T.);
#1179=ORIENTED_EDGE('',*,*,#908,.F.);
#1180=ORIENTED_EDGE('',*,*,#910,.F.);
#1181=ORIENTED_EDGE('',*,*,#911,.F.);
#1182=ORIENTED_EDGE('',*,*,#912,.T.);
#1183=ORIENTED_EDGE('',*,*,#896,.F.);
#1184=ORIENTED_EDGE('',*,*,#913,.F.);
#1185=ORIENTED_EDGE('',*,*,#914,.F.);
#1186=ORIENTED_EDGE('',*,*,#910,.T.);
#1187=ORIENTED_EDGE('',*,*,#905,.T.);
#1188=ORIENTED_EDGE('',*,*,#898,.T.);
#1189=ORIENTED_EDGE('',*,*,#915,.F.);
#1190=ORIENTED_EDGE('',*,*,#916,.F.);
#1191=ORIENTED_EDGE('',*,*,#917,.T.);
#1192=ORIENTED_EDGE('',*,*,#918,.T.);
#1193=ORIENTED_EDGE('',*,*,#903,.T.);
#1194=ORIENTED_EDGE('',*,*,#919,.F.);
#1195=ORIENTED_EDGE('',*,*,#920,.F.);
#1196=ORIENTED_EDGE('',*,*,#915,.T.);
#1197=ORIENTED_EDGE('',*,*,#921,.F.);
#1198=ORIENTED_EDGE('',*,*,#922,.T.);
#1199=ORIENTED_EDGE('',*,*,#923,.T.);
#1200=ORIENTED_EDGE('',*,*,#922,.F.);
#1201=ORIENTED_EDGE('',*,*,#923,.F.);
#1202=ORIENTED_EDGE('',*,*,#924,.F.);
#1203=ORIENTED_EDGE('',*,*,#925,.F.);
#1204=ORIENTED_EDGE('',*,*,#926,.T.);
#1205=ORIENTED_EDGE('',*,*,#927,.T.);
#1206=ORIENTED_EDGE('',*,*,#926,.F.);
#1207=ORIENTED_EDGE('',*,*,#927,.F.);
#1208=ORIENTED_EDGE('',*,*,#928,.F.);
#1209=ORIENTED_EDGE('',*,*,#929,.F.);
#1210=ORIENTED_EDGE('',*,*,#930,.T.);
#1211=ORIENTED_EDGE('',*,*,#931,.T.);
#1212=ORIENTED_EDGE('',*,*,#930,.F.);
#1213=ORIENTED_EDGE('',*,*,#931,.F.);
#1214=ORIENTED_EDGE('',*,*,#932,.F.);
#1215=ORIENTED_EDGE('',*,*,#933,.F.);
#1216=ORIENTED_EDGE('',*,*,#934,.T.);
#1217=ORIENTED_EDGE('',*,*,#935,.T.);
#1218=ORIENTED_EDGE('',*,*,#934,.F.);
#1219=ORIENTED_EDGE('',*,*,#935,.F.);
#1220=ORIENTED_EDGE('',*,*,#936,.F.);
#1221=ORIENTED_EDGE('',*,*,#937,.F.);
#1222=ORIENTED_EDGE('',*,*,#938,.F.);
#1223=ORIENTED_EDGE('',*,*,#939,.F.);
#1224=ORIENTED_EDGE('',*,*,#940,.F.);
#1225=ORIENTED_EDGE('',*,*,#941,.T.);
#1226=ORIENTED_EDGE('',*,*,#942,.F.);
#1227=ORIENTED_EDGE('',*,*,#943,.F.);
#1228=ORIENTED_EDGE('',*,*,#944,.F.);
#1229=ORIENTED_EDGE('',*,*,#945,.F.);
#1230=ORIENTED_EDGE('',*,*,#946,.F.);
#1231=ORIENTED_EDGE('',*,*,#947,.F.);
#1232=ORIENTED_EDGE('',*,*,#948,.F.);
#1233=ORIENTED_EDGE('',*,*,#949,.F.);
#1234=ORIENTED_EDGE('',*,*,#950,.F.);
#1235=ORIENTED_EDGE('',*,*,#951,.F.);
#1236=ORIENTED_EDGE('',*,*,#952,.F.);
#1237=ORIENTED_EDGE('',*,*,#953,.F.);
#1238=ORIENTED_EDGE('',*,*,#954,.F.);
#1239=ORIENTED_EDGE('',*,*,#955,.T.);
#1240=ORIENTED_EDGE('',*,*,#956,.T.);
#1241=ORIENTED_EDGE('',*,*,#916,.T.);
#1242=ORIENTED_EDGE('',*,*,#920,.T.);
#1243=ORIENTED_EDGE('',*,*,#957,.T.);
#1244=ORIENTED_EDGE('',*,*,#958,.T.);
#1245=ORIENTED_EDGE('',*,*,#832,.T.);
#1246=ORIENTED_EDGE('',*,*,#836,.T.);
#1247=ORIENTED_EDGE('',*,*,#959,.T.);
#1248=ORIENTED_EDGE('',*,*,#960,.T.);
#1249=ORIENTED_EDGE('',*,*,#961,.T.);
#1250=ORIENTED_EDGE('',*,*,#962,.T.);
#1251=ORIENTED_EDGE('',*,*,#963,.T.);
#1252=ORIENTED_EDGE('',*,*,#964,.T.);
#1253=ORIENTED_EDGE('',*,*,#859,.T.);
#1254=ORIENTED_EDGE('',*,*,#863,.T.);
#1255=ORIENTED_EDGE('',*,*,#866,.T.);
#1256=ORIENTED_EDGE('',*,*,#965,.T.);
#1257=ORIENTED_EDGE('',*,*,#889,.T.);
#1258=ORIENTED_EDGE('',*,*,#893,.T.);
#1259=ORIENTED_EDGE('',*,*,#966,.T.);
#1260=ORIENTED_EDGE('',*,*,#967,.T.);
#1261=ORIENTED_EDGE('',*,*,#968,.T.);
#1262=ORIENTED_EDGE('',*,*,#937,.T.);
#1263=ORIENTED_EDGE('',*,*,#969,.T.);
#1264=ORIENTED_EDGE('',*,*,#954,.T.);
#1265=ORIENTED_EDGE('',*,*,#970,.T.);
#1266=ORIENTED_EDGE('',*,*,#971,.F.);
#1267=ORIENTED_EDGE('',*,*,#972,.F.);
#1268=ORIENTED_EDGE('',*,*,#942,.T.);
#1269=ORIENTED_EDGE('',*,*,#973,.T.);
#1270=ORIENTED_EDGE('',*,*,#974,.T.);
#1271=ORIENTED_EDGE('',*,*,#975,.T.);
#1272=ORIENTED_EDGE('',*,*,#976,.T.);
#1273=ORIENTED_EDGE('',*,*,#977,.T.);
#1274=ORIENTED_EDGE('',*,*,#978,.T.);
#1275=ORIENTED_EDGE('',*,*,#979,.T.);
#1276=ORIENTED_EDGE('',*,*,#980,.T.);
#1277=ORIENTED_EDGE('',*,*,#981,.T.);
#1278=ORIENTED_EDGE('',*,*,#971,.T.);
#1279=ORIENTED_EDGE('',*,*,#982,.T.);
#1280=ORIENTED_EDGE('',*,*,#983,.T.);
#1281=ORIENTED_EDGE('',*,*,#933,.T.);
#1282=ORIENTED_EDGE('',*,*,#929,.T.);
#1283=ORIENTED_EDGE('',*,*,#925,.T.);
#1284=ORIENTED_EDGE('',*,*,#921,.T.);
#1285=ORIENTED_EDGE('',*,*,#845,.F.);
#1286=ORIENTED_EDGE('',*,*,#855,.F.);
#1287=ORIENTED_EDGE('',*,*,#984,.F.);
#1288=ORIENTED_EDGE('',*,*,#985,.T.);
#1289=ORIENTED_EDGE('',*,*,#843,.F.);
#1290=ORIENTED_EDGE('',*,*,#985,.F.);
#1291=ORIENTED_EDGE('',*,*,#986,.F.);
#1292=ORIENTED_EDGE('',*,*,#856,.T.);
#1293=ORIENTED_EDGE('',*,*,#819,.F.);
#1294=ORIENTED_EDGE('',*,*,#828,.F.);
#1295=ORIENTED_EDGE('',*,*,#987,.F.);
#1296=ORIENTED_EDGE('',*,*,#988,.T.);
#1297=ORIENTED_EDGE('',*,*,#814,.F.);
#1298=ORIENTED_EDGE('',*,*,#988,.F.);
#1299=ORIENTED_EDGE('',*,*,#989,.F.);
#1300=ORIENTED_EDGE('',*,*,#829,.T.);
#1301=ORIENTED_EDGE('',*,*,#875,.F.);
#1302=ORIENTED_EDGE('',*,*,#885,.F.);
#1303=ORIENTED_EDGE('',*,*,#990,.F.);
#1304=ORIENTED_EDGE('',*,*,#991,.T.);
#1305=ORIENTED_EDGE('',*,*,#872,.F.);
#1306=ORIENTED_EDGE('',*,*,#991,.F.);
#1307=ORIENTED_EDGE('',*,*,#992,.F.);
#1308=ORIENTED_EDGE('',*,*,#886,.T.);
#1309=ORIENTED_EDGE('',*,*,#900,.F.);
#1310=ORIENTED_EDGE('',*,*,#993,.F.);
#1311=ORIENTED_EDGE('',*,*,#994,.F.);
#1312=ORIENTED_EDGE('',*,*,#913,.T.);
#1313=ORIENTED_EDGE('',*,*,#904,.F.);
#1314=ORIENTED_EDGE('',*,*,#912,.F.);
#1315=ORIENTED_EDGE('',*,*,#995,.F.);
#1316=ORIENTED_EDGE('',*,*,#993,.T.);
#1317=ORIENTED_EDGE('',*,*,#964,.F.);
#1318=ORIENTED_EDGE('',*,*,#996,.T.);
#1319=ORIENTED_EDGE('',*,*,#997,.T.);
#1320=ORIENTED_EDGE('',*,*,#860,.F.);
#1321=ORIENTED_EDGE('',*,*,#963,.F.);
#1322=ORIENTED_EDGE('',*,*,#998,.T.);
#1323=ORIENTED_EDGE('',*,*,#999,.T.);
#1324=ORIENTED_EDGE('',*,*,#996,.F.);
#1325=ORIENTED_EDGE('',*,*,#962,.F.);
#1326=ORIENTED_EDGE('',*,*,#1000,.T.);
#1327=ORIENTED_EDGE('',*,*,#1001,.T.);
#1328=ORIENTED_EDGE('',*,*,#998,.F.);
#1329=ORIENTED_EDGE('',*,*,#961,.F.);
#1330=ORIENTED_EDGE('',*,*,#1002,.T.);
#1331=ORIENTED_EDGE('',*,*,#1003,.T.);
#1332=ORIENTED_EDGE('',*,*,#1000,.F.);
#1333=ORIENTED_EDGE('',*,*,#960,.F.);
#1334=ORIENTED_EDGE('',*,*,#1004,.T.);
#1335=ORIENTED_EDGE('',*,*,#1005,.T.);
#1336=ORIENTED_EDGE('',*,*,#1002,.F.);
#1337=ORIENTED_EDGE('',*,*,#821,.T.);
#1338=ORIENTED_EDGE('',*,*,#1006,.T.);
#1339=ORIENTED_EDGE('',*,*,#1004,.F.);
#1340=ORIENTED_EDGE('',*,*,#959,.F.);
#1341=ORIENTED_EDGE('',*,*,#835,.T.);
#1342=ORIENTED_EDGE('',*,*,#958,.F.);
#1343=ORIENTED_EDGE('',*,*,#1007,.T.);
#1344=ORIENTED_EDGE('',*,*,#1008,.T.);
#1345=ORIENTED_EDGE('',*,*,#833,.F.);
#1346=ORIENTED_EDGE('',*,*,#902,.T.);
#1347=ORIENTED_EDGE('',*,*,#1009,.T.);
#1348=ORIENTED_EDGE('',*,*,#1007,.F.);
#1349=ORIENTED_EDGE('',*,*,#957,.F.);
#1350=ORIENTED_EDGE('',*,*,#919,.T.);
#1351=ORIENTED_EDGE('',*,*,#956,.F.);
#1352=ORIENTED_EDGE('',*,*,#1010,.T.);
#1353=ORIENTED_EDGE('',*,*,#1011,.T.);
#1354=ORIENTED_EDGE('',*,*,#917,.F.);
#1355=ORIENTED_EDGE('',*,*,#955,.F.);
#1356=ORIENTED_EDGE('',*,*,#969,.F.);
#1357=ORIENTED_EDGE('',*,*,#940,.T.);
#1358=ORIENTED_EDGE('',*,*,#1012,.T.);
#1359=ORIENTED_EDGE('',*,*,#1013,.T.);
#1360=ORIENTED_EDGE('',*,*,#1010,.F.);
#1361=ORIENTED_EDGE('',*,*,#939,.T.);
#1362=ORIENTED_EDGE('',*,*,#1014,.T.);
#1363=ORIENTED_EDGE('',*,*,#1015,.T.);
#1364=ORIENTED_EDGE('',*,*,#1012,.F.);
#1365=ORIENTED_EDGE('',*,*,#941,.F.);
#1366=ORIENTED_EDGE('',*,*,#1016,.T.);
#1367=ORIENTED_EDGE('',*,*,#1017,.T.);
#1368=ORIENTED_EDGE('',*,*,#1014,.F.);
#1369=ORIENTED_EDGE('',*,*,#938,.T.);
#1370=ORIENTED_EDGE('',*,*,#968,.F.);
#1371=ORIENTED_EDGE('',*,*,#967,.F.);
#1372=ORIENTED_EDGE('',*,*,#1018,.T.);
#1373=ORIENTED_EDGE('',*,*,#1019,.T.);
#1374=ORIENTED_EDGE('',*,*,#1016,.F.);
#1375=ORIENTED_EDGE('',*,*,#881,.T.);
#1376=ORIENTED_EDGE('',*,*,#1020,.T.);
#1377=ORIENTED_EDGE('',*,*,#1018,.F.);
#1378=ORIENTED_EDGE('',*,*,#966,.F.);
#1379=ORIENTED_EDGE('',*,*,#892,.T.);
#1380=ORIENTED_EDGE('',*,*,#965,.F.);
#1381=ORIENTED_EDGE('',*,*,#865,.T.);
#1382=ORIENTED_EDGE('',*,*,#1021,.T.);
#1383=ORIENTED_EDGE('',*,*,#890,.F.);
#1384=ORIENTED_EDGE('',*,*,#825,.F.);
#1385=ORIENTED_EDGE('',*,*,#834,.F.);
#1386=ORIENTED_EDGE('',*,*,#1008,.F.);
#1387=ORIENTED_EDGE('',*,*,#1009,.F.);
#1388=ORIENTED_EDGE('',*,*,#901,.F.);
#1389=ORIENTED_EDGE('',*,*,#894,.F.);
#1390=ORIENTED_EDGE('',*,*,#909,.F.);
#1391=ORIENTED_EDGE('',*,*,#906,.F.);
#1392=ORIENTED_EDGE('',*,*,#918,.F.);
#1393=ORIENTED_EDGE('',*,*,#1011,.F.);
#1394=ORIENTED_EDGE('',*,*,#1013,.F.);
#1395=ORIENTED_EDGE('',*,*,#1015,.F.);
#1396=ORIENTED_EDGE('',*,*,#1017,.F.);
#1397=ORIENTED_EDGE('',*,*,#1019,.F.);
#1398=ORIENTED_EDGE('',*,*,#1020,.F.);
#1399=ORIENTED_EDGE('',*,*,#880,.F.);
#1400=ORIENTED_EDGE('',*,*,#876,.F.);
#1401=ORIENTED_EDGE('',*,*,#873,.F.);
#1402=ORIENTED_EDGE('',*,*,#868,.F.);
#1403=ORIENTED_EDGE('',*,*,#891,.F.);
#1404=ORIENTED_EDGE('',*,*,#1021,.F.);
#1405=ORIENTED_EDGE('',*,*,#864,.F.);
#1406=ORIENTED_EDGE('',*,*,#844,.F.);
#1407=ORIENTED_EDGE('',*,*,#837,.F.);
#1408=ORIENTED_EDGE('',*,*,#852,.F.);
#1409=ORIENTED_EDGE('',*,*,#849,.F.);
#1410=ORIENTED_EDGE('',*,*,#861,.F.);
#1411=ORIENTED_EDGE('',*,*,#997,.F.);
#1412=ORIENTED_EDGE('',*,*,#999,.F.);
#1413=ORIENTED_EDGE('',*,*,#1001,.F.);
#1414=ORIENTED_EDGE('',*,*,#1003,.F.);
#1415=ORIENTED_EDGE('',*,*,#1005,.F.);
#1416=ORIENTED_EDGE('',*,*,#1006,.F.);
#1417=ORIENTED_EDGE('',*,*,#820,.F.);
#1418=ORIENTED_EDGE('',*,*,#815,.F.);
#1419=ORIENTED_EDGE('',*,*,#810,.F.);
#1420=ORIENTED_EDGE('',*,*,#994,.T.);
#1421=ORIENTED_EDGE('',*,*,#995,.T.);
#1422=ORIENTED_EDGE('',*,*,#911,.T.);
#1423=ORIENTED_EDGE('',*,*,#914,.T.);
#1424=ORIENTED_EDGE('',*,*,#1022,.F.);
#1425=ORIENTED_EDGE('',*,*,#884,.T.);
#1426=ORIENTED_EDGE('',*,*,#887,.T.);
#1427=ORIENTED_EDGE('',*,*,#992,.T.);
#1428=ORIENTED_EDGE('',*,*,#990,.T.);
#1429=ORIENTED_EDGE('',*,*,#1023,.F.);
#1430=ORIENTED_EDGE('',*,*,#830,.T.);
#1431=ORIENTED_EDGE('',*,*,#989,.T.);
#1432=ORIENTED_EDGE('',*,*,#987,.T.);
#1433=ORIENTED_EDGE('',*,*,#827,.T.);
#1434=ORIENTED_EDGE('',*,*,#1024,.F.);
#1435=ORIENTED_EDGE('',*,*,#984,.T.);
#1436=ORIENTED_EDGE('',*,*,#854,.T.);
#1437=ORIENTED_EDGE('',*,*,#857,.T.);
#1438=ORIENTED_EDGE('',*,*,#986,.T.);
#1439=ORIENTED_EDGE('',*,*,#1025,.F.);
#1440=ORIENTED_EDGE('',*,*,#928,.T.);
#1441=ORIENTED_EDGE('',*,*,#1026,.T.);
#1442=ORIENTED_EDGE('',*,*,#1023,.T.);
#1443=ORIENTED_EDGE('',*,*,#1026,.F.);
#1444=ORIENTED_EDGE('',*,*,#936,.T.);
#1445=ORIENTED_EDGE('',*,*,#1027,.T.);
#1446=ORIENTED_EDGE('',*,*,#1025,.T.);
#1447=ORIENTED_EDGE('',*,*,#1027,.F.);
#1448=ORIENTED_EDGE('',*,*,#924,.T.);
#1449=ORIENTED_EDGE('',*,*,#1028,.T.);
#1450=ORIENTED_EDGE('',*,*,#1022,.T.);
#1451=ORIENTED_EDGE('',*,*,#1028,.F.);
#1452=ORIENTED_EDGE('',*,*,#932,.T.);
#1453=ORIENTED_EDGE('',*,*,#1029,.T.);
#1454=ORIENTED_EDGE('',*,*,#1024,.T.);
#1455=ORIENTED_EDGE('',*,*,#1029,.F.);
#1456=ORIENTED_EDGE('',*,*,#952,.T.);
#1457=ORIENTED_EDGE('',*,*,#1030,.T.);
#1458=ORIENTED_EDGE('',*,*,#983,.F.);
#1459=ORIENTED_EDGE('',*,*,#1031,.F.);
#1460=ORIENTED_EDGE('',*,*,#953,.T.);
#1461=ORIENTED_EDGE('',*,*,#1031,.T.);
#1462=ORIENTED_EDGE('',*,*,#982,.F.);
#1463=ORIENTED_EDGE('',*,*,#970,.F.);
#1464=ORIENTED_EDGE('',*,*,#943,.T.);
#1465=ORIENTED_EDGE('',*,*,#972,.T.);
#1466=ORIENTED_EDGE('',*,*,#981,.F.);
#1467=ORIENTED_EDGE('',*,*,#1032,.F.);
#1468=ORIENTED_EDGE('',*,*,#944,.T.);
#1469=ORIENTED_EDGE('',*,*,#1032,.T.);
#1470=ORIENTED_EDGE('',*,*,#980,.F.);
#1471=ORIENTED_EDGE('',*,*,#1033,.F.);
#1472=ORIENTED_EDGE('',*,*,#945,.T.);
#1473=ORIENTED_EDGE('',*,*,#1033,.T.);
#1474=ORIENTED_EDGE('',*,*,#979,.F.);
#1475=ORIENTED_EDGE('',*,*,#1034,.F.);
#1476=ORIENTED_EDGE('',*,*,#946,.T.);
#1477=ORIENTED_EDGE('',*,*,#1034,.T.);
#1478=ORIENTED_EDGE('',*,*,#978,.F.);
#1479=ORIENTED_EDGE('',*,*,#1035,.F.);
#1480=ORIENTED_EDGE('',*,*,#947,.T.);
#1481=ORIENTED_EDGE('',*,*,#1035,.T.);
#1482=ORIENTED_EDGE('',*,*,#977,.F.);
#1483=ORIENTED_EDGE('',*,*,#1036,.F.);
#1484=ORIENTED_EDGE('',*,*,#948,.T.);
#1485=ORIENTED_EDGE('',*,*,#1036,.T.);
#1486=ORIENTED_EDGE('',*,*,#976,.F.);
#1487=ORIENTED_EDGE('',*,*,#1037,.F.);
#1488=ORIENTED_EDGE('',*,*,#949,.T.);
#1489=ORIENTED_EDGE('',*,*,#1037,.T.);
#1490=ORIENTED_EDGE('',*,*,#975,.F.);
#1491=ORIENTED_EDGE('',*,*,#1038,.F.);
#1492=ORIENTED_EDGE('',*,*,#950,.T.);
#1493=ORIENTED_EDGE('',*,*,#1038,.T.);
#1494=ORIENTED_EDGE('',*,*,#974,.F.);
#1495=ORIENTED_EDGE('',*,*,#1039,.F.);
#1496=ORIENTED_EDGE('',*,*,#951,.T.);
#1497=ORIENTED_EDGE('',*,*,#1039,.T.);
#1498=ORIENTED_EDGE('',*,*,#973,.F.);
#1499=ORIENTED_EDGE('',*,*,#1030,.F.);
#1500=PLANE('',#1678);
#1501=PLANE('',#1679);
#1502=PLANE('',#1680);
#1503=PLANE('',#1682);
#1504=PLANE('',#1684);
#1505=PLANE('',#1685);
#1506=PLANE('',#1686);
#1507=PLANE('',#1689);
#1508=PLANE('',#1690);
#1509=PLANE('',#1691);
#1510=PLANE('',#1693);
#1511=PLANE('',#1694);
#1512=PLANE('',#1695);
#1513=PLANE('',#1696);
#1514=PLANE('',#1699);
#1515=PLANE('',#1700);
#1516=PLANE('',#1701);
#1517=PLANE('',#1702);
#1518=PLANE('',#1703);
#1519=PLANE('',#1705);
#1520=PLANE('',#1706);
#1521=PLANE('',#1707);
#1522=PLANE('',#1710);
#1523=PLANE('',#1711);
#1524=PLANE('',#1713);
#1525=PLANE('',#1714);
#1526=PLANE('',#1715);
#1527=PLANE('',#1716);
#1528=PLANE('',#1717);
#1529=PLANE('',#1723);
#1530=PLANE('',#1728);
#1531=PLANE('',#1733);
#1532=PLANE('',#1738);
#1533=PLANE('',#1740);
#1534=PLANE('',#1741);
#1535=PLANE('',#1742);
#1536=PLANE('',#1743);
#1537=PLANE('',#1744);
#1538=PLANE('',#1745);
#1539=PLANE('',#1746);
#1540=PLANE('',#1747);
#1541=PLANE('',#1748);
#1542=PLANE('',#1749);
#1543=PLANE('',#1750);
#1544=PLANE('',#1751);
#1545=PLANE('',#1752);
#1546=PLANE('',#1753);
#1547=PLANE('',#1754);
#1548=PLANE('',#1755);
#1549=PLANE('',#1756);
#1550=PLANE('',#1757);
#1551=PLANE('',#1758);
#1552=PLANE('',#1759);
#1553=PLANE('',#1760);
#1554=PLANE('',#1761);
#1555=PLANE('',#1762);
#1556=PLANE('',#1763);
#1557=PLANE('',#1764);
#1558=PLANE('',#1765);
#1559=PLANE('',#1766);
#1560=PLANE('',#1767);
#1561=PLANE('',#1768);
#1562=PLANE('',#1770);
#1563=PLANE('',#1772);
#1564=PLANE('',#1774);
#1565=PLANE('',#1780);
#1566=PLANE('',#1781);
#1567=PLANE('',#1782);
#1568=PLANE('',#1783);
#1569=PLANE('',#1784);
#1570=PLANE('',#1785);
#1571=PLANE('',#1786);
#1572=PLANE('',#1787);
#1573=PLANE('',#1788);
#1574=PLANE('',#1789);
#1575=PLANE('',#1790);
#1576=ADVANCED_FACE('',(#64),#1500,.T.);
#1577=ADVANCED_FACE('',(#65),#1501,.T.);
#1578=ADVANCED_FACE('',(#66),#1502,.T.);
#1579=ADVANCED_FACE('',(#67),#1503,.T.);
#1580=ADVANCED_FACE('',(#68),#1504,.F.);
#1581=ADVANCED_FACE('',(#69),#1505,.F.);
#1582=ADVANCED_FACE('',(#70),#1506,.F.);
#1583=ADVANCED_FACE('',(#71),#47,.T.);
#1584=ADVANCED_FACE('',(#72),#1507,.T.);
#1585=ADVANCED_FACE('',(#73),#1508,.T.);
#1586=ADVANCED_FACE('',(#74),#1509,.T.);
#1587=ADVANCED_FACE('',(#75),#1510,.T.);
#1588=ADVANCED_FACE('',(#76),#1511,.F.);
#1589=ADVANCED_FACE('',(#77),#1512,.F.);
#1590=ADVANCED_FACE('',(#78),#1513,.F.);
#1591=ADVANCED_FACE('',(#79),#48,.T.);
#1592=ADVANCED_FACE('',(#80),#1514,.F.);
#1593=ADVANCED_FACE('',(#81),#1515,.T.);
#1594=ADVANCED_FACE('',(#82),#1516,.T.);
#1595=ADVANCED_FACE('',(#83),#1517,.T.);
#1596=ADVANCED_FACE('',(#84),#1518,.T.);
#1597=ADVANCED_FACE('',(#85),#1519,.F.);
#1598=ADVANCED_FACE('',(#86),#1520,.F.);
#1599=ADVANCED_FACE('',(#87),#1521,.F.);
#1600=ADVANCED_FACE('',(#88),#49,.T.);
#1601=ADVANCED_FACE('',(#89),#1522,.T.);
#1602=ADVANCED_FACE('',(#90),#1523,.T.);
#1603=ADVANCED_FACE('',(#91),#1524,.T.);
#1604=ADVANCED_FACE('',(#92),#1525,.T.);
#1605=ADVANCED_FACE('',(#93),#1526,.F.);
#1606=ADVANCED_FACE('',(#94),#1527,.F.);
#1607=ADVANCED_FACE('',(#95),#1528,.F.);
#1608=ADVANCED_FACE('',(#96),#50,.T.);
#1609=ADVANCED_FACE('',(#97),#51,.F.);
#1610=ADVANCED_FACE('',(#98,#15),#1529,.T.);
#1611=ADVANCED_FACE('',(#99),#52,.F.);
#1612=ADVANCED_FACE('',(#100,#16),#1530,.T.);
#1613=ADVANCED_FACE('',(#101),#53,.F.);
#1614=ADVANCED_FACE('',(#102,#17),#1531,.T.);
#1615=ADVANCED_FACE('',(#103),#54,.F.);
#1616=ADVANCED_FACE('',(#104,#18),#1532,.T.);
#1617=ADVANCED_FACE('',(#105),#1533,.F.);
#1618=ADVANCED_FACE('',(#106),#1534,.F.);
#1619=ADVANCED_FACE('',(#107),#1535,.T.);
#1620=ADVANCED_FACE('',(#108,#19,#20,#21,#22),#1536,.T.);
#1621=ADVANCED_FACE('',(#109),#1537,.F.);
#1622=ADVANCED_FACE('',(#110),#1538,.F.);
#1623=ADVANCED_FACE('',(#111),#1539,.F.);
#1624=ADVANCED_FACE('',(#112),#1540,.F.);
#1625=ADVANCED_FACE('',(#113),#1541,.F.);
#1626=ADVANCED_FACE('',(#114),#1542,.F.);
#1627=ADVANCED_FACE('',(#115),#1543,.F.);
#1628=ADVANCED_FACE('',(#116),#1544,.F.);
#1629=ADVANCED_FACE('',(#117),#1545,.F.);
#1630=ADVANCED_FACE('',(#118),#1546,.F.);
#1631=ADVANCED_FACE('',(#119),#1547,.F.);
#1632=ADVANCED_FACE('',(#120),#1548,.F.);
#1633=ADVANCED_FACE('',(#121),#1549,.F.);
#1634=ADVANCED_FACE('',(#122),#1550,.F.);
#1635=ADVANCED_FACE('',(#123),#1551,.F.);
#1636=ADVANCED_FACE('',(#124),#1552,.F.);
#1637=ADVANCED_FACE('',(#125),#1553,.F.);
#1638=ADVANCED_FACE('',(#126),#1554,.F.);
#1639=ADVANCED_FACE('',(#127),#1555,.F.);
#1640=ADVANCED_FACE('',(#128),#1556,.F.);
#1641=ADVANCED_FACE('',(#129),#1557,.F.);
#1642=ADVANCED_FACE('',(#130),#1558,.F.);
#1643=ADVANCED_FACE('',(#131),#1559,.F.);
#1644=ADVANCED_FACE('',(#132),#1560,.F.);
#1645=ADVANCED_FACE('',(#133,#23),#1561,.F.);
#1646=ADVANCED_FACE('',(#134,#24),#1562,.F.);
#1647=ADVANCED_FACE('',(#135,#25),#1563,.F.);
#1648=ADVANCED_FACE('',(#136,#26),#1564,.F.);
#1649=ADVANCED_FACE('',(#137),#55,.F.);
#1650=ADVANCED_FACE('',(#138),#56,.F.);
#1651=ADVANCED_FACE('',(#139),#57,.F.);
#1652=ADVANCED_FACE('',(#140),#58,.F.);
#1653=ADVANCED_FACE('',(#141),#1565,.T.);
#1654=ADVANCED_FACE('',(#142),#1566,.T.);
#1655=ADVANCED_FACE('',(#143),#1567,.T.);
#1656=ADVANCED_FACE('',(#144),#1568,.T.);
#1657=ADVANCED_FACE('',(#145),#1569,.T.);
#1658=ADVANCED_FACE('',(#146),#1570,.T.);
#1659=ADVANCED_FACE('',(#147),#1571,.T.);
#1660=ADVANCED_FACE('',(#148),#1572,.T.);
#1661=ADVANCED_FACE('',(#149),#1573,.T.);
#1662=ADVANCED_FACE('',(#150),#1574,.T.);
#1663=ADVANCED_FACE('',(#151),#1575,.T.);
#1664=CLOSED_SHELL('',(#1576,#1577,#1578,#1579,#1580,#1581,#1582,#1583,
#1584,#1585,#1586,#1587,#1588,#1589,#1590,#1591,#1592,#1593,#1594,#1595,
#1596,#1597,#1598,#1599,#1600,#1601,#1602,#1603,#1604,#1605,#1606,#1607,
#1608,#1609,#1610,#1611,#1612,#1613,#1614,#1615,#1616,#1617,#1618,#1619,
#1620,#1621,#1622,#1623,#1624,#1625,#1626,#1627,#1628,#1629,#1630,#1631,
#1632,#1633,#1634,#1635,#1636,#1637,#1638,#1639,#1640,#1641,#1642,#1643,
#1644,#1645,#1646,#1647,#1648,#1649,#1650,#1651,#1652,#1653,#1654,#1655,
#1656,#1657,#1658,#1659,#1660,#1661,#1662,#1663));
#1665=DERIVED_UNIT_ELEMENT(#1667,1.);
#1666=DERIVED_UNIT_ELEMENT(#2696,-3.);
#1667=(
MASS_UNIT()
NAMED_UNIT(*)
SI_UNIT(.KILO.,.GRAM.)
);
#1668=DERIVED_UNIT((#1665,#1666));
#1669=MEASURE_REPRESENTATION_ITEM('density measure',
POSITIVE_RATIO_MEASURE(7850.),#1668);
#1670=PROPERTY_DEFINITION_REPRESENTATION(#1675,#1672);
#1671=PROPERTY_DEFINITION_REPRESENTATION(#1676,#1673);
#1672=REPRESENTATION('material name',(#1674),#2693);
#1673=REPRESENTATION('density',(#1669),#2693);
#1674=DESCRIPTIVE_REPRESENTATION_ITEM('\X2\94A2\X0\','\X2\94A2\X0\');
#1675=PROPERTY_DEFINITION('material property','material name',#2703);
#1676=PROPERTY_DEFINITION('material property','density of part',#2703);
#1677=AXIS2_PLACEMENT_3D('',#2224,#1791,#1792);
#1678=AXIS2_PLACEMENT_3D('',#2225,#1793,#1794);
#1679=AXIS2_PLACEMENT_3D('',#2234,#1799,#1800);
#1680=AXIS2_PLACEMENT_3D('',#2240,#1804,#1805);
#1681=AXIS2_PLACEMENT_3D('',#2243,#1806,#1807);
#1682=AXIS2_PLACEMENT_3D('',#2250,#1812,#1813);
#1683=AXIS2_PLACEMENT_3D('',#2253,#1815,#1816);
#1684=AXIS2_PLACEMENT_3D('',#2257,#1819,#1820);
#1685=AXIS2_PLACEMENT_3D('',#2263,#1824,#1825);
#1686=AXIS2_PLACEMENT_3D('',#2267,#1828,#1829);
#1687=AXIS2_PLACEMENT_3D('',#2275,#1834,#1835);
#1688=AXIS2_PLACEMENT_3D('',#2278,#1837,#1838);
#1689=AXIS2_PLACEMENT_3D('',#2279,#1839,#1840);
#1690=AXIS2_PLACEMENT_3D('',#2288,#1845,#1846);
#1691=AXIS2_PLACEMENT_3D('',#2296,#1851,#1852);
#1692=AXIS2_PLACEMENT_3D('',#2302,#1855,#1856);
#1693=AXIS2_PLACEMENT_3D('',#2308,#1860,#1861);
#1694=AXIS2_PLACEMENT_3D('',#2311,#1864,#1865);
#1695=AXIS2_PLACEMENT_3D('',#2317,#1869,#1870);
#1696=AXIS2_PLACEMENT_3D('',#2321,#1873,#1874);
#1697=AXIS2_PLACEMENT_3D('',#2329,#1879,#1880);
#1698=AXIS2_PLACEMENT_3D('',#2332,#1882,#1883);
#1699=AXIS2_PLACEMENT_3D('',#2333,#1884,#1885);
#1700=AXIS2_PLACEMENT_3D('',#2339,#1889,#1890);
#1701=AXIS2_PLACEMENT_3D('',#2350,#1896,#1897);
#1702=AXIS2_PLACEMENT_3D('',#2356,#1901,#1902);
#1703=AXIS2_PLACEMENT_3D('',#2362,#1906,#1907);
#1704=AXIS2_PLACEMENT_3D('',#2370,#1912,#1913);
#1705=AXIS2_PLACEMENT_3D('',#2371,#1914,#1915);
#1706=AXIS2_PLACEMENT_3D('',#2377,#1919,#1920);
#1707=AXIS2_PLACEMENT_3D('',#2381,#1923,#1924);
#1708=AXIS2_PLACEMENT_3D('',#2389,#1929,#1930);
#1709=AXIS2_PLACEMENT_3D('',#2392,#1932,#1933);
#1710=AXIS2_PLACEMENT_3D('',#2393,#1934,#1935);
#1711=AXIS2_PLACEMENT_3D('',#2402,#1940,#1941);
#1712=AXIS2_PLACEMENT_3D('',#2413,#1947,#1948);
#1713=AXIS2_PLACEMENT_3D('',#2414,#1949,#1950);
#1714=AXIS2_PLACEMENT_3D('',#2422,#1955,#1956);
#1715=AXIS2_PLACEMENT_3D('',#2425,#1959,#1960);
#1716=AXIS2_PLACEMENT_3D('',#2431,#1964,#1965);
#1717=AXIS2_PLACEMENT_3D('',#2435,#1968,#1969);
#1718=AXIS2_PLACEMENT_3D('',#2443,#1974,#1975);
#1719=AXIS2_PLACEMENT_3D('',#2446,#1977,#1978);
#1720=AXIS2_PLACEMENT_3D('',#2447,#1979,#1980);
#1721=AXIS2_PLACEMENT_3D('',#2449,#1981,#1982);
#1722=AXIS2_PLACEMENT_3D('',#2452,#1984,#1985);
#1723=AXIS2_PLACEMENT_3D('',#2453,#1986,#1987);
#1724=AXIS2_PLACEMENT_3D('',#2455,#1988,#1989);
#1725=AXIS2_PLACEMENT_3D('',#2456,#1990,#1991);
#1726=AXIS2_PLACEMENT_3D('',#2458,#1992,#1993);
#1727=AXIS2_PLACEMENT_3D('',#2461,#1995,#1996);
#1728=AXIS2_PLACEMENT_3D('',#2462,#1997,#1998);
#1729=AXIS2_PLACEMENT_3D('',#2464,#1999,#2000);
#1730=AXIS2_PLACEMENT_3D('',#2465,#2001,#2002);
#1731=AXIS2_PLACEMENT_3D('',#2467,#2003,#2004);
#1732=AXIS2_PLACEMENT_3D('',#2470,#2006,#2007);
#1733=AXIS2_PLACEMENT_3D('',#2471,#2008,#2009);
#1734=AXIS2_PLACEMENT_3D('',#2473,#2010,#2011);
#1735=AXIS2_PLACEMENT_3D('',#2474,#2012,#2013);
#1736=AXIS2_PLACEMENT_3D('',#2476,#2014,#2015);
#1737=AXIS2_PLACEMENT_3D('',#2479,#2017,#2018);
#1738=AXIS2_PLACEMENT_3D('',#2480,#2019,#2020);
#1739=AXIS2_PLACEMENT_3D('',#2482,#2021,#2022);
#1740=AXIS2_PLACEMENT_3D('',#2483,#2023,#2024);
#1741=AXIS2_PLACEMENT_3D('',#2492,#2029,#2030);
#1742=AXIS2_PLACEMENT_3D('',#2543,#2058,#2059);
#1743=AXIS2_PLACEMENT_3D('',#2551,#2065,#2066);
#1744=AXIS2_PLACEMENT_3D('',#2573,#2078,#2079);
#1745=AXIS2_PLACEMENT_3D('',#2577,#2082,#2083);
#1746=AXIS2_PLACEMENT_3D('',#2579,#2085,#2086);
#1747=AXIS2_PLACEMENT_3D('',#2583,#2089,#2090);
#1748=AXIS2_PLACEMENT_3D('',#2585,#2092,#2093);
#1749=AXIS2_PLACEMENT_3D('',#2589,#2096,#2097);
#1750=AXIS2_PLACEMENT_3D('',#2591,#2099,#2100);
#1751=AXIS2_PLACEMENT_3D('',#2595,#2103,#2104);
#1752=AXIS2_PLACEMENT_3D('',#2597,#2106,#2107);
#1753=AXIS2_PLACEMENT_3D('',#2601,#2110,#2111);
#1754=AXIS2_PLACEMENT_3D('',#2605,#2114,#2115);
#1755=AXIS2_PLACEMENT_3D('',#2609,#2118,#2119);
#1756=AXIS2_PLACEMENT_3D('',#2613,#2122,#2123);
#1757=AXIS2_PLACEMENT_3D('',#2617,#2126,#2127);
#1758=AXIS2_PLACEMENT_3D('',#2619,#2129,#2130);
#1759=AXIS2_PLACEMENT_3D('',#2623,#2133,#2134);
#1760=AXIS2_PLACEMENT_3D('',#2625,#2136,#2137);
#1761=AXIS2_PLACEMENT_3D('',#2629,#2140,#2141);
#1762=AXIS2_PLACEMENT_3D('',#2633,#2144,#2145);
#1763=AXIS2_PLACEMENT_3D('',#2637,#2148,#2149);
#1764=AXIS2_PLACEMENT_3D('',#2641,#2152,#2153);
#1765=AXIS2_PLACEMENT_3D('',#2645,#2156,#2157);
#1766=AXIS2_PLACEMENT_3D('',#2647,#2159,#2160);
#1767=AXIS2_PLACEMENT_3D('',#2649,#2162,#2163);
#1768=AXIS2_PLACEMENT_3D('',#2650,#2164,#2165);
#1769=AXIS2_PLACEMENT_3D('',#2652,#2166,#2167);
#1770=AXIS2_PLACEMENT_3D('',#2653,#2168,#2169);
#1771=AXIS2_PLACEMENT_3D('',#2655,#2170,#2171);
#1772=AXIS2_PLACEMENT_3D('',#2656,#2172,#2173);
#1773=AXIS2_PLACEMENT_3D('',#2658,#2174,#2175);
#1774=AXIS2_PLACEMENT_3D('',#2659,#2176,#2177);
#1775=AXIS2_PLACEMENT_3D('',#2661,#2178,#2179);
#1776=AXIS2_PLACEMENT_3D('',#2662,#2180,#2181);
#1777=AXIS2_PLACEMENT_3D('',#2664,#2183,#2184);
#1778=AXIS2_PLACEMENT_3D('',#2666,#2186,#2187);
#1779=AXIS2_PLACEMENT_3D('',#2668,#2189,#2190);
#1780=AXIS2_PLACEMENT_3D('',#2670,#2192,#2193);
#1781=AXIS2_PLACEMENT_3D('',#2673,#2196,#2197);
#1782=AXIS2_PLACEMENT_3D('',#2674,#2198,#2199);
#1783=AXIS2_PLACEMENT_3D('',#2676,#2201,#2202);
#1784=AXIS2_PLACEMENT_3D('',#2678,#2204,#2205);
#1785=AXIS2_PLACEMENT_3D('',#2680,#2207,#2208);
#1786=AXIS2_PLACEMENT_3D('',#2682,#2210,#2211);
#1787=AXIS2_PLACEMENT_3D('',#2684,#2213,#2214);
#1788=AXIS2_PLACEMENT_3D('',#2686,#2216,#2217);
#1789=AXIS2_PLACEMENT_3D('',#2688,#2219,#2220);
#1790=AXIS2_PLACEMENT_3D('',#2690,#2222,#2223);
#1791=DIRECTION('axis',(0.,0.,1.));
#1792=DIRECTION('refdir',(1.,0.,0.));
#1793=DIRECTION('center_axis',(3.4863055968421E-32,-0.707106781186548,-0.707106781186548));
#1794=DIRECTION('ref_axis',(-1.,0.,-4.93038065763132E-32));
#1795=DIRECTION('',(-1.,-4.93038065763132E-32,1.34495961987561E-63));
#1796=DIRECTION('',(0.577350269189626,0.577350269189626,-0.577350269189626));
#1797=DIRECTION('',(1.,4.93038065763132E-32,-1.34495961987561E-63));
#1798=DIRECTION('',(-0.577350269189626,0.577350269189626,-0.577350269189626));
#1799=DIRECTION('center_axis',(-0.707106781186548,-3.4863055968421E-32,
-0.707106781186548));
#1800=DIRECTION('ref_axis',(-0.707106781186548,0.,0.707106781186548));
#1801=DIRECTION('',(4.93038065763132E-32,-1.,-8.55284707229504E-48));
#1802=DIRECTION('',(-4.93038065763132E-32,1.,8.55284707229504E-48));
#1803=DIRECTION('',(0.577350269189626,-0.577350269189626,-0.577350269189626));
#1804=DIRECTION('center_axis',(-3.4863055968421E-32,0.707106781186547,-0.707106781186548));
#1805=DIRECTION('ref_axis',(-1.,0.,4.93038065763132E-32));
#1806=DIRECTION('center_axis',(-3.4863055968421E-32,0.707106781186547,-0.707106781186548));
#1807=DIRECTION('ref_axis',(3.4863055968421E-32,-0.707106781186548,-0.707106781186547));
#1808=DIRECTION('',(-0.577350269189626,-0.577350269189626,-0.577350269189625));
#1809=DIRECTION('',(-1.,-4.93038065763132E-32,1.34495961987561E-63));
#1810=DIRECTION('',(1.,4.93038065763132E-32,-1.34495961987561E-63));
#1811=DIRECTION('',(5.50696838868941E-15,0.707106781186548,0.707106781186547));
#1812=DIRECTION('center_axis',(0.707106781186547,3.4863055968421E-32,-0.707106781186548));
#1813=DIRECTION('ref_axis',(-0.707106781186548,0.,-0.707106781186547));
#1814=DIRECTION('',(-4.93038065763132E-32,1.,8.55284707229504E-48));
#1815=DIRECTION('center_axis',(0.707106781186547,3.4863055968421E-32,-0.707106781186548));
#1816=DIRECTION('ref_axis',(-0.707106781186548,-3.4863055968421E-32,-0.707106781186547));
#1817=DIRECTION('',(-0.707106781186548,-5.24472957377376E-16,-0.707106781186547));
#1818=DIRECTION('',(4.93038065763132E-32,-1.,-8.55284707229504E-48));
#1819=DIRECTION('center_axis',(-1.,-4.93038065763132E-32,0.));
#1820=DIRECTION('ref_axis',(4.93038065763132E-32,-1.,-8.55284707229503E-48));
#1821=DIRECTION('',(0.,0.,1.));
#1822=DIRECTION('',(4.93038065763132E-32,-1.,-8.55284707229503E-48));
#1823=DIRECTION('',(0.,0.,1.));
#1824=DIRECTION('center_axis',(-4.93038065763132E-32,1.,0.));
#1825=DIRECTION('ref_axis',(-1.,-4.93038065763132E-32,0.));
#1826=DIRECTION('',(0.,0.,1.));
#1827=DIRECTION('',(-1.,-4.93038065763132E-32,0.));
#1828=DIRECTION('center_axis',(-7.41716769421011E-16,1.,0.));
#1829=DIRECTION('ref_axis',(-1.,-7.41716769421011E-16,-1.96165278347901E-62));
#1830=DIRECTION('',(0.,0.,1.));
#1831=DIRECTION('',(-1.,-7.41716769421011E-16,-6.34379009981462E-63));
#1832=DIRECTION('',(0.,0.,1.));
#1833=DIRECTION('',(-1.,-7.41716769421011E-16,-1.96165278347901E-62));
#1834=DIRECTION('center_axis',(0.,0.,1.));
#1835=DIRECTION('ref_axis',(-1.,-4.93038065763132E-32,0.));
#1836=DIRECTION('',(0.,0.,1.));
#1837=DIRECTION('center_axis',(-4.21687917729221E-79,8.55284707229503E-48,
-1.));
#1838=DIRECTION('ref_axis',(-1.,-4.93038065763132E-32,0.));
#1839=DIRECTION('center_axis',(3.4863055968421E-32,-0.707106781186548,-0.707106781186548));
#1840=DIRECTION('ref_axis',(-1.,0.,-4.93038065763132E-32));
#1841=DIRECTION('',(-1.,-4.93038065763132E-32,1.34495961987561E-63));
#1842=DIRECTION('',(0.577350269189626,0.577350269189626,-0.577350269189626));
#1843=DIRECTION('',(1.,4.93038065763132E-32,-1.34495961987561E-63));
#1844=DIRECTION('',(-0.577350269189626,0.577350269189626,-0.577350269189626));
#1845=DIRECTION('center_axis',(-0.707106781186547,-3.4863055968421E-32,
-0.707106781186548));
#1846=DIRECTION('ref_axis',(-0.707106781186548,0.,0.707106781186547));
#1847=DIRECTION('',(-0.707106781186548,5.50696838868941E-15,0.707106781186547));
#1848=DIRECTION('',(0.577350269189626,-0.577350269189626,-0.577350269189625));
#1849=DIRECTION('',(4.93038065763132E-32,-1.,-8.55284707229504E-48));
#1850=DIRECTION('',(-4.93038065763132E-32,1.,8.55284707229504E-48));
#1851=DIRECTION('center_axis',(-3.4863055968421E-32,0.707106781186547,-0.707106781186548));
#1852=DIRECTION('ref_axis',(-1.,0.,4.93038065763132E-32));
#1853=DIRECTION('',(-1.,-4.93038065763132E-32,1.34495961987561E-63));
#1854=DIRECTION('',(-1.,7.78802938284447E-15,7.78802938284446E-15));
#1855=DIRECTION('center_axis',(-3.4863055968421E-32,0.707106781186547,-0.707106781186548));
#1856=DIRECTION('ref_axis',(3.4863055968421E-32,-0.707106781186548,-0.707106781186547));
#1857=DIRECTION('',(5.24473179875182E-16,-0.707106781186548,-0.707106781186547));
#1858=DIRECTION('',(1.,4.93038065763132E-32,-1.34495961987561E-63));
#1859=DIRECTION('',(-0.577350269189626,-0.577350269189626,-0.577350269189626));
#1860=DIRECTION('center_axis',(0.707106781186548,3.4863055968421E-32,-0.707106781186548));
#1861=DIRECTION('ref_axis',(-0.707106781186548,0.,-0.707106781186548));
#1862=DIRECTION('',(-4.93038065763132E-32,1.,8.55284707229504E-48));
#1863=DIRECTION('',(4.93038065763132E-32,-1.,-8.55284707229504E-48));
#1864=DIRECTION('center_axis',(-1.,-4.93038065763132E-32,0.));
#1865=DIRECTION('ref_axis',(4.93038065763132E-32,-1.,-8.55284707229503E-48));
#1866=DIRECTION('',(0.,0.,1.));
#1867=DIRECTION('',(4.93038065763132E-32,-1.,-8.55284707229503E-48));
#1868=DIRECTION('',(0.,0.,1.));
#1869=DIRECTION('center_axis',(-4.93038065763132E-32,1.,0.));
#1870=DIRECTION('ref_axis',(-1.,-4.93038065763132E-32,0.));
#1871=DIRECTION('',(0.,0.,1.));
#1872=DIRECTION('',(-1.,-4.93038065763132E-32,0.));
#1873=DIRECTION('center_axis',(-1.,-7.41717084080425E-16,0.));
#1874=DIRECTION('ref_axis',(7.41717084080425E-16,-1.,-8.55284707229505E-48));
#1875=DIRECTION('',(0.,0.,1.));
#1876=DIRECTION('',(7.41717084080425E-16,-1.,-8.55284707229503E-48));
#1877=DIRECTION('',(0.,0.,1.));
#1878=DIRECTION('',(7.41717084080425E-16,-1.,-8.55284707229505E-48));
#1879=DIRECTION('center_axis',(0.,0.,1.));
#1880=DIRECTION('ref_axis',(4.93038065763132E-32,-1.,0.));
#1881=DIRECTION('',(0.,0.,1.));
#1882=DIRECTION('center_axis',(-4.21687917729221E-79,8.55284707229503E-48,
-1.));
#1883=DIRECTION('ref_axis',(4.93038065763132E-32,-1.,0.));
#1884=DIRECTION('center_axis',(7.78802938284447E-15,1.,0.));
#1885=DIRECTION('ref_axis',(-1.,7.78802938284447E-15,6.9587501716745E-62));
#1886=DIRECTION('',(-1.,7.78802938284447E-15,6.9587501716745E-62));
#1887=DIRECTION('',(0.,0.,1.));
#1888=DIRECTION('',(-1.,7.78802938284447E-15,6.6609824306009E-62));
#1889=DIRECTION('center_axis',(-0.707106781186547,-3.4863055968421E-32,
-0.707106781186548));
#1890=DIRECTION('ref_axis',(-0.707106781186548,0.,0.707106781186547));
#1891=DIRECTION('',(0.707106781186548,5.24473179875182E-16,-0.707106781186547));
#1892=DIRECTION('',(-4.93038065763132E-32,1.,8.55284707229504E-48));
#1893=DIRECTION('',(0.577350269189626,-0.577350269189626,-0.577350269189626));
#1894=DIRECTION('',(4.93038065763132E-32,-1.,-8.55284707229504E-48));
#1895=DIRECTION('',(0.577350269189626,0.577350269189626,-0.577350269189625));
#1896=DIRECTION('center_axis',(-3.4863055968421E-32,0.707106781186548,-0.707106781186548));
#1897=DIRECTION('ref_axis',(-1.,0.,4.93038065763132E-32));
#1898=DIRECTION('',(-1.,-4.93038065763132E-32,1.34495961987561E-63));
#1899=DIRECTION('',(1.,4.93038065763132E-32,-1.34495961987561E-63));
#1900=DIRECTION('',(-0.577350269189626,-0.577350269189626,-0.577350269189626));
#1901=DIRECTION('center_axis',(0.707106781186548,3.4863055968421E-32,-0.707106781186548));
#1902=DIRECTION('ref_axis',(-0.707106781186548,0.,-0.707106781186548));
#1903=DIRECTION('',(-4.93038065763132E-32,1.,8.55284707229504E-48));
#1904=DIRECTION('',(4.93038065763132E-32,-1.,-8.55284707229504E-48));
#1905=DIRECTION('',(-0.577350269189626,0.577350269189626,-0.577350269189626));
#1906=DIRECTION('center_axis',(3.4863055968421E-32,-0.707106781186547,-0.707106781186548));
#1907=DIRECTION('ref_axis',(-1.,0.,-4.93038065763132E-32));
#1908=DIRECTION('',(1.,7.41717084080425E-16,-7.41717084080424E-16));
#1909=DIRECTION('',(1.,4.93038065763132E-32,-1.34495961987561E-63));
#1910=DIRECTION('',(-1.,-4.93038065763132E-32,1.34495961987561E-63));
#1911=DIRECTION('',(2.62236478688688E-16,-0.707106781186548,0.707106781186547));
#1912=DIRECTION('center_axis',(3.4863055968421E-32,-0.707106781186547,-0.707106781186548));
#1913=DIRECTION('ref_axis',(-3.4863055968421E-32,0.707106781186548,-0.707106781186547));
#1914=DIRECTION('center_axis',(-4.93038065763132E-32,1.,0.));
#1915=DIRECTION('ref_axis',(-1.,-4.93038065763132E-32,0.));
#1916=DIRECTION('',(0.,0.,1.));
#1917=DIRECTION('',(-1.,-4.93038065763132E-32,0.));
#1918=DIRECTION('',(0.,0.,1.));
#1919=DIRECTION('center_axis',(1.,4.93038065763132E-32,0.));
#1920=DIRECTION('ref_axis',(-4.93038065763132E-32,1.,8.55284707229503E-48));
#1921=DIRECTION('',(0.,0.,1.));
#1922=DIRECTION('',(-4.93038065763132E-32,1.,8.55284707229503E-48));
#1923=DIRECTION('center_axis',(7.41717084080425E-16,-1.,0.));
#1924=DIRECTION('ref_axis',(1.,7.41717084080425E-16,1.96165374155826E-62));
#1925=DIRECTION('',(0.,0.,1.));
#1926=DIRECTION('',(1.,7.41717084080425E-16,6.34379279104847E-63));
#1927=DIRECTION('',(0.,0.,1.));
#1928=DIRECTION('',(1.,7.41717084080425E-16,1.96165374155826E-62));
#1929=DIRECTION('center_axis',(0.,0.,1.));
#1930=DIRECTION('ref_axis',(1.,4.93038065763132E-32,0.));
#1931=DIRECTION('',(0.,0.,1.));
#1932=DIRECTION('center_axis',(-4.21687917729221E-79,8.55284707229503E-48,
-1.));
#1933=DIRECTION('ref_axis',(1.,4.93038065763132E-32,0.));
#1934=DIRECTION('center_axis',(-3.4863055968421E-32,0.707106781186548,-0.707106781186548));
#1935=DIRECTION('ref_axis',(-1.,0.,4.93038065763132E-32));
#1936=DIRECTION('',(1.,4.93038065763132E-32,-1.34495961987561E-63));
#1937=DIRECTION('',(-0.577350269189626,-0.577350269189626,-0.577350269189626));
#1938=DIRECTION('',(-1.,-4.93038065763132E-32,1.34495961987561E-63));
#1939=DIRECTION('',(0.577350269189626,-0.577350269189626,-0.577350269189626));
#1940=DIRECTION('center_axis',(0.707106781186547,3.4863055968421E-32,-0.707106781186548));
#1941=DIRECTION('ref_axis',(-0.707106781186548,0.,-0.707106781186547));
#1942=DIRECTION('',(-7.41716769421011E-16,1.,-7.4171676942101E-16));
#1943=DIRECTION('',(-0.577350269189626,0.577350269189626,-0.577350269189625));
#1944=DIRECTION('',(-4.93038065763132E-32,1.,8.55284707229504E-48));
#1945=DIRECTION('',(4.93038065763132E-32,-1.,-8.55284707229504E-48));
#1946=DIRECTION('',(0.707106781186548,-5.50696605246245E-15,0.707106781186547));
#1947=DIRECTION('center_axis',(0.707106781186547,3.4863055968421E-32,-0.707106781186548));
#1948=DIRECTION('ref_axis',(-0.707106781186548,-3.4863055968421E-32,-0.707106781186547));
#1949=DIRECTION('center_axis',(3.4863055968421E-32,-0.707106781186547,-0.707106781186548));
#1950=DIRECTION('ref_axis',(-1.,0.,-4.93038065763132E-32));
#1951=DIRECTION('',(1.,4.93038065763132E-32,-1.34495961987561E-63));
#1952=DIRECTION('',(-5.24472957377376E-16,0.707106781186548,-0.707106781186547));
#1953=DIRECTION('',(-1.,-4.93038065763132E-32,1.34495961987561E-63));
#1954=DIRECTION('',(0.577350269189626,0.577350269189626,-0.577350269189626));
#1955=DIRECTION('center_axis',(-0.707106781186548,-3.4863055968421E-32,
-0.707106781186548));
#1956=DIRECTION('ref_axis',(-0.707106781186548,0.,0.707106781186548));
#1957=DIRECTION('',(4.93038065763132E-32,-1.,-8.55284707229504E-48));
#1958=DIRECTION('',(-4.93038065763132E-32,1.,8.55284707229504E-48));
#1959=DIRECTION('center_axis',(1.,4.93038065763132E-32,0.));
#1960=DIRECTION('ref_axis',(-4.93038065763132E-32,1.,8.55284707229503E-48));
#1961=DIRECTION('',(0.,0.,1.));
#1962=DIRECTION('',(-4.93038065763132E-32,1.,8.55284707229503E-48));
#1963=DIRECTION('',(0.,0.,1.));
#1964=DIRECTION('center_axis',(4.93038065763132E-32,-1.,0.));
#1965=DIRECTION('ref_axis',(1.,4.93038065763132E-32,0.));
#1966=DIRECTION('',(0.,0.,1.));
#1967=DIRECTION('',(1.,4.93038065763132E-32,0.));
#1968=DIRECTION('center_axis',(1.,7.41716769421011E-16,0.));
#1969=DIRECTION('ref_axis',(-7.41716769421011E-16,1.,8.55284707229505E-48));
#1970=DIRECTION('',(0.,0.,1.));
#1971=DIRECTION('',(-7.41716769421011E-16,1.,8.55284707229503E-48));
#1972=DIRECTION('',(0.,0.,1.));
#1973=DIRECTION('',(-7.41716769421011E-16,1.,8.55284707229505E-48));
#1974=DIRECTION('center_axis',(0.,0.,1.));
#1975=DIRECTION('ref_axis',(-4.93038065763132E-32,1.,0.));
#1976=DIRECTION('',(0.,0.,1.));
#1977=DIRECTION('center_axis',(-4.21687917729221E-79,8.55284707229503E-48,
-1.));
#1978=DIRECTION('ref_axis',(-4.93038065763132E-32,1.,0.));
#1979=DIRECTION('center_axis',(0.,0.,-1.));
#1980=DIRECTION('ref_axis',(1.,0.,0.));
#1981=DIRECTION('center_axis',(-4.21687917729221E-79,8.55284707229503E-48,
-1.));
#1982=DIRECTION('ref_axis',(1.,0.,0.));
#1983=DIRECTION('',(0.,0.,-1.));
#1984=DIRECTION('center_axis',(0.,0.,-1.));
#1985=DIRECTION('ref_axis',(1.,0.,0.));
#1986=DIRECTION('center_axis',(0.,0.,1.));
#1987=DIRECTION('ref_axis',(1.,0.,0.));
#1988=DIRECTION('center_axis',(0.,0.,1.));
#1989=DIRECTION('ref_axis',(1.,4.93038065763132E-32,0.));
#1990=DIRECTION('center_axis',(0.,0.,-1.));
#1991=DIRECTION('ref_axis',(1.,0.,0.));
#1992=DIRECTION('center_axis',(-4.21687917729221E-79,8.55284707229503E-48,
-1.));
#1993=DIRECTION('ref_axis',(1.,0.,0.));
#1994=DIRECTION('',(0.,0.,-1.));
#1995=DIRECTION('center_axis',(0.,0.,-1.));
#1996=DIRECTION('ref_axis',(1.,0.,0.));
#1997=DIRECTION('center_axis',(0.,0.,1.));
#1998=DIRECTION('ref_axis',(1.,0.,0.));
#1999=DIRECTION('center_axis',(0.,0.,1.));
#2000=DIRECTION('ref_axis',(1.,4.93038065763132E-32,0.));
#2001=DIRECTION('center_axis',(0.,0.,-1.));
#2002=DIRECTION('ref_axis',(1.,0.,0.));
#2003=DIRECTION('center_axis',(-4.21687917729221E-79,8.55284707229503E-48,
-1.));
#2004=DIRECTION('ref_axis',(1.,0.,0.));
#2005=DIRECTION('',(0.,0.,-1.));
#2006=DIRECTION('center_axis',(0.,0.,-1.));
#2007=DIRECTION('ref_axis',(1.,0.,0.));
#2008=DIRECTION('center_axis',(0.,0.,1.));
#2009=DIRECTION('ref_axis',(1.,0.,0.));
#2010=DIRECTION('center_axis',(0.,0.,1.));
#2011=DIRECTION('ref_axis',(1.,4.93038065763132E-32,0.));
#2012=DIRECTION('center_axis',(0.,0.,-1.));
#2013=DIRECTION('ref_axis',(1.,0.,0.));
#2014=DIRECTION('center_axis',(-4.21687917729221E-79,8.55284707229503E-48,
-1.));
#2015=DIRECTION('ref_axis',(1.,0.,0.));
#2016=DIRECTION('',(0.,0.,-1.));
#2017=DIRECTION('center_axis',(0.,0.,-1.));
#2018=DIRECTION('ref_axis',(1.,0.,0.));
#2019=DIRECTION('center_axis',(0.,0.,1.));
#2020=DIRECTION('ref_axis',(1.,0.,0.));
#2021=DIRECTION('center_axis',(0.,0.,1.));
#2022=DIRECTION('ref_axis',(1.,4.93038065763132E-32,0.));
#2023=DIRECTION('center_axis',(0.,0.,1.));
#2024=DIRECTION('ref_axis',(1.,0.,0.));
#2025=DIRECTION('',(1.,3.89551947172132E-16,0.));
#2026=DIRECTION('',(4.93038065763132E-32,-1.,-8.55284707229503E-48));
#2027=DIRECTION('',(-1.,-4.93989167364558E-16,0.));
#2028=DIRECTION('',(-5.55111524720288E-16,1.,8.55284707229503E-48));
#2029=DIRECTION('center_axis',(4.21687917729221E-79,-8.55284707229503E-48,
1.));
#2030=DIRECTION('ref_axis',(1.,4.93038065763132E-32,0.));
#2031=DIRECTION('',(4.93038065763132E-32,-1.,-8.55284707229503E-48));
#2032=DIRECTION('',(1.,3.89551947172132E-16,3.331778230878E-63));
#2033=DIRECTION('',(7.28015114387262E-16,-1.,-8.55284707229503E-48));
#2034=DIRECTION('',(1.,7.28015114387264E-16,6.22660193967364E-63));
#2035=DIRECTION('',(6.8171590755123E-16,-1.,-8.55284707229503E-48));
#2036=DIRECTION('',(-1.,-7.28015114387262E-16,-6.22660193967363E-63));
#2037=DIRECTION('',(7.28015036582054E-16,-1.,-8.55284707229503E-48));
#2038=DIRECTION('',(-1.,-6.81715907551231E-16,-5.83061190403649E-63));
#2039=DIRECTION('',(-7.28015036582055E-16,1.,8.55284707229503E-48));
#2040=DIRECTION('',(-1.,7.64415870106626E-15,6.53793203665731E-62));
#2041=DIRECTION('',(-4.93038065763132E-32,1.,8.55284707229503E-48));
#2042=DIRECTION('',(1.,3.64007557193631E-16,3.11330096983682E-63));
#2043=DIRECTION('',(-4.93038065763132E-32,1.,8.55284707229503E-48));
#2044=DIRECTION('',(1.,3.89551947172132E-16,3.331778230878E-63));
#2045=DIRECTION('',(-5.55111524720288E-16,1.,8.55284707229503E-48));
#2046=DIRECTION('',(1.,4.93038065763132E-32,0.));
#2047=DIRECTION('',(1.,-7.78802607892061E-15,-6.66097960480535E-62));
#2048=DIRECTION('',(-3.89551947172132E-16,1.,8.55284707229503E-48));
#2049=DIRECTION('',(7.78802938284447E-15,1.,8.55284707229503E-48));
#2050=DIRECTION('',(-1.,-7.45116140564145E-16,-6.37286440134382E-63));
#2051=DIRECTION('',(-4.93038065763132E-32,1.,8.55284707229503E-48));
#2052=DIRECTION('',(-1.,-6.344131711089E-16,-5.42603883314416E-63));
#2053=DIRECTION('',(4.93038065763132E-32,-1.,-8.55284707229503E-48));
#2054=DIRECTION('',(-1.,-4.93038065763132E-32,0.));
#2055=DIRECTION('',(6.8171590755123E-16,-1.,-8.55284707229503E-48));
#2056=DIRECTION('',(3.70858384710505E-16,-1.,-8.55284707229503E-48));
#2057=DIRECTION('',(1.,4.93038065763132E-32,0.));
#2058=DIRECTION('center_axis',(3.89551947172132E-16,-1.,0.));
#2059=DIRECTION('ref_axis',(1.,3.89551947172132E-16,3.331778230878E-63));
#2060=DIRECTION('',(0.,0.,1.));
#2061=DIRECTION('',(0.,0.,-1.));
#2062=DIRECTION('',(0.,0.,1.));
#2063=DIRECTION('',(1.,3.89551947172132E-16,3.331778230878E-63));
#2064=DIRECTION('',(0.,0.,1.));
#2065=DIRECTION('center_axis',(4.21687917729221E-79,-8.55284707229503E-48,
1.));
#2066=DIRECTION('ref_axis',(1.,4.93038065763132E-32,0.));
#2067=DIRECTION('',(-4.93038065763132E-32,1.,8.55284707229503E-48));
#2068=DIRECTION('',(-1.,7.64415870106626E-15,6.53793203665731E-62));
#2069=DIRECTION('',(-7.28015036582055E-16,1.,8.55284707229503E-48));
#2070=DIRECTION('',(-1.,-6.81715907551231E-16,-5.83061190403649E-63));
#2071=DIRECTION('',(7.28015036582054E-16,-1.,-8.55284707229503E-48));
#2072=DIRECTION('',(-1.,-7.28015114387262E-16,-6.22660193967363E-63));
#2073=DIRECTION('',(6.8171590755123E-16,-1.,-8.55284707229503E-48));
#2074=DIRECTION('',(1.,7.28015114387264E-16,6.22660193967364E-63));
#2075=DIRECTION('',(7.28015114387262E-16,-1.,-8.55284707229503E-48));
#2076=DIRECTION('',(-4.93038065763132E-32,1.,8.55284707229503E-48));
#2077=DIRECTION('',(1.,3.64007557193631E-16,3.11330096983682E-63));
#2078=DIRECTION('center_axis',(4.93038065763132E-32,-1.,0.));
#2079=DIRECTION('ref_axis',(1.,4.93038065763132E-32,0.));
#2080=DIRECTION('',(1.,4.93038065763132E-32,0.));
#2081=DIRECTION('',(0.,0.,1.));
#2082=DIRECTION('center_axis',(1.,4.93038065763132E-32,0.));
#2083=DIRECTION('ref_axis',(-4.93038065763132E-32,1.,8.55284707229503E-48));
#2084=DIRECTION('',(-4.93038065763132E-32,1.,8.55284707229503E-48));
#2085=DIRECTION('center_axis',(4.93038065763132E-32,-1.,0.));
#2086=DIRECTION('ref_axis',(1.,4.93038065763132E-32,0.));
#2087=DIRECTION('',(1.,4.93038065763132E-32,0.));
#2088=DIRECTION('',(0.,0.,1.));
#2089=DIRECTION('center_axis',(1.,4.93038065763132E-32,0.));
#2090=DIRECTION('ref_axis',(-4.93038065763132E-32,1.,8.55284707229503E-48));
#2091=DIRECTION('',(-4.93038065763132E-32,1.,8.55284707229503E-48));
#2092=DIRECTION('center_axis',(-1.,-4.93038065763132E-32,0.));
#2093=DIRECTION('ref_axis',(4.93038065763132E-32,-1.,-8.55284707229503E-48));
#2094=DIRECTION('',(4.93038065763132E-32,-1.,-8.55284707229503E-48));
#2095=DIRECTION('',(0.,0.,1.));
#2096=DIRECTION('center_axis',(4.93038065763132E-32,-1.,0.));
#2097=DIRECTION('ref_axis',(1.,4.93038065763132E-32,0.));
#2098=DIRECTION('',(1.,4.93038065763132E-32,0.));
#2099=DIRECTION('center_axis',(-1.,-4.93038065763132E-32,0.));
#2100=DIRECTION('ref_axis',(4.93038065763132E-32,-1.,-8.55284707229503E-48));
#2101=DIRECTION('',(0.,0.,1.));
#2102=DIRECTION('',(4.93038065763132E-32,-1.,-8.55284707229503E-48));
#2103=DIRECTION('center_axis',(-4.93038065763132E-32,1.,0.));
#2104=DIRECTION('ref_axis',(-1.,-4.93038065763132E-32,0.));
#2105=DIRECTION('',(-1.,-4.93038065763132E-32,0.));
#2106=DIRECTION('center_axis',(-4.93038065763132E-32,1.,0.));
#2107=DIRECTION('ref_axis',(-1.,-4.93038065763132E-32,0.));
#2108=DIRECTION('',(0.,0.,1.));
#2109=DIRECTION('',(-1.,-4.93038065763132E-32,0.));
#2110=DIRECTION('center_axis',(-1.,-4.93038065763132E-32,0.));
#2111=DIRECTION('ref_axis',(4.93038065763132E-32,-1.,-8.55284707229503E-48));
#2112=DIRECTION('',(0.,0.,1.));
#2113=DIRECTION('',(4.93038065763132E-32,-1.,-8.55284707229503E-48));
#2114=DIRECTION('center_axis',(-6.344131711089E-16,1.,0.));
#2115=DIRECTION('ref_axis',(-1.,-6.344131711089E-16,-5.42603883314416E-63));
#2116=DIRECTION('',(0.,0.,1.));
#2117=DIRECTION('',(-1.,-6.344131711089E-16,-5.42603883314416E-63));
#2118=DIRECTION('center_axis',(1.,4.93038065763132E-32,0.));
#2119=DIRECTION('ref_axis',(-4.93038065763132E-32,1.,8.55284707229503E-48));
#2120=DIRECTION('',(0.,0.,1.));
#2121=DIRECTION('',(-4.93038065763132E-32,1.,8.55284707229503E-48));
#2122=DIRECTION('center_axis',(-7.45116140564145E-16,1.,0.));
#2123=DIRECTION('ref_axis',(-1.,-7.45116140564145E-16,-6.37286440134382E-63));
#2124=DIRECTION('',(0.,0.,1.));
#2125=DIRECTION('',(-1.,-7.45116140564145E-16,-6.37286440134382E-63));
#2126=DIRECTION('center_axis',(1.,-7.78802938284447E-15,0.));
#2127=DIRECTION('ref_axis',(7.78802938284447E-15,1.,8.55284707229503E-48));
#2128=DIRECTION('',(7.78802938284447E-15,1.,8.55284707229503E-48));
#2129=DIRECTION('center_axis',(1.,3.89551947172132E-16,0.));
#2130=DIRECTION('ref_axis',(-3.89551947172132E-16,1.,8.55284707229503E-48));
#2131=DIRECTION('',(0.,0.,1.));
#2132=DIRECTION('',(-3.89551947172132E-16,1.,8.55284707229503E-48));
#2133=DIRECTION('center_axis',(-7.78802607892061E-15,-1.,0.));
#2134=DIRECTION('ref_axis',(1.,-7.78802607892061E-15,-6.95874734544147E-62));
#2135=DIRECTION('',(1.,-7.78802607892061E-15,-6.95874734544147E-62));
#2136=DIRECTION('center_axis',(4.93038065763132E-32,-1.,0.));
#2137=DIRECTION('ref_axis',(1.,4.93038065763132E-32,0.));
#2138=DIRECTION('',(0.,0.,1.));
#2139=DIRECTION('',(1.,4.93038065763132E-32,0.));
#2140=DIRECTION('center_axis',(1.,5.55111524720288E-16,0.));
#2141=DIRECTION('ref_axis',(-5.55111524720288E-16,1.,8.55284707229503E-48));
#2142=DIRECTION('',(0.,0.,1.));
#2143=DIRECTION('',(-5.55111524720288E-16,1.,8.55284707229503E-48));
#2144=DIRECTION('center_axis',(4.93989167364558E-16,-1.,0.));
#2145=DIRECTION('ref_axis',(1.,4.93989167364558E-16,2.88005418396381E-63));
#2146=DIRECTION('',(0.,0.,1.));
#2147=DIRECTION('',(1.,4.93989167364558E-16,2.88005418396381E-63));
#2148=DIRECTION('center_axis',(-1.,-4.93038065763132E-32,0.));
#2149=DIRECTION('ref_axis',(4.93038065763132E-32,-1.,-8.55284707229503E-48));
#2150=DIRECTION('',(0.,0.,1.));
#2151=DIRECTION('',(4.93038065763132E-32,-1.,-8.55284707229503E-48));
#2152=DIRECTION('center_axis',(4.93038065763132E-32,-1.,0.));
#2153=DIRECTION('ref_axis',(1.,4.93038065763132E-32,0.));
#2154=DIRECTION('',(0.,0.,1.));
#2155=DIRECTION('',(1.,4.93038065763132E-32,0.));
#2156=DIRECTION('center_axis',(-1.,-3.70858384710505E-16,0.));
#2157=DIRECTION('ref_axis',(3.70858384710505E-16,-1.,-8.55284707229504E-48));
#2158=DIRECTION('',(3.70858384710505E-16,-1.,-8.55284707229504E-48));
#2159=DIRECTION('center_axis',(-1.,-6.8171590755123E-16,0.));
#2160=DIRECTION('ref_axis',(6.8171590755123E-16,-1.,-8.55284707229503E-48));
#2161=DIRECTION('',(6.8171590755123E-16,-1.,-8.55284707229503E-48));
#2162=DIRECTION('center_axis',(1.34495961987561E-63,-8.55284707229504E-48,
1.));
#2163=DIRECTION('ref_axis',(1.,4.93038065763132E-32,-1.34495961987561E-63));
#2164=DIRECTION('center_axis',(4.21687917729221E-79,-8.55284707229503E-48,
1.));
#2165=DIRECTION('ref_axis',(1.,4.93038065763132E-32,0.));
#2166=DIRECTION('center_axis',(-4.21687917729221E-79,8.55284707229503E-48,
-1.));
#2167=DIRECTION('ref_axis',(1.,4.93038065763132E-32,0.));
#2168=DIRECTION('center_axis',(4.21687917729221E-79,-8.55284707229503E-48,
1.));
#2169=DIRECTION('ref_axis',(1.,4.93038065763132E-32,0.));
#2170=DIRECTION('center_axis',(-4.21687917729221E-79,8.55284707229503E-48,
-1.));
#2171=DIRECTION('ref_axis',(1.,4.93038065763132E-32,0.));
#2172=DIRECTION('center_axis',(4.21687917729221E-79,-8.55284707229503E-48,
1.));
#2173=DIRECTION('ref_axis',(1.,4.93038065763132E-32,0.));
#2174=DIRECTION('center_axis',(-4.21687917729221E-79,8.55284707229503E-48,
-1.));
#2175=DIRECTION('ref_axis',(1.,4.93038065763132E-32,0.));
#2176=DIRECTION('center_axis',(4.21687917729221E-79,-8.55284707229503E-48,
1.));
#2177=DIRECTION('ref_axis',(1.,4.93038065763132E-32,0.));
#2178=DIRECTION('center_axis',(-4.21687917729221E-79,8.55284707229503E-48,
-1.));
#2179=DIRECTION('ref_axis',(1.,4.93038065763132E-32,0.));
#2180=DIRECTION('center_axis',(0.,0.,1.));
#2181=DIRECTION('ref_axis',(1.,4.93038065763132E-32,0.));
#2182=DIRECTION('',(0.,0.,-1.));
#2183=DIRECTION('center_axis',(0.,0.,1.));
#2184=DIRECTION('ref_axis',(1.,4.93038065763132E-32,0.));
#2185=DIRECTION('',(0.,0.,-1.));
#2186=DIRECTION('center_axis',(0.,0.,1.));
#2187=DIRECTION('ref_axis',(1.,4.93038065763132E-32,0.));
#2188=DIRECTION('',(0.,0.,-1.));
#2189=DIRECTION('center_axis',(0.,0.,1.));
#2190=DIRECTION('ref_axis',(1.,4.93038065763132E-32,0.));
#2191=DIRECTION('',(0.,0.,-1.));
#2192=DIRECTION('center_axis',(3.64007557193631E-16,-1.,0.));
#2193=DIRECTION('ref_axis',(1.,3.64007557193631E-16,3.11330096983682E-63));
#2194=DIRECTION('',(0.,0.,1.));
#2195=DIRECTION('',(0.,0.,1.));
#2196=DIRECTION('center_axis',(1.,4.93038065763132E-32,0.));
#2197=DIRECTION('ref_axis',(-4.93038065763132E-32,1.,8.55284707229503E-48));
#2198=DIRECTION('center_axis',(-1.,-7.28015114387262E-16,0.));
#2199=DIRECTION('ref_axis',(7.28015114387262E-16,-1.,-8.55284707229503E-48));
#2200=DIRECTION('',(0.,0.,1.));
#2201=DIRECTION('center_axis',(7.28015114387264E-16,-1.,0.));
#2202=DIRECTION('ref_axis',(1.,7.28015114387264E-16,6.22660193967364E-63));
#2203=DIRECTION('',(0.,0.,1.));
#2204=DIRECTION('center_axis',(-1.,-6.8171590755123E-16,0.));
#2205=DIRECTION('ref_axis',(6.8171590755123E-16,-1.,-8.55284707229503E-48));
#2206=DIRECTION('',(0.,0.,1.));
#2207=DIRECTION('center_axis',(-7.28015114387262E-16,1.,0.));
#2208=DIRECTION('ref_axis',(-1.,-7.28015114387262E-16,-6.22660193967363E-63));
#2209=DIRECTION('',(0.,0.,1.));
#2210=DIRECTION('center_axis',(-1.,-7.28015036582054E-16,0.));
#2211=DIRECTION('ref_axis',(7.28015036582054E-16,-1.,-8.55284707229503E-48));
#2212=DIRECTION('',(0.,0.,1.));
#2213=DIRECTION('center_axis',(-6.81715907551231E-16,1.,0.));
#2214=DIRECTION('ref_axis',(-1.,-6.81715907551231E-16,-5.83061190403649E-63));
#2215=DIRECTION('',(0.,0.,1.));
#2216=DIRECTION('center_axis',(1.,7.28015036582055E-16,0.));
#2217=DIRECTION('ref_axis',(-7.28015036582055E-16,1.,8.55284707229503E-48));
#2218=DIRECTION('',(0.,0.,1.));
#2219=DIRECTION('center_axis',(7.64415870106626E-15,1.,0.));
#2220=DIRECTION('ref_axis',(-1.,7.64415870106626E-15,6.53793203665731E-62));
#2221=DIRECTION('',(0.,0.,1.));
#2222=DIRECTION('center_axis',(1.,4.93038065763132E-32,0.));
#2223=DIRECTION('ref_axis',(-4.93038065763132E-32,1.,8.55284707229503E-48));
#2224=CARTESIAN_POINT('',(0.,0.,0.));
#2225=CARTESIAN_POINT('Origin',(5.50000008195639,7.00000011175871,6.700050800102));
#2226=CARTESIAN_POINT('',(12.0000001639128,6.50000011175871,7.200050800102));
#2227=CARTESIAN_POINT('',(6.50000011175871,6.50000011175871,7.200050800102));
#2228=CARTESIAN_POINT('',(5.50000008195639,6.50000011175871,7.200050800102));
#2229=CARTESIAN_POINT('',(7.50000011175871,7.50000011175871,6.200050800102));
#2230=CARTESIAN_POINT('',(6.50000011175871,6.50000011175871,7.200050800102));
#2231=CARTESIAN_POINT('',(11.0000001639128,7.50000011175871,6.200050800102));
#2232=CARTESIAN_POINT('',(5.50000008195639,7.50000011175871,6.200050800102));
#2233=CARTESIAN_POINT('',(12.0000001639128,6.50000011175871,7.200050800102));
#2234=CARTESIAN_POINT('Origin',(7.00000011175871,3.69066607721695,6.700050800102));
#2235=CARTESIAN_POINT('',(7.50000011175871,11.0000001639128,6.200050800102));
#2236=CARTESIAN_POINT('',(7.50000011175871,3.69066607721695,6.200050800102));
#2237=CARTESIAN_POINT('',(6.50000011175871,12.0000001639128,7.200050800102));
#2238=CARTESIAN_POINT('',(6.50000011175871,3.69066607721695,7.200050800102));
#2239=CARTESIAN_POINT('',(6.50000011175871,12.0000001639128,7.200050800102));
#2240=CARTESIAN_POINT('Origin',(3.75000005587935,11.5000001639128,6.700050800102));
#2241=CARTESIAN_POINT('',(11.2410413160512,11.2410413160512,6.44109195224041));
#2242=CARTESIAN_POINT('',(11.2373202946399,11.250022860046,6.45007349623522));
#2243=CARTESIAN_POINT('Origin',(11.25002032004,11.250022860046,6.45007349623522));
#2244=CARTESIAN_POINT('',(11.0000001639128,11.0000001639128,6.200050800102));
#2245=CARTESIAN_POINT('',(12.0000001639128,12.0000001639128,7.200050800102));
#2246=CARTESIAN_POINT('',(3.75000005587935,11.0000001639128,6.200050800102));
#2247=CARTESIAN_POINT('',(11.23732029464,12.0000001639128,7.200050800102));
#2248=CARTESIAN_POINT('',(3.75000005587935,12.0000001639128,7.200050800102));
#2249=CARTESIAN_POINT('',(11.2373202946399,11.0125058379461,6.21255647413529));
#2250=CARTESIAN_POINT('Origin',(11.5000001639128,5.44066610329398,6.700050800102));
#2251=CARTESIAN_POINT('',(11.0000001639128,5.44066610329398,6.200050800102));
#2252=CARTESIAN_POINT('',(11.25002032004,11.2373228346459,6.45007095622922));
#2253=CARTESIAN_POINT('Origin',(11.25002032004,11.250022860046,6.45007095622922));
#2254=CARTESIAN_POINT('',(12.0000001639128,11.237322834646,7.200050800102));
#2255=CARTESIAN_POINT('',(12.3250000307336,11.237322834646,7.52505066692287));
#2256=CARTESIAN_POINT('',(12.0000001639128,5.44066610329398,7.200050800102));
#2257=CARTESIAN_POINT('Origin',(11.0000001639128,11.0000001639128,5.000050800102));
#2258=CARTESIAN_POINT('',(11.0000001639128,7.50000011175871,5.000050800102));
#2259=CARTESIAN_POINT('',(11.0000001639128,7.50000011175871,5.000050800102));
#2260=CARTESIAN_POINT('',(11.0000001639128,11.0000001639128,5.000050800102));
#2261=CARTESIAN_POINT('',(11.0000001639128,5.50000024493784,5.000050800102));
#2262=CARTESIAN_POINT('',(11.0000001639128,11.0000001639128,5.000050800102));
#2263=CARTESIAN_POINT('Origin',(11.0000001639128,7.50000011175871,5.000050800102));
#2264=CARTESIAN_POINT('',(7.50000011175871,7.50000011175871,5.000050800102));
#2265=CARTESIAN_POINT('',(7.50000011175871,7.50000011175871,5.000050800102));
#2266=CARTESIAN_POINT('',(5.50000008195639,7.50000011175871,5.000050800102));
#2267=CARTESIAN_POINT('Origin',(16.4999996311963,11.237322834646,5.000050800102));
#2268=CARTESIAN_POINT('',(11.25002032004,11.2373228346459,5.000050800102));
#2269=CARTESIAN_POINT('',(11.25002032004,11.2373228346459,5.000050800102));
#2270=CARTESIAN_POINT('',(16.4999996311963,11.237322834646,5.000050800102));
#2271=CARTESIAN_POINT('',(8.24999981559813,11.237322834646,5.000050800102));
#2272=CARTESIAN_POINT('',(16.4999996311963,11.237322834646,7.200050800102));
#2273=CARTESIAN_POINT('',(16.4999996311963,11.237322834646,5.000050800102));
#2274=CARTESIAN_POINT('',(17.23733553467,11.237322834646,7.200050800102));
#2275=CARTESIAN_POINT('Origin',(11.25002032004,11.250022860046,5.000050800102));
#2276=CARTESIAN_POINT('',(11.2373202946399,11.250022860046,5.000050800102));
#2277=CARTESIAN_POINT('',(11.2373202946399,11.250022860046,5.000050800102));
#2278=CARTESIAN_POINT('Origin',(11.25002032004,11.250022860046,5.000050800102));
#2279=CARTESIAN_POINT('Origin',(-3.75000005587936,5.50000008940697,6.700050800102));
#2280=CARTESIAN_POINT('',(-6.50000011175871,5.00000008940697,7.200050800102));
#2281=CARTESIAN_POINT('',(-13.0000001788139,5.00000008940697,7.200050800102));
#2282=CARTESIAN_POINT('',(-3.75000005587936,5.00000008940697,7.200050800102));
#2283=CARTESIAN_POINT('',(-12.0000001788139,6.00000008940697,6.200050800102));
#2284=CARTESIAN_POINT('',(-13.0000001788139,5.00000008940697,7.200050800102));
#2285=CARTESIAN_POINT('',(-7.50000011175871,6.00000008940697,6.200050800102));
#2286=CARTESIAN_POINT('',(-3.75000005587936,6.00000008940697,6.200050800102));
#2287=CARTESIAN_POINT('',(-6.50000011175871,5.00000008940697,7.200050800102));
#2288=CARTESIAN_POINT('Origin',(-12.5000001788139,2.94066606604108,6.700050800102));
#2289=CARTESIAN_POINT('',(-12.7373228569977,11.2373228346459,6.93737347828575));
#2290=CARTESIAN_POINT('',(-13.0000001788139,11.2373228346459,7.200050800102));
#2291=CARTESIAN_POINT('',(-11.7625058491219,11.2373228346459,5.96255647041));
#2292=CARTESIAN_POINT('',(-12.0000001788139,10.5000001564622,6.200050800102));
#2293=CARTESIAN_POINT('',(-13.0000001788139,11.5000001564622,7.200050800102));
#2294=CARTESIAN_POINT('',(-12.0000001788139,2.94066606604108,6.200050800102));
#2295=CARTESIAN_POINT('',(-13.0000001788139,2.94066606604108,7.200050800102));
#2296=CARTESIAN_POINT('Origin',(-6.00000008940697,11.0000001564622,6.700050800102));
#2297=CARTESIAN_POINT('',(-7.50000011175871,10.5000001564622,6.200050800102));
#2298=CARTESIAN_POINT('',(-6.00000008940697,10.5000001564622,6.200050800102));
#2299=CARTESIAN_POINT('',(-11.250022860046,11.2373228346459,6.93737347828574));
#2300=CARTESIAN_POINT('',(-8.62501147472648,11.2373228346459,6.93737347828572));
#2301=CARTESIAN_POINT('',(-11.237322834646,11.250022860046,6.95007350368579));
#2302=CARTESIAN_POINT('Origin',(-11.250022860046,11.250022860046,6.95007350368579));
#2303=CARTESIAN_POINT('',(-11.237322834646,11.5000001564622,7.200050800102));
#2304=CARTESIAN_POINT('',(-11.237322834646,11.9500000251457,7.65005066878552));
#2305=CARTESIAN_POINT('',(-6.50000011175871,11.5000001564622,7.200050800102));
#2306=CARTESIAN_POINT('',(-6.00000008940697,11.5000001564622,7.200050800102));
#2307=CARTESIAN_POINT('',(-6.50000011175871,11.5000001564622,7.200050800102));
#2308=CARTESIAN_POINT('Origin',(-7.00000011175871,5.19066609956869,6.700050800102));
#2309=CARTESIAN_POINT('',(-7.50000011175871,5.19066609956869,6.200050800102));
#2310=CARTESIAN_POINT('',(-6.50000011175871,5.19066609956869,7.200050800102));
#2311=CARTESIAN_POINT('Origin',(-7.50000011175871,10.5000001564622,5.000050800102));
#2312=CARTESIAN_POINT('',(-7.50000011175871,6.00000008940697,5.000050800102));
#2313=CARTESIAN_POINT('',(-7.50000011175871,6.00000008940697,5.000050800102));
#2314=CARTESIAN_POINT('',(-7.50000011175871,10.5000001564622,5.000050800102));
#2315=CARTESIAN_POINT('',(-7.50000011175871,5.25000024121255,5.000050800102));
#2316=CARTESIAN_POINT('',(-7.50000011175871,10.5000001564622,5.000050800102));
#2317=CARTESIAN_POINT('Origin',(-7.50000011175871,6.00000008940697,5.000050800102));
#2318=CARTESIAN_POINT('',(-12.0000001788139,6.00000008940697,5.000050800102));
#2319=CARTESIAN_POINT('',(-12.0000001788139,6.00000008940697,5.000050800102));
#2320=CARTESIAN_POINT('',(-3.75000005587935,6.00000008940697,5.000050800102));
#2321=CARTESIAN_POINT('Origin',(-11.237322834646,16.4999996311963,5.000050800102));
#2322=CARTESIAN_POINT('',(-11.237322834646,11.250022860046,5.000050800102));
#2323=CARTESIAN_POINT('',(-11.237322834646,11.250022860046,5.000050800102));
#2324=CARTESIAN_POINT('',(-11.237322834646,16.4999996311963,5.000050800102));
#2325=CARTESIAN_POINT('',(-11.237322834646,8.24999997857958,5.000050800102));
#2326=CARTESIAN_POINT('',(-11.237322834646,16.4999996311963,7.200050800102));
#2327=CARTESIAN_POINT('',(-11.237322834646,16.4999996311963,5.000050800102));
#2328=CARTESIAN_POINT('',(-11.237322834646,17.237335534671,7.200050800102));
#2329=CARTESIAN_POINT('Origin',(-11.250022860046,11.250022860046,5.000050800102));
#2330=CARTESIAN_POINT('',(-11.250022860046,11.2373228346459,5.000050800102));
#2331=CARTESIAN_POINT('',(-11.250022860046,11.2373228346459,5.000050800102));
#2332=CARTESIAN_POINT('Origin',(-11.250022860046,11.250022860046,5.000050800102));
#2333=CARTESIAN_POINT('Origin',(-11.250022860046,11.2373228346459,5.000050800102));
#2334=CARTESIAN_POINT('',(-16.4999996311963,11.237322834646,7.200050800102));
#2335=CARTESIAN_POINT('',(-11.250022860046,11.2373228346459,7.200050800102));
#2336=CARTESIAN_POINT('',(-16.4999996311963,11.237322834646,5.000050800102));
#2337=CARTESIAN_POINT('',(-16.4999996311963,11.237322834646,5.000050800102));
#2338=CARTESIAN_POINT('',(-5.62501143002296,11.2373228346459,5.000050800102));
#2339=CARTESIAN_POINT('Origin',(-12.0000001713634,-5.55933406061879,6.700050800102));
#2340=CARTESIAN_POINT('',(-12.5000001713634,-11.23732029464,7.200050800102));
#2341=CARTESIAN_POINT('',(-11.7373203020906,-11.23732029464,6.43737093082924));
#2342=CARTESIAN_POINT('',(-12.7000000363216,-11.23732029464,7.40005066506023));
#2343=CARTESIAN_POINT('',(-12.5000001713634,-5.50000009685755,7.200050800102));
#2344=CARTESIAN_POINT('',(-12.5000001713634,-5.55933406061879,7.200050800102));
#2345=CARTESIAN_POINT('',(-11.5000001713634,-6.50000009685755,6.200050800102));
#2346=CARTESIAN_POINT('',(-12.5000001713634,-5.50000009685755,7.200050800102));
#2347=CARTESIAN_POINT('',(-11.5000001713634,-11.0000001639128,6.200050800102));
#2348=CARTESIAN_POINT('',(-11.5000001713634,-5.55933406061879,6.200050800102));
#2349=CARTESIAN_POINT('',(-12.5000001713634,-12.0000001639128,7.200050800102));
#2350=CARTESIAN_POINT('Origin',(-5.75000008568168,-6.00000009685755,6.700050800102));
#2351=CARTESIAN_POINT('',(-7.00000010430813,-6.50000009685755,6.200050800102));
#2352=CARTESIAN_POINT('',(-5.75000008568168,-6.50000009685755,6.200050800102));
#2353=CARTESIAN_POINT('',(-6.00000010430813,-5.50000009685755,7.200050800102));
#2354=CARTESIAN_POINT('',(-5.75000008568168,-5.50000009685755,7.200050800102));
#2355=CARTESIAN_POINT('',(-6.00000010430813,-5.50000009685755,7.200050800102));
#2356=CARTESIAN_POINT('Origin',(-6.50000010430813,-3.30933402709118,6.700050800102));
#2357=CARTESIAN_POINT('',(-7.00000010430813,-11.0000001639128,6.200050800102));
#2358=CARTESIAN_POINT('',(-7.00000010430813,-3.30933402709118,6.200050800102));
#2359=CARTESIAN_POINT('',(-6.00000010430813,-12.0000001639128,7.200050800102));
#2360=CARTESIAN_POINT('',(-6.00000010430813,-3.30933402709118,7.200050800102));
#2361=CARTESIAN_POINT('',(-6.00000010430813,-12.0000001639128,7.200050800102));
#2362=CARTESIAN_POINT('Origin',(-3.50000005215407,-11.5000001639128,6.700050800102));
#2363=CARTESIAN_POINT('',(-11.250022860046,-11.23732029464,6.43737093082924));
#2364=CARTESIAN_POINT('',(-9.99999984167516,-11.23732029464,6.43737093082924));
#2365=CARTESIAN_POINT('',(-3.50000005215407,-11.0000001639128,6.200050800102));
#2366=CARTESIAN_POINT('',(-11.237322834646,-12.0000001639128,7.200050800102));
#2367=CARTESIAN_POINT('',(-3.50000005215407,-12.0000001639128,7.200050800102));
#2368=CARTESIAN_POINT('',(-11.237322834646,-11.25002032004,6.45007095622924));
#2369=CARTESIAN_POINT('',(-11.237322834646,-11.0125052029446,6.21255583913381));
#2370=CARTESIAN_POINT('Origin',(-11.250022860046,-11.25002032004,6.45007095622924));
#2371=CARTESIAN_POINT('Origin',(-7.00000010430813,-11.0000001639128,5.000050800102));
#2372=CARTESIAN_POINT('',(-11.5000001713634,-11.0000001639128,5.000050800102));
#2373=CARTESIAN_POINT('',(-11.5000001713634,-11.0000001639128,5.000050800102));
#2374=CARTESIAN_POINT('',(-7.00000010430813,-11.0000001639128,5.000050800102));
#2375=CARTESIAN_POINT('',(-3.50000005215406,-11.0000001639128,5.000050800102));
#2376=CARTESIAN_POINT('',(-7.00000010430813,-11.0000001639128,5.000050800102));
#2377=CARTESIAN_POINT('Origin',(-11.5000001713634,-11.0000001639128,5.000050800102));
#2378=CARTESIAN_POINT('',(-11.5000001713634,-6.50000009685755,5.000050800102));
#2379=CARTESIAN_POINT('',(-11.5000001713634,-6.50000009685755,5.000050800102));
#2380=CARTESIAN_POINT('',(-11.5000001713634,-5.49999991897494,5.000050800102));
#2381=CARTESIAN_POINT('Origin',(-16.4999996311963,-11.23732029464,5.000050800102));
#2382=CARTESIAN_POINT('',(-11.250022860046,-11.23732029464,5.000050800102));
#2383=CARTESIAN_POINT('',(-11.250022860046,-11.23732029464,5.000050800102));
#2384=CARTESIAN_POINT('',(-16.4999996311963,-11.23732029464,5.000050800102));
#2385=CARTESIAN_POINT('',(-8.24999981559813,-11.23732029464,5.000050800102));
#2386=CARTESIAN_POINT('',(-16.4999996311963,-11.23732029464,7.200050800102));
#2387=CARTESIAN_POINT('',(-16.4999996311963,-11.23732029464,5.000050800102));
#2388=CARTESIAN_POINT('',(-17.237335534671,-11.23732029464,7.200050800102));
#2389=CARTESIAN_POINT('Origin',(-11.250022860046,-11.25002032004,5.000050800102));
#2390=CARTESIAN_POINT('',(-11.237322834646,-11.25002032004,5.000050800102));
#2391=CARTESIAN_POINT('',(-11.237322834646,-11.25002032004,5.000050800102));
#2392=CARTESIAN_POINT('Origin',(-11.250022860046,-11.25002032004,5.000050800102));
#2393=CARTESIAN_POINT('Origin',(3.50000005215406,-6.00000009685755,6.700050800102));
#2394=CARTESIAN_POINT('',(6.00000010430813,-5.50000009685755,7.200050800102));
#2395=CARTESIAN_POINT('',(11.5000001564622,-5.50000009685755,7.200050800102));
#2396=CARTESIAN_POINT('',(3.50000005215406,-5.50000009685755,7.200050800102));
#2397=CARTESIAN_POINT('',(10.5000001564622,-6.50000009685755,6.200050800102));
#2398=CARTESIAN_POINT('',(11.5000001564622,-5.50000009685755,7.200050800102));
#2399=CARTESIAN_POINT('',(7.00000010430813,-6.50000009685755,6.200050800102));
#2400=CARTESIAN_POINT('',(3.50000005215406,-6.50000009685755,6.200050800102));
#2401=CARTESIAN_POINT('',(6.00000010430813,-5.50000009685755,7.200050800102));
#2402=CARTESIAN_POINT('Origin',(11.0000001564622,-3.30933402709118,6.700050800102));
#2403=CARTESIAN_POINT('',(11.23732029464,-11.7373203020906,6.93737093827981));
#2404=CARTESIAN_POINT('',(11.23732029464,-11.25002032004,6.93737093827976));
#2405=CARTESIAN_POINT('',(11.23732029464,-9.90466682914372,6.93737093827981));
#2406=CARTESIAN_POINT('',(10.5000001564622,-11.0000001639128,6.200050800102));
#2407=CARTESIAN_POINT('',(11.5000001564622,-12.0000001639128,7.200050800102));
#2408=CARTESIAN_POINT('',(10.5000001564622,-3.30933402709118,6.200050800102));
#2409=CARTESIAN_POINT('',(11.5000001564622,-11.23732029464,7.200050800102));
#2410=CARTESIAN_POINT('',(11.5000001564622,-3.30933402709118,7.200050800102));
#2411=CARTESIAN_POINT('',(11.25002032004,-11.23732029464,6.95007096367981));
#2412=CARTESIAN_POINT('',(10.6375051973566,-11.23732029464,6.33755584099644));
#2413=CARTESIAN_POINT('Origin',(11.25002032004,-11.25002032004,6.95007096367981));
#2414=CARTESIAN_POINT('Origin',(5.2500000782311,-11.5000001639128,6.700050800102));
#2415=CARTESIAN_POINT('',(7.00000010430813,-11.0000001639128,6.200050800102));
#2416=CARTESIAN_POINT('',(5.2500000782311,-11.0000001639128,6.200050800102));
#2417=CARTESIAN_POINT('',(11.23732029464,-12.0000001639128,7.200050800102));
#2418=CARTESIAN_POINT('',(11.23732029464,-12.3250000307336,7.52505066692287));
#2419=CARTESIAN_POINT('',(6.00000010430813,-12.0000001639128,7.200050800102));
#2420=CARTESIAN_POINT('',(5.2500000782311,-12.0000001639128,7.200050800102));
#2421=CARTESIAN_POINT('',(6.00000010430813,-12.0000001639128,7.200050800102));
#2422=CARTESIAN_POINT('Origin',(6.50000010430813,-5.55933406061879,6.700050800102));
#2423=CARTESIAN_POINT('',(7.00000010430813,-5.55933406061879,6.200050800102));
#2424=CARTESIAN_POINT('',(6.00000010430813,-5.55933406061879,7.200050800102));
#2425=CARTESIAN_POINT('Origin',(7.00000010430813,-11.0000001639128,5.000050800102));
#2426=CARTESIAN_POINT('',(7.00000010430813,-6.50000009685755,5.000050800102));
#2427=CARTESIAN_POINT('',(7.00000010430813,-6.50000009685755,5.000050800102));
#2428=CARTESIAN_POINT('',(7.00000010430813,-11.0000001639128,5.000050800102));
#2429=CARTESIAN_POINT('',(7.00000010430813,-5.49999991897494,5.000050800102));
#2430=CARTESIAN_POINT('',(7.00000010430813,-11.0000001639128,5.000050800102));
#2431=CARTESIAN_POINT('Origin',(7.00000010430813,-6.50000009685755,5.000050800102));
#2432=CARTESIAN_POINT('',(10.5000001564622,-6.50000009685755,5.000050800102));
#2433=CARTESIAN_POINT('',(10.5000001564622,-6.50000009685755,5.000050800102));
#2434=CARTESIAN_POINT('',(3.50000005215406,-6.50000009685755,5.000050800102));
#2435=CARTESIAN_POINT('Origin',(11.23732029464,-16.4999996311963,5.000050800102));
#2436=CARTESIAN_POINT('',(11.23732029464,-11.25002032004,5.000050800102));
#2437=CARTESIAN_POINT('',(11.23732029464,-11.25002032004,5.000050800102));
#2438=CARTESIAN_POINT('',(11.23732029464,-16.4999996311963,5.000050800102));
#2439=CARTESIAN_POINT('',(11.23732029464,-8.24999965261668,5.000050800102));
#2440=CARTESIAN_POINT('',(11.23732029464,-16.4999996311963,7.200050800102));
#2441=CARTESIAN_POINT('',(11.23732029464,-16.4999996311963,5.000050800102));
#2442=CARTESIAN_POINT('',(11.23732029464,-17.23733553467,7.200050800102));
#2443=CARTESIAN_POINT('Origin',(11.25002032004,-11.25002032004,5.000050800102));
#2444=CARTESIAN_POINT('',(11.25002032004,-11.23732029464,5.000050800102));
#2445=CARTESIAN_POINT('',(11.25002032004,-11.23732029464,5.000050800102));
#2446=CARTESIAN_POINT('Origin',(11.25002032004,-11.25002032004,5.000050800102));
#2447=CARTESIAN_POINT('Origin',(9.000017780036,-9.00001778003601,8.400050800102));
#2448=CARTESIAN_POINT('',(7.000017780036,-9.00001778003601,8.400050800102));
#2449=CARTESIAN_POINT('Origin',(9.000017780036,-9.00001778003601,8.400050800102));
#2450=CARTESIAN_POINT('',(7.000017780036,-9.00001778003601,7.400050800102));
#2451=CARTESIAN_POINT('',(7.000017780036,-9.00001778003601,8.400050800102));
#2452=CARTESIAN_POINT('Origin',(9.000017780036,-9.00001778003601,7.400050800102));
#2453=CARTESIAN_POINT('Origin',(9.000017780036,-9.00001778003601,7.400050800102));
#2454=CARTESIAN_POINT('',(8.000015240031,-9.00001778003601,7.400050800102));
#2455=CARTESIAN_POINT('Origin',(9.000017780036,-9.00001778003601,7.400050800102));
#2456=CARTESIAN_POINT('Origin',(-9.000017780036,-9.00001778003601,8.400050800102));
#2457=CARTESIAN_POINT('',(-11.000017780036,-9.00001778003601,8.400050800102));
#2458=CARTESIAN_POINT('Origin',(-9.000017780036,-9.00001778003601,8.400050800102));
#2459=CARTESIAN_POINT('',(-11.000017780036,-9.00001778003601,7.400050800102));
#2460=CARTESIAN_POINT('',(-11.000017780036,-9.00001778003601,8.400050800102));
#2461=CARTESIAN_POINT('Origin',(-9.000017780036,-9.00001778003601,7.400050800102));
#2462=CARTESIAN_POINT('Origin',(-9.000017780036,-9.00001778003601,7.400050800102));
#2463=CARTESIAN_POINT('',(-10.000020320041,-9.00001778003601,7.400050800102));
#2464=CARTESIAN_POINT('Origin',(-9.000017780036,-9.00001778003601,7.400050800102));
#2465=CARTESIAN_POINT('Origin',(9.00001778003599,9.00001778003599,8.400050800102));
#2466=CARTESIAN_POINT('',(7.00001778003599,9.00001778003599,8.400050800102));
#2467=CARTESIAN_POINT('Origin',(9.00001778003599,9.00001778003599,8.400050800102));
#2468=CARTESIAN_POINT('',(7.00001778003599,9.00001778003599,7.400050800102));
#2469=CARTESIAN_POINT('',(7.00001778003599,9.00001778003599,8.400050800102));
#2470=CARTESIAN_POINT('Origin',(9.00001778003599,9.00001778003599,7.400050800102));
#2471=CARTESIAN_POINT('Origin',(9.00001778003599,9.00001778003599,7.400050800102));
#2472=CARTESIAN_POINT('',(8.00001524003099,9.00001778003599,7.400050800102));
#2473=CARTESIAN_POINT('Origin',(9.00001778003599,9.00001778003599,7.400050800102));
#2474=CARTESIAN_POINT('Origin',(-9.00001778003601,9.00001778003598,8.400050800102));
#2475=CARTESIAN_POINT('',(-11.000017780036,9.00001778003598,8.400050800102));
#2476=CARTESIAN_POINT('Origin',(-9.00001778003601,9.00001778003598,8.400050800102));
#2477=CARTESIAN_POINT('',(-11.000017780036,9.00001778003598,7.400050800102));
#2478=CARTESIAN_POINT('',(-11.000017780036,9.00001778003598,8.400050800102));
#2479=CARTESIAN_POINT('Origin',(-9.00001778003601,9.00001778003598,7.400050800102));
#2480=CARTESIAN_POINT('Origin',(-9.00001778003601,9.00001778003598,7.400050800102));
#2481=CARTESIAN_POINT('',(-10.000020320041,9.00001778003598,7.400050800102));
#2482=CARTESIAN_POINT('Origin',(-9.00001778003601,9.00001778003598,7.400050800102));
#2483=CARTESIAN_POINT('Origin',(-5.74999987147748,-17.3686675717573,7.000050800102));
#2484=CARTESIAN_POINT('',(-9.99999977648258,-17.4999996088445,7.000050800102));
#2485=CARTESIAN_POINT('',(-1.49999996647239,-17.4999996088445,7.000050800102));
#2486=CARTESIAN_POINT('',(-8.57499980833381,-17.4999996088445,7.000050800102));
#2487=CARTESIAN_POINT('',(-9.99999977648258,-17.23733553467,7.000050800102));
#2488=CARTESIAN_POINT('',(-9.99999977648258,-16.4999996311963,7.000050800102));
#2489=CARTESIAN_POINT('',(-1.49999996647239,-17.23733553467,7.000050800102));
#2490=CARTESIAN_POINT('',(-7.87499982398003,-17.23733553467,7.000050800102));
#2491=CARTESIAN_POINT('',(-1.49999996647239,-16.4999996311963,7.000050800102));
#2492=CARTESIAN_POINT('Origin',(4.93038049691921E-31,3.25962901115417E-7,
5.000050800102));
#2493=CARTESIAN_POINT('',(-9.99999977648258,-16.4999996311963,5.000050800102));
#2494=CARTESIAN_POINT('',(-9.99999977648258,-17.4999996088445,5.000050800102));
#2495=CARTESIAN_POINT('',(-9.99999977648258,-8.61866760435356,5.000050800102));
#2496=CARTESIAN_POINT('',(-11.3999997451901,-17.4999996088445,5.000050800102));
#2497=CARTESIAN_POINT('',(-11.3999997451901,-17.4999996088445,5.000050800102));
#2498=CARTESIAN_POINT('',(-11.3999997451901,-11.3999997451901,5.000050800102));
#2499=CARTESIAN_POINT('',(-11.3999997451901,-11.3999997451901,5.000050800102));
#2500=CARTESIAN_POINT('',(-17.4999996088445,-11.3999997451901,5.000050800102));
#2501=CARTESIAN_POINT('',(-17.4999996088445,-11.3999997451901,5.000050800102));
#2502=CARTESIAN_POINT('',(-17.4999996088445,11.3999997451902,5.000050800102));
#2503=CARTESIAN_POINT('',(-17.4999996088445,11.3999997451902,5.000050800102));
#2504=CARTESIAN_POINT('',(-11.3999997451901,11.3999997451902,5.000050800102));
#2505=CARTESIAN_POINT('',(-11.3999997451901,11.3999997451902,5.000050800102));
#2506=CARTESIAN_POINT('',(-11.3999997451901,17.5000002607703,5.000050800102));
#2507=CARTESIAN_POINT('',(-11.3999997451901,17.5000002607703,5.000050800102));
#2508=CARTESIAN_POINT('',(11.3999997451901,17.5000002607703,5.000050800102));
#2509=CARTESIAN_POINT('',(11.3999997451901,17.5000002607703,5.000050800102));
#2510=CARTESIAN_POINT('',(11.3999997451901,11.3999997451902,5.000050800102));
#2511=CARTESIAN_POINT('',(11.3999997451901,11.3999997451902,5.000050800102));
#2512=CARTESIAN_POINT('',(17.4999996088445,11.3999997451901,5.000050800102));
#2513=CARTESIAN_POINT('',(17.4999996088445,11.3999997451901,5.000050800102));
#2514=CARTESIAN_POINT('',(17.4999996088445,-11.3999997451901,5.000050800102));
#2515=CARTESIAN_POINT('',(17.4999996088445,-11.3999997451901,5.000050800102));
#2516=CARTESIAN_POINT('',(11.3999997451901,-11.3999997451901,5.000050800102));
#2517=CARTESIAN_POINT('',(11.3999997451901,-11.3999997451901,5.000050800102));
#2518=CARTESIAN_POINT('',(11.3999997451901,-17.4999996088445,5.000050800102));
#2519=CARTESIAN_POINT('',(11.3999997451901,-17.4999996088445,5.000050800102));
#2520=CARTESIAN_POINT('',(-1.49999996647239,-17.4999996088445,5.000050800102));
#2521=CARTESIAN_POINT('',(-11.3999997451901,-17.4999996088445,5.000050800102));
#2522=CARTESIAN_POINT('',(-1.49999996647239,-16.4999996311963,5.000050800102));
#2523=CARTESIAN_POINT('',(-1.49999996647239,-8.61866760435355,5.000050800102));
#2524=CARTESIAN_POINT('',(-0.749999983236194,-16.4999996311963,5.000050800102));
#2525=CARTESIAN_POINT('',(16.4999996311963,-11.23732029464,5.000050800102));
#2526=CARTESIAN_POINT('',(5.62501016001996,-11.2373202946399,5.000050800102));
#2527=CARTESIAN_POINT('',(16.4999996311963,-5.61865998433854,5.000050800102));
#2528=CARTESIAN_POINT('',(11.23732029464,16.4999996311963,5.000050800102));
#2529=CARTESIAN_POINT('',(11.2373202946399,5.6250115930044,5.000050800102));
#2530=CARTESIAN_POINT('',(-3.4999999217689,16.4999996311963,5.000050800102));
#2531=CARTESIAN_POINT('',(5.61866014731998,16.4999996311963,5.000050800102));
#2532=CARTESIAN_POINT('',(-3.4999999217689,16.9999996200204,5.000050800102));
#2533=CARTESIAN_POINT('',(-3.4999999217689,8.24999997857958,5.000050800102));
#2534=CARTESIAN_POINT('',(-10.4999997653067,16.9999996200204,5.000050800102));
#2535=CARTESIAN_POINT('',(-1.74999996088446,16.9999996200204,5.000050800102));
#2536=CARTESIAN_POINT('',(-10.4999997653067,16.4999996311963,5.000050800102));
#2537=CARTESIAN_POINT('',(-10.4999997653067,8.49999997299165,5.000050800102));
#2538=CARTESIAN_POINT('',(-5.24999988265336,16.4999996311963,5.000050800102));
#2539=CARTESIAN_POINT('',(-16.4999996311963,5.61866158030443,5.000050800102));
#2540=CARTESIAN_POINT('',(-11.237322834646,-16.4999996311963,5.000050800102));
#2541=CARTESIAN_POINT('',(-11.237322834646,-5.62500999703856,5.000050800102));
#2542=CARTESIAN_POINT('',(-5.618661417323,-16.4999996311963,5.000050800102));
#2543=CARTESIAN_POINT('Origin',(-11.3999997451901,-17.4999996088445,5.000050800102));
#2544=CARTESIAN_POINT('',(-9.99999977648258,-17.4999996088445,5.000050800102));
#2545=CARTESIAN_POINT('',(-1.49999996647239,-17.4999996088445,5.000050800102));
#2546=CARTESIAN_POINT('',(11.3999997451901,-17.4999996088445,8.400050800102));
#2547=CARTESIAN_POINT('',(11.3999997451901,-17.4999996088445,5.000050800102));
#2548=CARTESIAN_POINT('',(-11.3999997451901,-17.4999996088445,8.400050800102));
#2549=CARTESIAN_POINT('',(-11.3999997451901,-17.4999996088445,8.400050800102));
#2550=CARTESIAN_POINT('',(-11.3999997451901,-17.4999996088445,5.000050800102));
#2551=CARTESIAN_POINT('Origin',(4.93038049691921E-31,3.25962901115417E-7,
8.400050800102));
#2552=CARTESIAN_POINT('',(17.4999996088445,-11.3999997451901,8.400050800102));
#2553=CARTESIAN_POINT('',(17.4999996088445,11.3999997451901,8.400050800102));
#2554=CARTESIAN_POINT('',(17.4999996088445,-11.3999997451901,8.400050800102));
#2555=CARTESIAN_POINT('',(11.3999997451901,11.3999997451902,8.400050800102));
#2556=CARTESIAN_POINT('',(17.4999996088445,11.3999997451901,8.400050800102));
#2557=CARTESIAN_POINT('',(11.3999997451901,17.5000002607703,8.400050800102));
#2558=CARTESIAN_POINT('',(11.3999997451901,11.3999997451902,8.400050800102));
#2559=CARTESIAN_POINT('',(-11.3999997451901,17.5000002607703,8.400050800102));
#2560=CARTESIAN_POINT('',(11.3999997451901,17.5000002607703,8.400050800102));
#2561=CARTESIAN_POINT('',(-11.3999997451901,11.3999997451902,8.400050800102));
#2562=CARTESIAN_POINT('',(-11.3999997451901,17.5000002607703,8.400050800102));
#2563=CARTESIAN_POINT('',(-17.4999996088445,11.3999997451902,8.400050800102));
#2564=CARTESIAN_POINT('',(-11.3999997451901,11.3999997451902,8.400050800102));
#2565=CARTESIAN_POINT('',(-17.4999996088445,-11.3999997451901,8.400050800102));
#2566=CARTESIAN_POINT('',(-17.4999996088445,11.3999997451902,8.400050800102));
#2567=CARTESIAN_POINT('',(-11.3999997451901,-11.3999997451901,8.400050800102));
#2568=CARTESIAN_POINT('',(-17.4999996088445,-11.3999997451901,8.400050800102));
#2569=CARTESIAN_POINT('',(-11.3999997451901,-11.3999997451901,8.400050800102));
#2570=CARTESIAN_POINT('',(11.3999997451901,-11.3999997451901,8.400050800102));
#2571=CARTESIAN_POINT('',(11.3999997451901,-17.4999996088445,8.400050800102));
#2572=CARTESIAN_POINT('',(11.3999997451901,-11.3999997451901,8.400050800102));
#2573=CARTESIAN_POINT('Origin',(-12.0000001788139,10.5000001564622,5.000050800102));
#2574=CARTESIAN_POINT('',(-12.0000001788139,10.5000001564622,5.000050800102));
#2575=CARTESIAN_POINT('',(-6.00000008940697,10.5000001564622,5.000050800102));
#2576=CARTESIAN_POINT('',(-12.0000001788139,10.5000001564622,5.000050800102));
#2577=CARTESIAN_POINT('Origin',(-12.0000001788139,6.00000008940697,5.000050800102));
#2578=CARTESIAN_POINT('',(-12.0000001788139,3.00000020768493,5.000050800102));
#2579=CARTESIAN_POINT('Origin',(7.50000011175871,11.0000001639128,5.000050800102));
#2580=CARTESIAN_POINT('',(7.50000011175871,11.0000001639128,5.000050800102));
#2581=CARTESIAN_POINT('',(3.75000005587935,11.0000001639128,5.000050800102));
#2582=CARTESIAN_POINT('',(7.50000011175871,11.0000001639128,5.000050800102));
#2583=CARTESIAN_POINT('Origin',(7.50000011175871,7.50000011175871,5.000050800102));
#2584=CARTESIAN_POINT('',(7.50000011175871,3.75000021886081,5.000050800102));
#2585=CARTESIAN_POINT('Origin',(-7.00000010430813,-6.50000009685755,5.000050800102));
#2586=CARTESIAN_POINT('',(-7.00000010430813,-6.50000009685755,5.000050800102));
#2587=CARTESIAN_POINT('',(-7.00000010430813,-3.24999988544732,5.000050800102));
#2588=CARTESIAN_POINT('',(-7.00000010430813,-6.50000009685755,5.000050800102));
#2589=CARTESIAN_POINT('Origin',(-11.5000001713634,-6.50000009685755,5.000050800102));
#2590=CARTESIAN_POINT('',(-5.75000008568168,-6.50000009685755,5.000050800102));
#2591=CARTESIAN_POINT('Origin',(10.5000001564622,-6.50000009685755,5.000050800102));
#2592=CARTESIAN_POINT('',(10.5000001564622,-11.0000001639128,5.000050800102));
#2593=CARTESIAN_POINT('',(10.5000001564622,-11.0000001639128,5.000050800102));
#2594=CARTESIAN_POINT('',(10.5000001564622,-3.24999988544732,5.000050800102));
#2595=CARTESIAN_POINT('Origin',(10.5000001564622,-11.0000001639128,5.000050800102));
#2596=CARTESIAN_POINT('',(5.2500000782311,-11.0000001639128,5.000050800102));
#2597=CARTESIAN_POINT('Origin',(-10.4999997653067,16.4999996311963,5.000050800102));
#2598=CARTESIAN_POINT('',(-10.4999997653067,16.4999996311963,7.200050800102));
#2599=CARTESIAN_POINT('',(-10.4999997653067,16.4999996311963,5.000050800102));
#2600=CARTESIAN_POINT('',(-11.3999997451901,16.4999996311963,7.200050800102));
#2601=CARTESIAN_POINT('Origin',(-10.4999997653067,16.9999996200204,5.000050800102));
#2602=CARTESIAN_POINT('',(-10.4999997653067,16.9999996200204,7.200050800102));
#2603=CARTESIAN_POINT('',(-10.4999997653067,16.9999996200204,5.000050800102));
#2604=CARTESIAN_POINT('',(-10.4999997653067,16.4999996311963,7.200050800102));
#2605=CARTESIAN_POINT('Origin',(-3.4999999217689,16.9999996200204,5.000050800102));
#2606=CARTESIAN_POINT('',(-3.4999999217689,16.9999996200204,7.200050800102));
#2607=CARTESIAN_POINT('',(-3.4999999217689,16.9999996200204,5.000050800102));
#2608=CARTESIAN_POINT('',(-10.4999997653067,16.9999996200204,7.200050800102));
#2609=CARTESIAN_POINT('Origin',(-3.4999999217689,16.4999996311963,5.000050800102));
#2610=CARTESIAN_POINT('',(-3.4999999217689,16.4999996311963,7.200050800102));
#2611=CARTESIAN_POINT('',(-3.4999999217689,16.4999996311963,5.000050800102));
#2612=CARTESIAN_POINT('',(-3.4999999217689,16.9999996200204,7.200050800102));
#2613=CARTESIAN_POINT('Origin',(11.23732029464,16.4999996311963,5.000050800102));
#2614=CARTESIAN_POINT('',(11.23732029464,16.4999996311963,7.200050800102));
#2615=CARTESIAN_POINT('',(11.23732029464,16.4999996311963,5.000050800102));
#2616=CARTESIAN_POINT('',(-3.4999999217689,16.4999996311963,7.200050800102));
#2617=CARTESIAN_POINT('Origin',(11.2373202946399,11.250022860046,5.000050800102));
#2618=CARTESIAN_POINT('',(11.2373202946399,11.250022860046,7.200050800102));
#2619=CARTESIAN_POINT('Origin',(16.4999996311963,-11.23732029464,5.000050800102));
#2620=CARTESIAN_POINT('',(16.4999996311963,-11.23732029464,7.200050800102));
#2621=CARTESIAN_POINT('',(16.4999996311963,-11.23732029464,5.000050800102));
#2622=CARTESIAN_POINT('',(16.4999996311963,11.3999997451901,7.200050800102));
#2623=CARTESIAN_POINT('Origin',(11.25002032004,-11.23732029464,5.000050800102));
#2624=CARTESIAN_POINT('',(11.25002032004,-11.23732029464,7.200050800102));
#2625=CARTESIAN_POINT('Origin',(-1.49999996647239,-16.4999996311963,5.000050800102));
#2626=CARTESIAN_POINT('',(-1.49999996647239,-16.4999996311963,7.200050800102));
#2627=CARTESIAN_POINT('',(-1.49999996647239,-16.4999996311963,5.000050800102));
#2628=CARTESIAN_POINT('',(11.3999997451901,-16.4999996311963,7.200050800102));
#2629=CARTESIAN_POINT('Origin',(-1.49999996647239,-17.23733553467,5.000050800102));
#2630=CARTESIAN_POINT('',(-1.49999996647239,-17.23733553467,7.200050800102));
#2631=CARTESIAN_POINT('',(-1.49999996647239,-17.23733553467,5.000050800102));
#2632=CARTESIAN_POINT('',(-1.49999996647239,-16.4999996311963,7.200050800102));
#2633=CARTESIAN_POINT('Origin',(-9.99999977648258,-17.23733553467,5.000050800102));
#2634=CARTESIAN_POINT('',(-9.99999977648258,-17.23733553467,7.200050800102));
#2635=CARTESIAN_POINT('',(-9.99999977648258,-17.23733553467,5.000050800102));
#2636=CARTESIAN_POINT('',(-11.237322834646,-17.23733553467,7.200050800102));
#2637=CARTESIAN_POINT('Origin',(-9.99999977648258,-16.4999996311963,5.000050800102));
#2638=CARTESIAN_POINT('',(-9.99999977648258,-16.4999996311963,7.200050800102));
#2639=CARTESIAN_POINT('',(-9.99999977648258,-16.4999996311963,5.000050800102));
#2640=CARTESIAN_POINT('',(-9.99999977648258,-16.4999996311963,7.200050800102));
#2641=CARTESIAN_POINT('Origin',(-11.237322834646,-16.4999996311963,5.000050800102));
#2642=CARTESIAN_POINT('',(-11.237322834646,-16.4999996311963,7.200050800102));
#2643=CARTESIAN_POINT('',(-11.237322834646,-16.4999996311963,5.000050800102));
#2644=CARTESIAN_POINT('',(-11.3999997451901,-16.4999996311963,7.200050800102));
#2645=CARTESIAN_POINT('Origin',(-11.237322834646,-11.25002032004,5.000050800102));
#2646=CARTESIAN_POINT('',(-11.237322834646,-11.25002032004,7.200050800102));
#2647=CARTESIAN_POINT('Origin',(-16.4999996311963,11.237322834646,5.000050800102));
#2648=CARTESIAN_POINT('',(-16.4999996311963,-11.3999997451901,7.200050800102));
#2649=CARTESIAN_POINT('Origin',(-2.22044604925031E-15,-0.11866795732481,
7.200050800102));
#2650=CARTESIAN_POINT('Origin',(4.93038049691921E-31,3.25962901115417E-7,
5.000050800102));
#2651=CARTESIAN_POINT('',(8.000015240031,-9.00001778003601,5.000050800102));
#2652=CARTESIAN_POINT('Origin',(9.000017780036,-9.00001778003601,5.000050800102));
#2653=CARTESIAN_POINT('Origin',(4.93038049691921E-31,3.25962901115417E-7,
5.000050800102));
#2654=CARTESIAN_POINT('',(-10.000020320041,-9.00001778003601,5.000050800102));
#2655=CARTESIAN_POINT('Origin',(-9.000017780036,-9.00001778003601,5.000050800102));
#2656=CARTESIAN_POINT('Origin',(4.93038049691921E-31,3.25962901115417E-7,
5.000050800102));
#2657=CARTESIAN_POINT('',(8.00001524003099,9.00001778003599,5.000050800102));
#2658=CARTESIAN_POINT('Origin',(9.00001778003599,9.00001778003599,5.000050800102));
#2659=CARTESIAN_POINT('Origin',(4.93038049691921E-31,3.25962901115417E-7,
5.000050800102));
#2660=CARTESIAN_POINT('',(-10.000020320041,9.00001778003598,5.000050800102));
#2661=CARTESIAN_POINT('Origin',(-9.00001778003601,9.00001778003598,5.000050800102));
#2662=CARTESIAN_POINT('Origin',(-9.000017780036,-9.00001778003601,5.000050800102));
#2663=CARTESIAN_POINT('',(-10.000020320041,-9.00001778003601,5.000050800102));
#2664=CARTESIAN_POINT('Origin',(-9.00001778003601,9.00001778003598,5.000050800102));
#2665=CARTESIAN_POINT('',(-10.000020320041,9.00001778003598,5.000050800102));
#2666=CARTESIAN_POINT('Origin',(9.000017780036,-9.00001778003601,5.000050800102));
#2667=CARTESIAN_POINT('',(8.000015240031,-9.00001778003601,5.000050800102));
#2668=CARTESIAN_POINT('Origin',(9.00001778003599,9.00001778003599,5.000050800102));
#2669=CARTESIAN_POINT('',(8.00001524003099,9.00001778003599,5.000050800102));
#2670=CARTESIAN_POINT('Origin',(11.3999997451901,-11.3999997451901,5.000050800102));
#2671=CARTESIAN_POINT('',(17.4999996088445,-11.3999997451901,5.000050800102));
#2672=CARTESIAN_POINT('',(11.3999997451901,-11.3999997451901,5.000050800102));
#2673=CARTESIAN_POINT('Origin',(11.3999997451901,-17.4999996088445,5.000050800102));
#2674=CARTESIAN_POINT('Origin',(-11.3999997451901,-11.3999997451901,5.000050800102));
#2675=CARTESIAN_POINT('',(-11.3999997451901,-11.3999997451901,5.000050800102));
#2676=CARTESIAN_POINT('Origin',(-17.4999996088445,-11.3999997451901,5.000050800102));
#2677=CARTESIAN_POINT('',(-17.4999996088445,-11.3999997451901,5.000050800102));
#2678=CARTESIAN_POINT('Origin',(-17.4999996088445,11.3999997451902,5.000050800102));
#2679=CARTESIAN_POINT('',(-17.4999996088445,11.3999997451902,5.000050800102));
#2680=CARTESIAN_POINT('Origin',(-11.3999997451901,11.3999997451902,5.000050800102));
#2681=CARTESIAN_POINT('',(-11.3999997451901,11.3999997451902,5.000050800102));
#2682=CARTESIAN_POINT('Origin',(-11.3999997451901,17.5000002607703,5.000050800102));
#2683=CARTESIAN_POINT('',(-11.3999997451901,17.5000002607703,5.000050800102));
#2684=CARTESIAN_POINT('Origin',(11.3999997451901,17.5000002607703,5.000050800102));
#2685=CARTESIAN_POINT('',(11.3999997451901,17.5000002607703,5.000050800102));
#2686=CARTESIAN_POINT('Origin',(11.3999997451901,11.3999997451902,5.000050800102));
#2687=CARTESIAN_POINT('',(11.3999997451901,11.3999997451902,5.000050800102));
#2688=CARTESIAN_POINT('Origin',(17.4999996088445,11.3999997451901,5.000050800102));
#2689=CARTESIAN_POINT('',(17.4999996088445,11.3999997451901,5.000050800102));
#2690=CARTESIAN_POINT('Origin',(17.4999996088445,-11.3999997451901,5.000050800102));
#2691=UNCERTAINTY_MEASURE_WITH_UNIT(LENGTH_MEASURE(0.01),#2695,
'DISTANCE_ACCURACY_VALUE',
'Maximum model space distance between geometric entities at asserted c
onnectivities');
#2692=UNCERTAINTY_MEASURE_WITH_UNIT(LENGTH_MEASURE(0.01),#2695,
'DISTANCE_ACCURACY_VALUE',
'Maximum model space distance between geometric entities at asserted c
onnectivities');
#2693=(
GEOMETRIC_REPRESENTATION_CONTEXT(3)
GLOBAL_UNCERTAINTY_ASSIGNED_CONTEXT((#2691))
GLOBAL_UNIT_ASSIGNED_CONTEXT((#2695,#2697,#2698))
REPRESENTATION_CONTEXT('','3D')
);
#2694=(
GEOMETRIC_REPRESENTATION_CONTEXT(3)
GLOBAL_UNCERTAINTY_ASSIGNED_CONTEXT((#2692))
GLOBAL_UNIT_ASSIGNED_CONTEXT((#2695,#2697,#2698))
REPRESENTATION_CONTEXT('','3D')
);
#2695=(
LENGTH_UNIT()
NAMED_UNIT(*)
SI_UNIT(.MILLI.,.METRE.)
);
#2696=(
LENGTH_UNIT()
NAMED_UNIT(*)
SI_UNIT($,.METRE.)
);
#2697=(
NAMED_UNIT(*)
PLANE_ANGLE_UNIT()
SI_UNIT($,.RADIAN.)
);
#2698=(
NAMED_UNIT(*)
SI_UNIT($,.STERADIAN.)
SOLID_ANGLE_UNIT()
);
#2699=SHAPE_DEFINITION_REPRESENTATION(#2700,#2701);
#2700=PRODUCT_DEFINITION_SHAPE('',$,#2703);
#2701=SHAPE_REPRESENTATION('',(#1677),#2693);
#2702=PRODUCT_DEFINITION_CONTEXT('part definition',#2707,'design');
#2703=PRODUCT_DEFINITION('2026-07-22-02-28-53-203','\X2\591690E8\X0\2',
#2704,#2702);
#2704=PRODUCT_DEFINITION_FORMATION('',$,#2709);
#2705=PRODUCT_RELATED_PRODUCT_CATEGORY('\X2\591690E8\X0\2','\X2\591690E8\X0\2',
(#2709));
#2706=APPLICATION_PROTOCOL_DEFINITION('international standard',
'automotive_design',2009,#2707);
#2707=APPLICATION_CONTEXT(
'Core Data for Automotive Mechanical Design Process');
#2708=PRODUCT_CONTEXT('part definition',#2707,'mechanical');
#2709=PRODUCT('2026-07-22-02-28-53-203','\X2\591690E8\X0\2',$,(#2708));
#2710=PRESENTATION_STYLE_ASSIGNMENT((#2711));
#2711=SURFACE_STYLE_USAGE(.BOTH.,#2712);
#2712=SURFACE_SIDE_STYLE('',(#2713));
#2713=SURFACE_STYLE_FILL_AREA(#2714);
#2714=FILL_AREA_STYLE('\X2\94A2\X0\ - \X2\7F0E5149\X0\',(#2715));
#2715=FILL_AREA_STYLE_COLOUR('\X2\94A2\X0\ - \X2\7F0E5149\X0\',#2716);
#2716=COLOUR_RGB('\X2\94A2\X0\ - \X2\7F0E5149\X0\',0.627450980392157,0.627450980392157,
0.627450980392157);
ENDSEC;
END-ISO-10303-21;
