ISO-10303-21;
HEADER;
/* Generated by software containing ST-Developer
 * from STEP Tools, Inc. (www.steptools.com) 
 */

FILE_DESCRIPTION(
/* description */ (''),
/* implementation_level */ '2;1');

FILE_NAME(
/* name */ '',
/* time_stamp */ '2026-07-22T02:28:39+08:00',
/* author */ (''),
/* organization */ (''),
/* preprocessor_version */ 'ST-DEVELOPER v20.1',
/* originating_system */ 'Autodesk Translation Framework v15.8.0.0',
/* authorisation */ '');

FILE_SCHEMA (('AUTOMOTIVE_DESIGN { 1 0 10303 214 3 1 1 }'));
ENDSEC;

DATA;
#10=MECHANICAL_DESIGN_GEOMETRIC_PRESENTATION_REPRESENTATION('',(#13),#3546);
#11=SHAPE_REPRESENTATION_RELATIONSHIP('SRR','None',#3553,#12);
#12=ADVANCED_BREP_SHAPE_REPRESENTATION('',(#14),#3545);
#13=STYLED_ITEM('',(#3562),#14);
#14=MANIFOLD_SOLID_BREP('\X2\5B9E4F53\X0\1',#2170);
#15=FACE_BOUND('',#241,.T.);
#16=FACE_BOUND('',#242,.T.);
#17=FACE_BOUND('',#243,.T.);
#18=FACE_BOUND('',#244,.T.);
#19=FACE_BOUND('',#245,.T.);
#20=FACE_BOUND('',#246,.T.);
#21=FACE_BOUND('',#247,.T.);
#22=FACE_BOUND('',#248,.T.);
#23=FACE_BOUND('',#249,.T.);
#24=FACE_BOUND('',#250,.T.);
#25=FACE_BOUND('',#251,.T.);
#26=FACE_BOUND('',#252,.T.);
#27=FACE_BOUND('',#253,.T.);
#28=FACE_BOUND('',#269,.T.);
#29=FACE_BOUND('',#273,.T.);
#30=FACE_BOUND('',#278,.T.);
#31=FACE_BOUND('',#282,.T.);
#32=FACE_BOUND('',#291,.T.);
#33=FACE_BOUND('',#292,.T.);
#34=FACE_BOUND('',#297,.T.);
#35=FACE_BOUND('',#299,.T.);
#36=FACE_BOUND('',#301,.T.);
#37=FACE_BOUND('',#303,.T.);
#38=PLANE('',#2196);
#39=PLANE('',#2197);
#40=PLANE('',#2198);
#41=PLANE('',#2199);
#42=PLANE('',#2209);
#43=PLANE('',#2210);
#44=PLANE('',#2211);
#45=PLANE('',#2212);
#46=PLANE('',#2213);
#47=PLANE('',#2214);
#48=PLANE('',#2215);
#49=PLANE('',#2216);
#50=PLANE('',#2219);
#51=PLANE('',#2220);
#52=PLANE('',#2221);
#53=PLANE('',#2222);
#54=PLANE('',#2227);
#55=PLANE('',#2235);
#56=PLANE('',#2244);
#57=PLANE('',#2252);
#58=PLANE('',#2261);
#59=PLANE('',#2271);
#60=PLANE('',#2274);
#61=PLANE('',#2278);
#62=PLANE('',#2280);
#63=PLANE('',#2281);
#64=PLANE('',#2282);
#65=PLANE('',#2283);
#66=PLANE('',#2284);
#67=PLANE('',#2285);
#68=PLANE('',#2286);
#69=PLANE('',#2287);
#70=PLANE('',#2288);
#71=PLANE('',#2289);
#72=PLANE('',#2290);
#73=PLANE('',#2291);
#74=PLANE('',#2292);
#75=PLANE('',#2293);
#76=PLANE('',#2294);
#77=PLANE('',#2295);
#78=PLANE('',#2296);
#79=PLANE('',#2297);
#80=PLANE('',#2298);
#81=PLANE('',#2299);
#82=PLANE('',#2300);
#83=PLANE('',#2306);
#84=PLANE('',#2307);
#85=PLANE('',#2308);
#86=PLANE('',#2309);
#87=PLANE('',#2310);
#88=PLANE('',#2311);
#89=PLANE('',#2312);
#90=PLANE('',#2313);
#91=PLANE('',#2314);
#92=PLANE('',#2315);
#93=PLANE('',#2316);
#94=PLANE('',#2317);
#95=PLANE('',#2318);
#96=PLANE('',#2319);
#97=PLANE('',#2320);
#98=PLANE('',#2321);
#99=PLANE('',#2322);
#100=PLANE('',#2323);
#101=PLANE('',#2324);
#102=PLANE('',#2325);
#103=PLANE('',#2326);
#104=PLANE('',#2327);
#105=PLANE('',#2328);
#106=PLANE('',#2329);
#107=PLANE('',#2330);
#108=PLANE('',#2331);
#109=PLANE('',#2332);
#110=PLANE('',#2333);
#111=PLANE('',#2334);
#112=PLANE('',#2335);
#113=PLANE('',#2336);
#114=PLANE('',#2337);
#115=PLANE('',#2338);
#116=PLANE('',#2339);
#117=PLANE('',#2340);
#118=PLANE('',#2341);
#119=PLANE('',#2342);
#120=PLANE('',#2343);
#121=PLANE('',#2344);
#122=PLANE('',#2345);
#123=PLANE('',#2346);
#124=PLANE('',#2347);
#125=FACE_OUTER_BOUND('',#233,.T.);
#126=FACE_OUTER_BOUND('',#234,.T.);
#127=FACE_OUTER_BOUND('',#235,.T.);
#128=FACE_OUTER_BOUND('',#236,.T.);
#129=FACE_OUTER_BOUND('',#237,.T.);
#130=FACE_OUTER_BOUND('',#238,.T.);
#131=FACE_OUTER_BOUND('',#239,.T.);
#132=FACE_OUTER_BOUND('',#240,.T.);
#133=FACE_OUTER_BOUND('',#254,.T.);
#134=FACE_OUTER_BOUND('',#255,.T.);
#135=FACE_OUTER_BOUND('',#256,.T.);
#136=FACE_OUTER_BOUND('',#257,.T.);
#137=FACE_OUTER_BOUND('',#258,.T.);
#138=FACE_OUTER_BOUND('',#259,.T.);
#139=FACE_OUTER_BOUND('',#260,.T.);
#140=FACE_OUTER_BOUND('',#261,.T.);
#141=FACE_OUTER_BOUND('',#262,.T.);
#142=FACE_OUTER_BOUND('',#263,.T.);
#143=FACE_OUTER_BOUND('',#264,.T.);
#144=FACE_OUTER_BOUND('',#265,.T.);
#145=FACE_OUTER_BOUND('',#266,.T.);
#146=FACE_OUTER_BOUND('',#267,.T.);
#147=FACE_OUTER_BOUND('',#268,.T.);
#148=FACE_OUTER_BOUND('',#270,.T.);
#149=FACE_OUTER_BOUND('',#271,.T.);
#150=FACE_OUTER_BOUND('',#272,.T.);
#151=FACE_OUTER_BOUND('',#274,.T.);
#152=FACE_OUTER_BOUND('',#275,.T.);
#153=FACE_OUTER_BOUND('',#276,.T.);
#154=FACE_OUTER_BOUND('',#277,.T.);
#155=FACE_OUTER_BOUND('',#279,.T.);
#156=FACE_OUTER_BOUND('',#280,.T.);
#157=FACE_OUTER_BOUND('',#281,.T.);
#158=FACE_OUTER_BOUND('',#283,.T.);
#159=FACE_OUTER_BOUND('',#284,.T.);
#160=FACE_OUTER_BOUND('',#285,.T.);
#161=FACE_OUTER_BOUND('',#286,.T.);
#162=FACE_OUTER_BOUND('',#287,.T.);
#163=FACE_OUTER_BOUND('',#288,.T.);
#164=FACE_OUTER_BOUND('',#289,.T.);
#165=FACE_OUTER_BOUND('',#290,.T.);
#166=FACE_OUTER_BOUND('',#293,.T.);
#167=FACE_OUTER_BOUND('',#294,.T.);
#168=FACE_OUTER_BOUND('',#295,.T.);
#169=FACE_OUTER_BOUND('',#296,.T.);
#170=FACE_OUTER_BOUND('',#298,.T.);
#171=FACE_OUTER_BOUND('',#300,.T.);
#172=FACE_OUTER_BOUND('',#302,.T.);
#173=FACE_OUTER_BOUND('',#304,.T.);
#174=FACE_OUTER_BOUND('',#305,.T.);
#175=FACE_OUTER_BOUND('',#306,.T.);
#176=FACE_OUTER_BOUND('',#307,.T.);
#177=FACE_OUTER_BOUND('',#308,.T.);
#178=FACE_OUTER_BOUND('',#309,.T.);
#179=FACE_OUTER_BOUND('',#310,.T.);
#180=FACE_OUTER_BOUND('',#311,.T.);
#181=FACE_OUTER_BOUND('',#312,.T.);
#182=FACE_OUTER_BOUND('',#313,.T.);
#183=FACE_OUTER_BOUND('',#314,.T.);
#184=FACE_OUTER_BOUND('',#315,.T.);
#185=FACE_OUTER_BOUND('',#316,.T.);
#186=FACE_OUTER_BOUND('',#317,.T.);
#187=FACE_OUTER_BOUND('',#318,.T.);
#188=FACE_OUTER_BOUND('',#319,.T.);
#189=FACE_OUTER_BOUND('',#320,.T.);
#190=FACE_OUTER_BOUND('',#321,.T.);
#191=FACE_OUTER_BOUND('',#322,.T.);
#192=FACE_OUTER_BOUND('',#323,.T.);
#193=FACE_OUTER_BOUND('',#324,.T.);
#194=FACE_OUTER_BOUND('',#325,.T.);
#195=FACE_OUTER_BOUND('',#326,.T.);
#196=FACE_OUTER_BOUND('',#327,.T.);
#197=FACE_OUTER_BOUND('',#328,.T.);
#198=FACE_OUTER_BOUND('',#329,.T.);
#199=FACE_OUTER_BOUND('',#330,.T.);
#200=FACE_OUTER_BOUND('',#331,.T.);
#201=FACE_OUTER_BOUND('',#332,.T.);
#202=FACE_OUTER_BOUND('',#333,.T.);
#203=FACE_OUTER_BOUND('',#334,.T.);
#204=FACE_OUTER_BOUND('',#335,.T.);
#205=FACE_OUTER_BOUND('',#336,.T.);
#206=FACE_OUTER_BOUND('',#337,.T.);
#207=FACE_OUTER_BOUND('',#338,.T.);
#208=FACE_OUTER_BOUND('',#339,.T.);
#209=FACE_OUTER_BOUND('',#340,.T.);
#210=FACE_OUTER_BOUND('',#341,.T.);
#211=FACE_OUTER_BOUND('',#342,.T.);
#212=FACE_OUTER_BOUND('',#343,.T.);
#213=FACE_OUTER_BOUND('',#344,.T.);
#214=FACE_OUTER_BOUND('',#345,.T.);
#215=FACE_OUTER_BOUND('',#346,.T.);
#216=FACE_OUTER_BOUND('',#347,.T.);
#217=FACE_OUTER_BOUND('',#348,.T.);
#218=FACE_OUTER_BOUND('',#349,.T.);
#219=FACE_OUTER_BOUND('',#350,.T.);
#220=FACE_OUTER_BOUND('',#351,.T.);
#221=FACE_OUTER_BOUND('',#352,.T.);
#222=FACE_OUTER_BOUND('',#353,.T.);
#223=FACE_OUTER_BOUND('',#354,.T.);
#224=FACE_OUTER_BOUND('',#355,.T.);
#225=FACE_OUTER_BOUND('',#356,.T.);
#226=FACE_OUTER_BOUND('',#357,.T.);
#227=FACE_OUTER_BOUND('',#358,.T.);
#228=FACE_OUTER_BOUND('',#359,.T.);
#229=FACE_OUTER_BOUND('',#360,.T.);
#230=FACE_OUTER_BOUND('',#361,.T.);
#231=FACE_OUTER_BOUND('',#362,.T.);
#232=FACE_OUTER_BOUND('',#363,.T.);
#233=EDGE_LOOP('',(#1427,#1428,#1429,#1430));
#234=EDGE_LOOP('',(#1431,#1432,#1433,#1434));
#235=EDGE_LOOP('',(#1435,#1436,#1437,#1438));
#236=EDGE_LOOP('',(#1439,#1440,#1441,#1442));
#237=EDGE_LOOP('',(#1443,#1444,#1445,#1446));
#238=EDGE_LOOP('',(#1447,#1448,#1449,#1450));
#239=EDGE_LOOP('',(#1451,#1452,#1453,#1454));
#240=EDGE_LOOP('',(#1455,#1456,#1457,#1458,#1459,#1460,#1461,#1462,#1463,
#1464,#1465,#1466,#1467,#1468));
#241=EDGE_LOOP('',(#1469));
#242=EDGE_LOOP('',(#1470));
#243=EDGE_LOOP('',(#1471));
#244=EDGE_LOOP('',(#1472));
#245=EDGE_LOOP('',(#1473));
#246=EDGE_LOOP('',(#1474));
#247=EDGE_LOOP('',(#1475));
#248=EDGE_LOOP('',(#1476));
#249=EDGE_LOOP('',(#1477));
#250=EDGE_LOOP('',(#1478));
#251=EDGE_LOOP('',(#1479));
#252=EDGE_LOOP('',(#1480));
#253=EDGE_LOOP('',(#1481));
#254=EDGE_LOOP('',(#1482,#1483,#1484,#1485));
#255=EDGE_LOOP('',(#1486,#1487,#1488,#1489));
#256=EDGE_LOOP('',(#1490,#1491,#1492,#1493));
#257=EDGE_LOOP('',(#1494,#1495,#1496,#1497));
#258=EDGE_LOOP('',(#1498,#1499,#1500,#1501));
#259=EDGE_LOOP('',(#1502,#1503,#1504,#1505));
#260=EDGE_LOOP('',(#1506,#1507,#1508,#1509,#1510,#1511,#1512));
#261=EDGE_LOOP('',(#1513,#1514,#1515,#1516,#1517,#1518,#1519,#1520,#1521,
#1522,#1523,#1524,#1525,#1526));
#262=EDGE_LOOP('',(#1527,#1528,#1529,#1530,#1531,#1532,#1533));
#263=EDGE_LOOP('',(#1534,#1535,#1536,#1537));
#264=EDGE_LOOP('',(#1538,#1539,#1540,#1541));
#265=EDGE_LOOP('',(#1542,#1543,#1544,#1545));
#266=EDGE_LOOP('',(#1546,#1547,#1548,#1549));
#267=EDGE_LOOP('',(#1550,#1551,#1552,#1553));
#268=EDGE_LOOP('',(#1554,#1555,#1556,#1557));
#269=EDGE_LOOP('',(#1558));
#270=EDGE_LOOP('',(#1559,#1560,#1561,#1562));
#271=EDGE_LOOP('',(#1563,#1564,#1565,#1566));
#272=EDGE_LOOP('',(#1567,#1568));
#273=EDGE_LOOP('',(#1569));
#274=EDGE_LOOP('',(#1570,#1571,#1572,#1573));
#275=EDGE_LOOP('',(#1574,#1575,#1576,#1577));
#276=EDGE_LOOP('',(#1578,#1579,#1580,#1581));
#277=EDGE_LOOP('',(#1582,#1583,#1584,#1585));
#278=EDGE_LOOP('',(#1586));
#279=EDGE_LOOP('',(#1587,#1588,#1589,#1590));
#280=EDGE_LOOP('',(#1591,#1592,#1593,#1594));
#281=EDGE_LOOP('',(#1595,#1596));
#282=EDGE_LOOP('',(#1597));
#283=EDGE_LOOP('',(#1598,#1599,#1600,#1601));
#284=EDGE_LOOP('',(#1602,#1603,#1604,#1605));
#285=EDGE_LOOP('',(#1606,#1607,#1608,#1609));
#286=EDGE_LOOP('',(#1610,#1611,#1612,#1613,#1614));
#287=EDGE_LOOP('',(#1615,#1616,#1617,#1618,#1619,#1620,#1621,#1622));
#288=EDGE_LOOP('',(#1623,#1624,#1625,#1626,#1627,#1628,#1629,#1630));
#289=EDGE_LOOP('',(#1631,#1632,#1633,#1634,#1635,#1636,#1637,#1638));
#290=EDGE_LOOP('',(#1639,#1640,#1641,#1642,#1643,#1644,#1645,#1646,#1647,
#1648,#1649,#1650,#1651,#1652,#1653,#1654,#1655,#1656,#1657,#1658,#1659,
#1660,#1661,#1662,#1663,#1664,#1665,#1666,#1667,#1668,#1669,#1670,#1671,
#1672,#1673,#1674,#1675,#1676,#1677,#1678,#1679,#1680,#1681));
#291=EDGE_LOOP('',(#1682,#1683,#1684));
#292=EDGE_LOOP('',(#1685,#1686,#1687));
#293=EDGE_LOOP('',(#1688,#1689,#1690,#1691,#1692));
#294=EDGE_LOOP('',(#1693,#1694,#1695,#1696,#1697,#1698,#1699,#1700));
#295=EDGE_LOOP('',(#1701,#1702,#1703,#1704,#1705,#1706,#1707,#1708,#1709,
#1710,#1711,#1712,#1713,#1714,#1715,#1716,#1717));
#296=EDGE_LOOP('',(#1718,#1719,#1720,#1721,#1722));
#297=EDGE_LOOP('',(#1723));
#298=EDGE_LOOP('',(#1724,#1725,#1726,#1727,#1728));
#299=EDGE_LOOP('',(#1729));
#300=EDGE_LOOP('',(#1730,#1731,#1732,#1733,#1734));
#301=EDGE_LOOP('',(#1735));
#302=EDGE_LOOP('',(#1736,#1737,#1738,#1739,#1740));
#303=EDGE_LOOP('',(#1741));
#304=EDGE_LOOP('',(#1742,#1743,#1744,#1745));
#305=EDGE_LOOP('',(#1746,#1747,#1748,#1749));
#306=EDGE_LOOP('',(#1750,#1751,#1752,#1753));
#307=EDGE_LOOP('',(#1754,#1755,#1756,#1757));
#308=EDGE_LOOP('',(#1758,#1759,#1760,#1761));
#309=EDGE_LOOP('',(#1762,#1763,#1764,#1765));
#310=EDGE_LOOP('',(#1766,#1767,#1768,#1769));
#311=EDGE_LOOP('',(#1770,#1771,#1772,#1773));
#312=EDGE_LOOP('',(#1774,#1775,#1776,#1777,#1778,#1779,#1780,#1781,#1782,
#1783,#1784,#1785));
#313=EDGE_LOOP('',(#1786,#1787,#1788,#1789));
#314=EDGE_LOOP('',(#1790,#1791,#1792,#1793,#1794,#1795,#1796,#1797,#1798,
#1799,#1800,#1801));
#315=EDGE_LOOP('',(#1802,#1803,#1804,#1805));
#316=EDGE_LOOP('',(#1806,#1807,#1808,#1809));
#317=EDGE_LOOP('',(#1810,#1811,#1812,#1813,#1814,#1815,#1816,#1817,#1818,
#1819,#1820,#1821));
#318=EDGE_LOOP('',(#1822,#1823,#1824,#1825));
#319=EDGE_LOOP('',(#1826,#1827,#1828,#1829));
#320=EDGE_LOOP('',(#1830,#1831,#1832,#1833));
#321=EDGE_LOOP('',(#1834,#1835,#1836,#1837,#1838,#1839,#1840,#1841,#1842,
#1843,#1844,#1845,#1846,#1847,#1848,#1849));
#322=EDGE_LOOP('',(#1850,#1851,#1852,#1853,#1854,#1855));
#323=EDGE_LOOP('',(#1856,#1857,#1858,#1859,#1860,#1861));
#324=EDGE_LOOP('',(#1862,#1863,#1864,#1865));
#325=EDGE_LOOP('',(#1866,#1867,#1868,#1869,#1870));
#326=EDGE_LOOP('',(#1871,#1872,#1873,#1874));
#327=EDGE_LOOP('',(#1875,#1876,#1877,#1878));
#328=EDGE_LOOP('',(#1879,#1880,#1881,#1882));
#329=EDGE_LOOP('',(#1883,#1884,#1885,#1886));
#330=EDGE_LOOP('',(#1887,#1888,#1889,#1890));
#331=EDGE_LOOP('',(#1891,#1892,#1893,#1894));
#332=EDGE_LOOP('',(#1895,#1896,#1897,#1898));
#333=EDGE_LOOP('',(#1899,#1900,#1901,#1902,#1903,#1904,#1905,#1906));
#334=EDGE_LOOP('',(#1907,#1908,#1909,#1910));
#335=EDGE_LOOP('',(#1911,#1912,#1913,#1914));
#336=EDGE_LOOP('',(#1915,#1916,#1917,#1918,#1919,#1920,#1921,#1922));
#337=EDGE_LOOP('',(#1923,#1924,#1925,#1926));
#338=EDGE_LOOP('',(#1927,#1928,#1929,#1930));
#339=EDGE_LOOP('',(#1931,#1932,#1933,#1934));
#340=EDGE_LOOP('',(#1935,#1936,#1937,#1938));
#341=EDGE_LOOP('',(#1939,#1940,#1941,#1942));
#342=EDGE_LOOP('',(#1943,#1944,#1945,#1946));
#343=EDGE_LOOP('',(#1947,#1948,#1949,#1950));
#344=EDGE_LOOP('',(#1951,#1952,#1953,#1954,#1955,#1956,#1957,#1958));
#345=EDGE_LOOP('',(#1959,#1960,#1961,#1962));
#346=EDGE_LOOP('',(#1963,#1964,#1965,#1966));
#347=EDGE_LOOP('',(#1967,#1968,#1969,#1970));
#348=EDGE_LOOP('',(#1971,#1972,#1973,#1974));
#349=EDGE_LOOP('',(#1975,#1976,#1977,#1978));
#350=EDGE_LOOP('',(#1979,#1980,#1981,#1982));
#351=EDGE_LOOP('',(#1983,#1984,#1985,#1986));
#352=EDGE_LOOP('',(#1987,#1988,#1989,#1990,#1991,#1992,#1993,#1994));
#353=EDGE_LOOP('',(#1995,#1996,#1997,#1998,#1999));
#354=EDGE_LOOP('',(#2000,#2001,#2002,#2003));
#355=EDGE_LOOP('',(#2004,#2005,#2006,#2007,#2008));
#356=EDGE_LOOP('',(#2009,#2010,#2011,#2012));
#357=EDGE_LOOP('',(#2013,#2014,#2015,#2016));
#358=EDGE_LOOP('',(#2017,#2018,#2019,#2020));
#359=EDGE_LOOP('',(#2021,#2022,#2023,#2024));
#360=EDGE_LOOP('',(#2025,#2026,#2027,#2028));
#361=EDGE_LOOP('',(#2029,#2030,#2031,#2032));
#362=EDGE_LOOP('',(#2033,#2034,#2035,#2036));
#363=EDGE_LOOP('',(#2037,#2038,#2039,#2040));
#364=LINE('',#2934,#615);
#365=LINE('',#2940,#616);
#366=LINE('',#2946,#617);
#367=LINE('',#2952,#618);
#368=LINE('',#2957,#619);
#369=LINE('',#2959,#620);
#370=LINE('',#2961,#621);
#371=LINE('',#2962,#622);
#372=LINE('',#2965,#623);
#373=LINE('',#2967,#624);
#374=LINE('',#2968,#625);
#375=LINE('',#2971,#626);
#376=LINE('',#2973,#627);
#377=LINE('',#2974,#628);
#378=LINE('',#2977,#629);
#379=LINE('',#2979,#630);
#380=LINE('',#2981,#631);
#381=LINE('',#2983,#632);
#382=LINE('',#2985,#633);
#383=LINE('',#2987,#634);
#384=LINE('',#2989,#635);
#385=LINE('',#2991,#636);
#386=LINE('',#2993,#637);
#387=LINE('',#2995,#638);
#388=LINE('',#2996,#639);
#389=LINE('',#3017,#640);
#390=LINE('',#3018,#641);
#391=LINE('',#3021,#642);
#392=LINE('',#3022,#643);
#393=LINE('',#3025,#644);
#394=LINE('',#3027,#645);
#395=LINE('',#3028,#646);
#396=LINE('',#3031,#647);
#397=LINE('',#3032,#648);
#398=LINE('',#3035,#649);
#399=LINE('',#3037,#650);
#400=LINE('',#3038,#651);
#401=LINE('',#3041,#652);
#402=LINE('',#3042,#653);
#403=LINE('',#3045,#654);
#404=LINE('',#3047,#655);
#405=LINE('',#3049,#656);
#406=LINE('',#3051,#657);
#407=LINE('',#3052,#658);
#408=LINE('',#3055,#659);
#409=LINE('',#3056,#660);
#410=LINE('',#3058,#661);
#411=LINE('',#3062,#662);
#412=LINE('',#3064,#663);
#413=LINE('',#3066,#664);
#414=LINE('',#3068,#665);
#415=LINE('',#3070,#666);
#416=LINE('',#3073,#667);
#417=LINE('',#3076,#668);
#418=LINE('',#3078,#669);
#419=LINE('',#3080,#670);
#420=LINE('',#3082,#671);
#421=LINE('',#3084,#672);
#422=LINE('',#3085,#673);
#423=LINE('',#3087,#674);
#424=LINE('',#3090,#675);
#425=LINE('',#3093,#676);
#426=LINE('',#3095,#677);
#427=LINE('',#3100,#678);
#428=LINE('',#3109,#679);
#429=LINE('',#3112,#680);
#430=LINE('',#3116,#681);
#431=LINE('',#3124,#682);
#432=LINE('',#3127,#683);
#433=LINE('',#3130,#684);
#434=LINE('',#3132,#685);
#435=LINE('',#3137,#686);
#436=LINE('',#3146,#687);
#437=LINE('',#3149,#688);
#438=LINE('',#3153,#689);
#439=LINE('',#3161,#690);
#440=LINE('',#3164,#691);
#441=LINE('',#3167,#692);
#442=LINE('',#3170,#693);
#443=LINE('',#3173,#694);
#444=LINE('',#3176,#695);
#445=LINE('',#3179,#696);
#446=LINE('',#3180,#697);
#447=LINE('',#3184,#698);
#448=LINE('',#3189,#699);
#449=LINE('',#3194,#700);
#450=LINE('',#3197,#701);
#451=LINE('',#3199,#702);
#452=LINE('',#3201,#703);
#453=LINE('',#3203,#704);
#454=LINE('',#3205,#705);
#455=LINE('',#3207,#706);
#456=LINE('',#3209,#707);
#457=LINE('',#3211,#708);
#458=LINE('',#3213,#709);
#459=LINE('',#3215,#710);
#460=LINE('',#3217,#711);
#461=LINE('',#3219,#712);
#462=LINE('',#3221,#713);
#463=LINE('',#3223,#714);
#464=LINE('',#3225,#715);
#465=LINE('',#3227,#716);
#466=LINE('',#3229,#717);
#467=LINE('',#3231,#718);
#468=LINE('',#3233,#719);
#469=LINE('',#3235,#720);
#470=LINE('',#3237,#721);
#471=LINE('',#3239,#722);
#472=LINE('',#3241,#723);
#473=LINE('',#3243,#724);
#474=LINE('',#3245,#725);
#475=LINE('',#3247,#726);
#476=LINE('',#3249,#727);
#477=LINE('',#3251,#728);
#478=LINE('',#3253,#729);
#479=LINE('',#3255,#730);
#480=LINE('',#3257,#731);
#481=LINE('',#3261,#732);
#482=LINE('',#3263,#733);
#483=LINE('',#3265,#734);
#484=LINE('',#3268,#735);
#485=LINE('',#3270,#736);
#486=LINE('',#3274,#737);
#487=LINE('',#3278,#738);
#488=LINE('',#3280,#739);
#489=LINE('',#3284,#740);
#490=LINE('',#3286,#741);
#491=LINE('',#3288,#742);
#492=LINE('',#3290,#743);
#493=LINE('',#3292,#744);
#494=LINE('',#3294,#745);
#495=LINE('',#3296,#746);
#496=LINE('',#3297,#747);
#497=LINE('',#3300,#748);
#498=LINE('',#3302,#749);
#499=LINE('',#3304,#750);
#500=LINE('',#3305,#751);
#501=LINE('',#3309,#752);
#502=LINE('',#3311,#753);
#503=LINE('',#3313,#754);
#504=LINE('',#3315,#755);
#505=LINE('',#3316,#756);
#506=LINE('',#3319,#757);
#507=LINE('',#3321,#758);
#508=LINE('',#3323,#759);
#509=LINE('',#3324,#760);
#510=LINE('',#3328,#761);
#511=LINE('',#3330,#762);
#512=LINE('',#3332,#763);
#513=LINE('',#3334,#764);
#514=LINE('',#3335,#765);
#515=LINE('',#3338,#766);
#516=LINE('',#3340,#767);
#517=LINE('',#3341,#768);
#518=LINE('',#3343,#769);
#519=LINE('',#3346,#770);
#520=LINE('',#3347,#771);
#521=LINE('',#3350,#772);
#522=LINE('',#3351,#773);
#523=LINE('',#3354,#774);
#524=LINE('',#3355,#775);
#525=LINE('',#3358,#776);
#526=LINE('',#3359,#777);
#527=LINE('',#3361,#778);
#528=LINE('',#3363,#779);
#529=LINE('',#3364,#780);
#530=LINE('',#3366,#781);
#531=LINE('',#3367,#782);
#532=LINE('',#3369,#783);
#533=LINE('',#3371,#784);
#534=LINE('',#3372,#785);
#535=LINE('',#3373,#786);
#536=LINE('',#3375,#787);
#537=LINE('',#3377,#788);
#538=LINE('',#3378,#789);
#539=LINE('',#3380,#790);
#540=LINE('',#3382,#791);
#541=LINE('',#3383,#792);
#542=LINE('',#3384,#793);
#543=LINE('',#3387,#794);
#544=LINE('',#3389,#795);
#545=LINE('',#3391,#796);
#546=LINE('',#3393,#797);
#547=LINE('',#3394,#798);
#548=LINE('',#3395,#799);
#549=LINE('',#3398,#800);
#550=LINE('',#3400,#801);
#551=LINE('',#3401,#802);
#552=LINE('',#3404,#803);
#553=LINE('',#3406,#804);
#554=LINE('',#3407,#805);
#555=LINE('',#3409,#806);
#556=LINE('',#3413,#807);
#557=LINE('',#3416,#808);
#558=LINE('',#3418,#809);
#559=LINE('',#3421,#810);
#560=LINE('',#3423,#811);
#561=LINE('',#3426,#812);
#562=LINE('',#3428,#813);
#563=LINE('',#3429,#814);
#564=LINE('',#3432,#815);
#565=LINE('',#3433,#816);
#566=LINE('',#3436,#817);
#567=LINE('',#3437,#818);
#568=LINE('',#3439,#819);
#569=LINE('',#3442,#820);
#570=LINE('',#3443,#821);
#571=LINE('',#3445,#822);
#572=LINE('',#3449,#823);
#573=LINE('',#3450,#824);
#574=LINE('',#3453,#825);
#575=LINE('',#3454,#826);
#576=LINE('',#3457,#827);
#577=LINE('',#3458,#828);
#578=LINE('',#3461,#829);
#579=LINE('',#3462,#830);
#580=LINE('',#3465,#831);
#581=LINE('',#3466,#832);
#582=LINE('',#3469,#833);
#583=LINE('',#3470,#834);
#584=LINE('',#3472,#835);
#585=LINE('',#3476,#836);
#586=LINE('',#3477,#837);
#587=LINE('',#3480,#838);
#588=LINE('',#3481,#839);
#589=LINE('',#3484,#840);
#590=LINE('',#3485,#841);
#591=LINE('',#3488,#842);
#592=LINE('',#3489,#843);
#593=LINE('',#3492,#844);
#594=LINE('',#3493,#845);
#595=LINE('',#3496,#846);
#596=LINE('',#3497,#847);
#597=LINE('',#3499,#848);
#598=LINE('',#3503,#849);
#599=LINE('',#3504,#850);
#600=LINE('',#3507,#851);
#601=LINE('',#3508,#852);
#602=LINE('',#3511,#853);
#603=LINE('',#3512,#854);
#604=LINE('',#3515,#855);
#605=LINE('',#3516,#856);
#606=LINE('',#3519,#857);
#607=LINE('',#3520,#858);
#608=LINE('',#3523,#859);
#609=LINE('',#3524,#860);
#610=LINE('',#3526,#861);
#611=LINE('',#3532,#862);
#612=LINE('',#3535,#863);
#613=LINE('',#3538,#864);
#614=LINE('',#3541,#865);
#615=VECTOR('',#2354,1.4);
#616=VECTOR('',#2361,1.4);
#617=VECTOR('',#2368,1.4);
#618=VECTOR('',#2375,1.4);
#619=VECTOR('',#2380,10.);
#620=VECTOR('',#2381,10.);
#621=VECTOR('',#2382,10.);
#622=VECTOR('',#2383,10.);
#623=VECTOR('',#2386,10.);
#624=VECTOR('',#2387,10.);
#625=VECTOR('',#2388,10.);
#626=VECTOR('',#2391,10.);
#627=VECTOR('',#2392,10.);
#628=VECTOR('',#2393,10.);
#629=VECTOR('',#2396,10.);
#630=VECTOR('',#2397,10.);
#631=VECTOR('',#2398,10.);
#632=VECTOR('',#2399,10.);
#633=VECTOR('',#2400,10.);
#634=VECTOR('',#2401,10.);
#635=VECTOR('',#2402,10.);
#636=VECTOR('',#2403,10.);
#637=VECTOR('',#2404,10.);
#638=VECTOR('',#2405,10.);
#639=VECTOR('',#2406,10.);
#640=VECTOR('',#2427,10.);
#641=VECTOR('',#2428,10.);
#642=VECTOR('',#2431,10.);
#643=VECTOR('',#2432,10.);
#644=VECTOR('',#2435,10.);
#645=VECTOR('',#2436,10.);
#646=VECTOR('',#2437,10.);
#647=VECTOR('',#2440,10.);
#648=VECTOR('',#2441,10.);
#649=VECTOR('',#2444,10.);
#650=VECTOR('',#2445,10.);
#651=VECTOR('',#2446,10.);
#652=VECTOR('',#2449,10.);
#653=VECTOR('',#2450,10.);
#654=VECTOR('',#2453,10.);
#655=VECTOR('',#2454,10.);
#656=VECTOR('',#2455,10.);
#657=VECTOR('',#2456,10.);
#658=VECTOR('',#2457,10.);
#659=VECTOR('',#2460,10.);
#660=VECTOR('',#2461,10.);
#661=VECTOR('',#2462,10.);
#662=VECTOR('',#2465,10.);
#663=VECTOR('',#2466,10.);
#664=VECTOR('',#2467,10.);
#665=VECTOR('',#2468,10.);
#666=VECTOR('',#2469,10.);
#667=VECTOR('',#2472,10.);
#668=VECTOR('',#2475,10.);
#669=VECTOR('',#2476,10.);
#670=VECTOR('',#2477,10.);
#671=VECTOR('',#2478,10.);
#672=VECTOR('',#2479,10.);
#673=VECTOR('',#2480,10.);
#674=VECTOR('',#2483,10.);
#675=VECTOR('',#2488,10.);
#676=VECTOR('',#2491,10.);
#677=VECTOR('',#2492,10.);
#678=VECTOR('',#2499,1.25);
#679=VECTOR('',#2510,10.);
#680=VECTOR('',#2513,10.);
#681=VECTOR('',#2518,1.25);
#682=VECTOR('',#2527,10.);
#683=VECTOR('',#2530,10.);
#684=VECTOR('',#2533,10.);
#685=VECTOR('',#2534,10.);
#686=VECTOR('',#2541,1.25);
#687=VECTOR('',#2552,10.);
#688=VECTOR('',#2555,10.);
#689=VECTOR('',#2560,1.25);
#690=VECTOR('',#2569,10.);
#691=VECTOR('',#2572,10.);
#692=VECTOR('',#2575,10.);
#693=VECTOR('',#2578,10.);
#694=VECTOR('',#2581,10.);
#695=VECTOR('',#2584,10.);
#696=VECTOR('',#2587,10.);
#697=VECTOR('',#2588,10.);
#698=VECTOR('',#2593,1.);
#699=VECTOR('',#2600,0.999999999999999);
#700=VECTOR('',#2607,1.);
#701=VECTOR('',#2612,10.);
#702=VECTOR('',#2613,10.);
#703=VECTOR('',#2614,10.);
#704=VECTOR('',#2615,10.);
#705=VECTOR('',#2616,10.);
#706=VECTOR('',#2617,10.);
#707=VECTOR('',#2618,10.);
#708=VECTOR('',#2619,10.);
#709=VECTOR('',#2620,10.);
#710=VECTOR('',#2621,10.);
#711=VECTOR('',#2622,10.);
#712=VECTOR('',#2623,10.);
#713=VECTOR('',#2624,10.);
#714=VECTOR('',#2625,10.);
#715=VECTOR('',#2626,10.);
#716=VECTOR('',#2627,10.);
#717=VECTOR('',#2628,10.);
#718=VECTOR('',#2629,10.);
#719=VECTOR('',#2630,10.);
#720=VECTOR('',#2631,10.);
#721=VECTOR('',#2632,10.);
#722=VECTOR('',#2633,10.);
#723=VECTOR('',#2634,10.);
#724=VECTOR('',#2635,10.);
#725=VECTOR('',#2636,10.);
#726=VECTOR('',#2637,10.);
#727=VECTOR('',#2638,10.);
#728=VECTOR('',#2639,10.);
#729=VECTOR('',#2640,10.);
#730=VECTOR('',#2641,10.);
#731=VECTOR('',#2642,10.);
#732=VECTOR('',#2645,10.);
#733=VECTOR('',#2646,10.);
#734=VECTOR('',#2647,10.);
#735=VECTOR('',#2650,10.);
#736=VECTOR('',#2653,10.);
#737=VECTOR('',#2658,0.999999977648258);
#738=VECTOR('',#2663,10.);
#739=VECTOR('',#2664,10.);
#740=VECTOR('',#2667,10.);
#741=VECTOR('',#2668,10.);
#742=VECTOR('',#2669,10.);
#743=VECTOR('',#2670,10.);
#744=VECTOR('',#2671,10.);
#745=VECTOR('',#2672,10.);
#746=VECTOR('',#2673,10.);
#747=VECTOR('',#2674,10.);
#748=VECTOR('',#2677,10.);
#749=VECTOR('',#2678,10.);
#750=VECTOR('',#2679,10.);
#751=VECTOR('',#2680,10.);
#752=VECTOR('',#2683,10.);
#753=VECTOR('',#2684,10.);
#754=VECTOR('',#2685,10.);
#755=VECTOR('',#2686,10.);
#756=VECTOR('',#2687,10.);
#757=VECTOR('',#2690,10.);
#758=VECTOR('',#2691,10.);
#759=VECTOR('',#2692,10.);
#760=VECTOR('',#2693,10.);
#761=VECTOR('',#2696,10.);
#762=VECTOR('',#2697,10.);
#763=VECTOR('',#2698,10.);
#764=VECTOR('',#2699,10.);
#765=VECTOR('',#2700,10.);
#766=VECTOR('',#2703,10.);
#767=VECTOR('',#2704,10.);
#768=VECTOR('',#2705,10.);
#769=VECTOR('',#2708,10.);
#770=VECTOR('',#2711,10.);
#771=VECTOR('',#2712,10.);
#772=VECTOR('',#2715,10.);
#773=VECTOR('',#2716,10.);
#774=VECTOR('',#2719,10.);
#775=VECTOR('',#2720,10.);
#776=VECTOR('',#2723,10.);
#777=VECTOR('',#2724,10.);
#778=VECTOR('',#2727,10.);
#779=VECTOR('',#2730,10.);
#780=VECTOR('',#2731,10.);
#781=VECTOR('',#2734,10.);
#782=VECTOR('',#2735,10.);
#783=VECTOR('',#2736,10.);
#784=VECTOR('',#2737,10.);
#785=VECTOR('',#2738,10.);
#786=VECTOR('',#2739,10.);
#787=VECTOR('',#2742,10.);
#788=VECTOR('',#2745,10.);
#789=VECTOR('',#2746,10.);
#790=VECTOR('',#2747,10.);
#791=VECTOR('',#2748,10.);
#792=VECTOR('',#2749,10.);
#793=VECTOR('',#2750,10.);
#794=VECTOR('',#2755,10.);
#795=VECTOR('',#2758,10.);
#796=VECTOR('',#2759,10.);
#797=VECTOR('',#2760,10.);
#798=VECTOR('',#2761,10.);
#799=VECTOR('',#2762,10.);
#800=VECTOR('',#2765,10.);
#801=VECTOR('',#2766,10.);
#802=VECTOR('',#2767,10.);
#803=VECTOR('',#2770,10.);
#804=VECTOR('',#2771,10.);
#805=VECTOR('',#2772,10.);
#806=VECTOR('',#2775,10.);
#807=VECTOR('',#2780,4.5);
#808=VECTOR('',#2783,10.);
#809=VECTOR('',#2784,10.);
#810=VECTOR('',#2787,10.);
#811=VECTOR('',#2788,10.);
#812=VECTOR('',#2793,10.);
#813=VECTOR('',#2794,10.);
#814=VECTOR('',#2795,10.);
#815=VECTOR('',#2798,10.);
#816=VECTOR('',#2799,10.);
#817=VECTOR('',#2802,10.);
#818=VECTOR('',#2803,10.);
#819=VECTOR('',#2806,10.);
#820=VECTOR('',#2809,10.);
#821=VECTOR('',#2810,10.);
#822=VECTOR('',#2813,10.);
#823=VECTOR('',#2818,10.);
#824=VECTOR('',#2819,10.);
#825=VECTOR('',#2822,10.);
#826=VECTOR('',#2823,10.);
#827=VECTOR('',#2826,10.);
#828=VECTOR('',#2827,10.);
#829=VECTOR('',#2830,10.);
#830=VECTOR('',#2831,10.);
#831=VECTOR('',#2834,10.);
#832=VECTOR('',#2835,10.);
#833=VECTOR('',#2838,10.);
#834=VECTOR('',#2839,10.);
#835=VECTOR('',#2842,10.);
#836=VECTOR('',#2847,10.);
#837=VECTOR('',#2848,10.);
#838=VECTOR('',#2851,10.);
#839=VECTOR('',#2852,10.);
#840=VECTOR('',#2855,10.);
#841=VECTOR('',#2856,10.);
#842=VECTOR('',#2859,10.);
#843=VECTOR('',#2860,10.);
#844=VECTOR('',#2863,10.);
#845=VECTOR('',#2864,10.);
#846=VECTOR('',#2867,10.);
#847=VECTOR('',#2868,10.);
#848=VECTOR('',#2871,10.);
#849=VECTOR('',#2876,10.);
#850=VECTOR('',#2877,10.);
#851=VECTOR('',#2880,10.);
#852=VECTOR('',#2881,10.);
#853=VECTOR('',#2884,10.);
#854=VECTOR('',#2885,10.);
#855=VECTOR('',#2888,10.);
#856=VECTOR('',#2889,10.);
#857=VECTOR('',#2892,10.);
#858=VECTOR('',#2893,10.);
#859=VECTOR('',#2896,10.);
#860=VECTOR('',#2897,10.);
#861=VECTOR('',#2900,10.);
#862=VECTOR('',#2911,10.);
#863=VECTOR('',#2916,10.);
#864=VECTOR('',#2921,10.);
#865=VECTOR('',#2926,10.);
#866=CIRCLE('',#2185,1.4);
#867=CIRCLE('',#2186,1.4);
#868=CIRCLE('',#2188,1.4);
#869=CIRCLE('',#2189,1.4);
#870=CIRCLE('',#2191,1.4);
#871=CIRCLE('',#2192,1.4);
#872=CIRCLE('',#2194,1.4);
#873=CIRCLE('',#2195,1.4);
#874=CIRCLE('',#2200,1.25);
#875=CIRCLE('',#2201,1.25);
#876=CIRCLE('',#2202,1.25);
#877=CIRCLE('',#2203,1.25);
#878=CIRCLE('',#2204,4.5);
#879=CIRCLE('',#2205,0.999999977648258);
#880=CIRCLE('',#2206,1.);
#881=CIRCLE('',#2207,0.999999999999999);
#882=CIRCLE('',#2208,1.);
#883=CIRCLE('',#2217,2.5);
#884=CIRCLE('',#2218,2.5);
#885=CIRCLE('',#2224,2.5);
#886=CIRCLE('',#2226,1.25);
#887=CIRCLE('',#2228,2.5);
#888=CIRCLE('',#2229,2.5);
#889=CIRCLE('',#2230,1.);
#890=CIRCLE('',#2232,2.5);
#891=CIRCLE('',#2234,1.25);
#892=CIRCLE('',#2236,2.5);
#893=CIRCLE('',#2237,1.);
#894=CIRCLE('',#2239,2.5);
#895=CIRCLE('',#2241,2.5);
#896=CIRCLE('',#2243,1.25);
#897=CIRCLE('',#2245,2.5);
#898=CIRCLE('',#2246,2.5);
#899=CIRCLE('',#2247,0.999999977648258);
#900=CIRCLE('',#2249,2.5);
#901=CIRCLE('',#2251,1.25);
#902=CIRCLE('',#2253,2.5);
#903=CIRCLE('',#2254,0.999999999999999);
#904=CIRCLE('',#2256,2.5);
#905=CIRCLE('',#2258,2.5);
#906=CIRCLE('',#2260,2.5);
#907=CIRCLE('',#2263,1.);
#908=CIRCLE('',#2264,1.);
#909=CIRCLE('',#2266,0.999999999999999);
#910=CIRCLE('',#2267,0.999999999999999);
#911=CIRCLE('',#2269,1.);
#912=CIRCLE('',#2270,1.);
#913=CIRCLE('',#2272,4.5);
#914=CIRCLE('',#2273,4.5);
#915=CIRCLE('',#2276,0.999999977648258);
#916=CIRCLE('',#2277,0.999999977648258);
#917=CIRCLE('',#2279,4.5);
#918=CIRCLE('',#2301,4.5);
#919=CIRCLE('',#2303,4.5);
#920=CIRCLE('',#2304,4.5);
#921=CIRCLE('',#2305,4.5);
#922=VERTEX_POINT('',#2931);
#923=VERTEX_POINT('',#2933);
#924=VERTEX_POINT('',#2937);
#925=VERTEX_POINT('',#2939);
#926=VERTEX_POINT('',#2943);
#927=VERTEX_POINT('',#2945);
#928=VERTEX_POINT('',#2949);
#929=VERTEX_POINT('',#2951);
#930=VERTEX_POINT('',#2955);
#931=VERTEX_POINT('',#2956);
#932=VERTEX_POINT('',#2958);
#933=VERTEX_POINT('',#2960);
#934=VERTEX_POINT('',#2964);
#935=VERTEX_POINT('',#2966);
#936=VERTEX_POINT('',#2970);
#937=VERTEX_POINT('',#2972);
#938=VERTEX_POINT('',#2976);
#939=VERTEX_POINT('',#2978);
#940=VERTEX_POINT('',#2980);
#941=VERTEX_POINT('',#2982);
#942=VERTEX_POINT('',#2984);
#943=VERTEX_POINT('',#2986);
#944=VERTEX_POINT('',#2988);
#945=VERTEX_POINT('',#2990);
#946=VERTEX_POINT('',#2992);
#947=VERTEX_POINT('',#2994);
#948=VERTEX_POINT('',#2997);
#949=VERTEX_POINT('',#2999);
#950=VERTEX_POINT('',#3001);
#951=VERTEX_POINT('',#3003);
#952=VERTEX_POINT('',#3005);
#953=VERTEX_POINT('',#3007);
#954=VERTEX_POINT('',#3009);
#955=VERTEX_POINT('',#3011);
#956=VERTEX_POINT('',#3013);
#957=VERTEX_POINT('',#3016);
#958=VERTEX_POINT('',#3020);
#959=VERTEX_POINT('',#3024);
#960=VERTEX_POINT('',#3026);
#961=VERTEX_POINT('',#3030);
#962=VERTEX_POINT('',#3034);
#963=VERTEX_POINT('',#3036);
#964=VERTEX_POINT('',#3040);
#965=VERTEX_POINT('',#3044);
#966=VERTEX_POINT('',#3046);
#967=VERTEX_POINT('',#3048);
#968=VERTEX_POINT('',#3050);
#969=VERTEX_POINT('',#3054);
#970=VERTEX_POINT('',#3057);
#971=VERTEX_POINT('',#3059);
#972=VERTEX_POINT('',#3061);
#973=VERTEX_POINT('',#3063);
#974=VERTEX_POINT('',#3065);
#975=VERTEX_POINT('',#3067);
#976=VERTEX_POINT('',#3069);
#977=VERTEX_POINT('',#3071);
#978=VERTEX_POINT('',#3075);
#979=VERTEX_POINT('',#3077);
#980=VERTEX_POINT('',#3079);
#981=VERTEX_POINT('',#3081);
#982=VERTEX_POINT('',#3083);
#983=VERTEX_POINT('',#3092);
#984=VERTEX_POINT('',#3094);
#985=VERTEX_POINT('',#3098);
#986=VERTEX_POINT('',#3102);
#987=VERTEX_POINT('',#3104);
#988=VERTEX_POINT('',#3108);
#989=VERTEX_POINT('',#3110);
#990=VERTEX_POINT('',#3114);
#991=VERTEX_POINT('',#3118);
#992=VERTEX_POINT('',#3119);
#993=VERTEX_POINT('',#3123);
#994=VERTEX_POINT('',#3125);
#995=VERTEX_POINT('',#3129);
#996=VERTEX_POINT('',#3131);
#997=VERTEX_POINT('',#3135);
#998=VERTEX_POINT('',#3139);
#999=VERTEX_POINT('',#3141);
#1000=VERTEX_POINT('',#3145);
#1001=VERTEX_POINT('',#3147);
#1002=VERTEX_POINT('',#3151);
#1003=VERTEX_POINT('',#3155);
#1004=VERTEX_POINT('',#3156);
#1005=VERTEX_POINT('',#3160);
#1006=VERTEX_POINT('',#3162);
#1007=VERTEX_POINT('',#3166);
#1008=VERTEX_POINT('',#3168);
#1009=VERTEX_POINT('',#3172);
#1010=VERTEX_POINT('',#3174);
#1011=VERTEX_POINT('',#3178);
#1012=VERTEX_POINT('',#3182);
#1013=VERTEX_POINT('',#3187);
#1014=VERTEX_POINT('',#3192);
#1015=VERTEX_POINT('',#3198);
#1016=VERTEX_POINT('',#3200);
#1017=VERTEX_POINT('',#3202);
#1018=VERTEX_POINT('',#3204);
#1019=VERTEX_POINT('',#3206);
#1020=VERTEX_POINT('',#3208);
#1021=VERTEX_POINT('',#3210);
#1022=VERTEX_POINT('',#3212);
#1023=VERTEX_POINT('',#3214);
#1024=VERTEX_POINT('',#3216);
#1025=VERTEX_POINT('',#3218);
#1026=VERTEX_POINT('',#3220);
#1027=VERTEX_POINT('',#3222);
#1028=VERTEX_POINT('',#3224);
#1029=VERTEX_POINT('',#3226);
#1030=VERTEX_POINT('',#3228);
#1031=VERTEX_POINT('',#3230);
#1032=VERTEX_POINT('',#3232);
#1033=VERTEX_POINT('',#3234);
#1034=VERTEX_POINT('',#3236);
#1035=VERTEX_POINT('',#3238);
#1036=VERTEX_POINT('',#3240);
#1037=VERTEX_POINT('',#3242);
#1038=VERTEX_POINT('',#3244);
#1039=VERTEX_POINT('',#3246);
#1040=VERTEX_POINT('',#3248);
#1041=VERTEX_POINT('',#3250);
#1042=VERTEX_POINT('',#3252);
#1043=VERTEX_POINT('',#3254);
#1044=VERTEX_POINT('',#3256);
#1045=VERTEX_POINT('',#3258);
#1046=VERTEX_POINT('',#3260);
#1047=VERTEX_POINT('',#3262);
#1048=VERTEX_POINT('',#3264);
#1049=VERTEX_POINT('',#3266);
#1050=VERTEX_POINT('',#3272);
#1051=VERTEX_POINT('',#3277);
#1052=VERTEX_POINT('',#3279);
#1053=VERTEX_POINT('',#3281);
#1054=VERTEX_POINT('',#3283);
#1055=VERTEX_POINT('',#3285);
#1056=VERTEX_POINT('',#3287);
#1057=VERTEX_POINT('',#3289);
#1058=VERTEX_POINT('',#3291);
#1059=VERTEX_POINT('',#3293);
#1060=VERTEX_POINT('',#3295);
#1061=VERTEX_POINT('',#3299);
#1062=VERTEX_POINT('',#3301);
#1063=VERTEX_POINT('',#3303);
#1064=VERTEX_POINT('',#3307);
#1065=VERTEX_POINT('',#3308);
#1066=VERTEX_POINT('',#3310);
#1067=VERTEX_POINT('',#3312);
#1068=VERTEX_POINT('',#3314);
#1069=VERTEX_POINT('',#3318);
#1070=VERTEX_POINT('',#3320);
#1071=VERTEX_POINT('',#3322);
#1072=VERTEX_POINT('',#3326);
#1073=VERTEX_POINT('',#3327);
#1074=VERTEX_POINT('',#3329);
#1075=VERTEX_POINT('',#3331);
#1076=VERTEX_POINT('',#3333);
#1077=VERTEX_POINT('',#3337);
#1078=VERTEX_POINT('',#3339);
#1079=VERTEX_POINT('',#3345);
#1080=VERTEX_POINT('',#3349);
#1081=VERTEX_POINT('',#3353);
#1082=VERTEX_POINT('',#3357);
#1083=VERTEX_POINT('',#3368);
#1084=VERTEX_POINT('',#3370);
#1085=VERTEX_POINT('',#3379);
#1086=VERTEX_POINT('',#3381);
#1087=VERTEX_POINT('',#3390);
#1088=VERTEX_POINT('',#3392);
#1089=VERTEX_POINT('',#3397);
#1090=VERTEX_POINT('',#3399);
#1091=VERTEX_POINT('',#3403);
#1092=VERTEX_POINT('',#3405);
#1093=VERTEX_POINT('',#3412);
#1094=VERTEX_POINT('',#3414);
#1095=VERTEX_POINT('',#3417);
#1096=VERTEX_POINT('',#3419);
#1097=VERTEX_POINT('',#3422);
#1098=VERTEX_POINT('',#3427);
#1099=VERTEX_POINT('',#3431);
#1100=VERTEX_POINT('',#3435);
#1101=VERTEX_POINT('',#3441);
#1102=VERTEX_POINT('',#3448);
#1103=VERTEX_POINT('',#3452);
#1104=VERTEX_POINT('',#3456);
#1105=VERTEX_POINT('',#3460);
#1106=VERTEX_POINT('',#3464);
#1107=VERTEX_POINT('',#3468);
#1108=VERTEX_POINT('',#3475);
#1109=VERTEX_POINT('',#3479);
#1110=VERTEX_POINT('',#3483);
#1111=VERTEX_POINT('',#3487);
#1112=VERTEX_POINT('',#3491);
#1113=VERTEX_POINT('',#3495);
#1114=VERTEX_POINT('',#3502);
#1115=VERTEX_POINT('',#3506);
#1116=VERTEX_POINT('',#3510);
#1117=VERTEX_POINT('',#3514);
#1118=VERTEX_POINT('',#3518);
#1119=VERTEX_POINT('',#3522);
#1120=EDGE_CURVE('',#922,#922,#866,.T.);
#1121=EDGE_CURVE('',#922,#923,#364,.T.);
#1122=EDGE_CURVE('',#923,#923,#867,.T.);
#1123=EDGE_CURVE('',#924,#924,#868,.T.);
#1124=EDGE_CURVE('',#924,#925,#365,.T.);
#1125=EDGE_CURVE('',#925,#925,#869,.T.);
#1126=EDGE_CURVE('',#926,#926,#870,.T.);
#1127=EDGE_CURVE('',#926,#927,#366,.T.);
#1128=EDGE_CURVE('',#927,#927,#871,.T.);
#1129=EDGE_CURVE('',#928,#928,#872,.T.);
#1130=EDGE_CURVE('',#928,#929,#367,.T.);
#1131=EDGE_CURVE('',#929,#929,#873,.T.);
#1132=EDGE_CURVE('',#930,#931,#368,.T.);
#1133=EDGE_CURVE('',#931,#932,#369,.T.);
#1134=EDGE_CURVE('',#932,#933,#370,.T.);
#1135=EDGE_CURVE('',#933,#930,#371,.T.);
#1136=EDGE_CURVE('',#931,#934,#372,.T.);
#1137=EDGE_CURVE('',#934,#935,#373,.T.);
#1138=EDGE_CURVE('',#935,#932,#374,.T.);
#1139=EDGE_CURVE('',#933,#936,#375,.T.);
#1140=EDGE_CURVE('',#936,#937,#376,.T.);
#1141=EDGE_CURVE('',#937,#930,#377,.T.);
#1142=EDGE_CURVE('',#938,#937,#378,.T.);
#1143=EDGE_CURVE('',#939,#938,#379,.T.);
#1144=EDGE_CURVE('',#940,#939,#380,.T.);
#1145=EDGE_CURVE('',#941,#940,#381,.T.);
#1146=EDGE_CURVE('',#942,#941,#382,.T.);
#1147=EDGE_CURVE('',#943,#942,#383,.T.);
#1148=EDGE_CURVE('',#944,#943,#384,.T.);
#1149=EDGE_CURVE('',#945,#944,#385,.T.);
#1150=EDGE_CURVE('',#946,#945,#386,.T.);
#1151=EDGE_CURVE('',#947,#946,#387,.T.);
#1152=EDGE_CURVE('',#934,#947,#388,.T.);
#1153=EDGE_CURVE('',#948,#948,#874,.T.);
#1154=EDGE_CURVE('',#949,#949,#875,.T.);
#1155=EDGE_CURVE('',#950,#950,#876,.T.);
#1156=EDGE_CURVE('',#951,#951,#877,.T.);
#1157=EDGE_CURVE('',#952,#952,#878,.T.);
#1158=EDGE_CURVE('',#953,#953,#879,.T.);
#1159=EDGE_CURVE('',#954,#954,#880,.T.);
#1160=EDGE_CURVE('',#955,#955,#881,.T.);
#1161=EDGE_CURVE('',#956,#956,#882,.T.);
#1162=EDGE_CURVE('',#936,#957,#389,.T.);
#1163=EDGE_CURVE('',#957,#938,#390,.T.);
#1164=EDGE_CURVE('',#957,#958,#391,.T.);
#1165=EDGE_CURVE('',#939,#958,#392,.T.);
#1166=EDGE_CURVE('',#936,#959,#393,.T.);
#1167=EDGE_CURVE('',#959,#960,#394,.T.);
#1168=EDGE_CURVE('',#960,#957,#395,.T.);
#1169=EDGE_CURVE('',#947,#961,#396,.T.);
#1170=EDGE_CURVE('',#961,#935,#397,.T.);
#1171=EDGE_CURVE('',#962,#935,#398,.T.);
#1172=EDGE_CURVE('',#963,#962,#399,.T.);
#1173=EDGE_CURVE('',#932,#963,#400,.T.);
#1174=EDGE_CURVE('',#961,#964,#401,.T.);
#1175=EDGE_CURVE('',#964,#962,#402,.T.);
#1176=EDGE_CURVE('',#960,#965,#403,.T.);
#1177=EDGE_CURVE('',#966,#965,#404,.T.);
#1178=EDGE_CURVE('',#966,#967,#405,.T.);
#1179=EDGE_CURVE('',#968,#967,#406,.T.);
#1180=EDGE_CURVE('',#958,#968,#407,.T.);
#1181=EDGE_CURVE('',#959,#969,#408,.T.);
#1182=EDGE_CURVE('',#969,#963,#409,.T.);
#1183=EDGE_CURVE('',#970,#964,#410,.T.);
#1184=EDGE_CURVE('',#970,#971,#883,.T.);
#1185=EDGE_CURVE('',#972,#971,#411,.T.);
#1186=EDGE_CURVE('',#973,#972,#412,.T.);
#1187=EDGE_CURVE('',#974,#973,#413,.T.);
#1188=EDGE_CURVE('',#975,#974,#414,.T.);
#1189=EDGE_CURVE('',#976,#975,#415,.T.);
#1190=EDGE_CURVE('',#976,#977,#884,.T.);
#1191=EDGE_CURVE('',#960,#977,#416,.T.);
#1192=EDGE_CURVE('',#978,#961,#417,.T.);
#1193=EDGE_CURVE('',#979,#978,#418,.T.);
#1194=EDGE_CURVE('',#980,#979,#419,.T.);
#1195=EDGE_CURVE('',#981,#980,#420,.T.);
#1196=EDGE_CURVE('',#982,#981,#421,.T.);
#1197=EDGE_CURVE('',#982,#964,#422,.T.);
#1198=EDGE_CURVE('',#933,#969,#423,.T.);
#1199=EDGE_CURVE('',#946,#978,#424,.T.);
#1200=EDGE_CURVE('',#971,#983,#425,.T.);
#1201=EDGE_CURVE('',#984,#970,#426,.T.);
#1202=EDGE_CURVE('',#983,#984,#885,.T.);
#1203=EDGE_CURVE('',#985,#985,#886,.T.);
#1204=EDGE_CURVE('',#985,#948,#427,.T.);
#1205=EDGE_CURVE('',#983,#986,#887,.T.);
#1206=EDGE_CURVE('',#987,#984,#888,.T.);
#1207=EDGE_CURVE('',#987,#986,#889,.T.);
#1208=EDGE_CURVE('',#988,#984,#428,.T.);
#1209=EDGE_CURVE('',#989,#988,#890,.T.);
#1210=EDGE_CURVE('',#987,#989,#429,.T.);
#1211=EDGE_CURVE('',#990,#990,#891,.T.);
#1212=EDGE_CURVE('',#990,#949,#430,.T.);
#1213=EDGE_CURVE('',#991,#992,#892,.T.);
#1214=EDGE_CURVE('',#991,#992,#893,.T.);
#1215=EDGE_CURVE('',#993,#992,#431,.T.);
#1216=EDGE_CURVE('',#994,#993,#894,.T.);
#1217=EDGE_CURVE('',#991,#994,#432,.T.);
#1218=EDGE_CURVE('',#977,#995,#433,.T.);
#1219=EDGE_CURVE('',#996,#976,#434,.T.);
#1220=EDGE_CURVE('',#995,#996,#895,.T.);
#1221=EDGE_CURVE('',#997,#997,#896,.T.);
#1222=EDGE_CURVE('',#997,#950,#435,.T.);
#1223=EDGE_CURVE('',#995,#998,#897,.T.);
#1224=EDGE_CURVE('',#999,#996,#898,.T.);
#1225=EDGE_CURVE('',#999,#998,#899,.T.);
#1226=EDGE_CURVE('',#1000,#996,#436,.T.);
#1227=EDGE_CURVE('',#1001,#1000,#900,.T.);
#1228=EDGE_CURVE('',#999,#1001,#437,.T.);
#1229=EDGE_CURVE('',#1002,#1002,#901,.T.);
#1230=EDGE_CURVE('',#1002,#951,#438,.T.);
#1231=EDGE_CURVE('',#1003,#1004,#902,.T.);
#1232=EDGE_CURVE('',#1003,#1004,#903,.T.);
#1233=EDGE_CURVE('',#1005,#1004,#439,.T.);
#1234=EDGE_CURVE('',#1006,#1005,#904,.T.);
#1235=EDGE_CURVE('',#1003,#1006,#440,.T.);
#1236=EDGE_CURVE('',#1007,#986,#441,.T.);
#1237=EDGE_CURVE('',#1008,#1007,#905,.T.);
#1238=EDGE_CURVE('',#983,#1008,#442,.T.);
#1239=EDGE_CURVE('',#1009,#998,#443,.T.);
#1240=EDGE_CURVE('',#1010,#1009,#906,.T.);
#1241=EDGE_CURVE('',#995,#1010,#444,.T.);
#1242=EDGE_CURVE('',#1011,#1008,#445,.T.);
#1243=EDGE_CURVE('',#1011,#972,#446,.T.);
#1244=EDGE_CURVE('',#1012,#989,#907,.T.);
#1245=EDGE_CURVE('',#1012,#956,#447,.T.);
#1246=EDGE_CURVE('',#1007,#1012,#908,.T.);
#1247=EDGE_CURVE('',#1013,#1006,#909,.T.);
#1248=EDGE_CURVE('',#1013,#955,#448,.T.);
#1249=EDGE_CURVE('',#1005,#1013,#910,.T.);
#1250=EDGE_CURVE('',#1014,#994,#911,.T.);
#1251=EDGE_CURVE('',#1014,#954,#449,.T.);
#1252=EDGE_CURVE('',#993,#1014,#912,.T.);
#1253=EDGE_CURVE('',#988,#982,#450,.T.);
#1254=EDGE_CURVE('',#981,#1015,#451,.T.);
#1255=EDGE_CURVE('',#1015,#1016,#452,.T.);
#1256=EDGE_CURVE('',#1017,#1016,#453,.T.);
#1257=EDGE_CURVE('',#1017,#1018,#454,.T.);
#1258=EDGE_CURVE('',#1018,#1019,#455,.T.);
#1259=EDGE_CURVE('',#1019,#1020,#456,.T.);
#1260=EDGE_CURVE('',#1020,#1021,#457,.T.);
#1261=EDGE_CURVE('',#1021,#1022,#458,.T.);
#1262=EDGE_CURVE('',#1022,#1023,#459,.T.);
#1263=EDGE_CURVE('',#1023,#1024,#460,.T.);
#1264=EDGE_CURVE('',#1025,#1024,#461,.T.);
#1265=EDGE_CURVE('',#1025,#1026,#462,.T.);
#1266=EDGE_CURVE('',#1026,#1027,#463,.T.);
#1267=EDGE_CURVE('',#1027,#1028,#464,.T.);
#1268=EDGE_CURVE('',#1028,#1029,#465,.T.);
#1269=EDGE_CURVE('',#1029,#1030,#466,.T.);
#1270=EDGE_CURVE('',#1030,#1031,#467,.T.);
#1271=EDGE_CURVE('',#1031,#1032,#468,.T.);
#1272=EDGE_CURVE('',#1032,#1033,#469,.T.);
#1273=EDGE_CURVE('',#1033,#1034,#470,.T.);
#1274=EDGE_CURVE('',#1034,#1035,#471,.T.);
#1275=EDGE_CURVE('',#1035,#1036,#472,.T.);
#1276=EDGE_CURVE('',#1036,#1037,#473,.T.);
#1277=EDGE_CURVE('',#1037,#1038,#474,.T.);
#1278=EDGE_CURVE('',#1039,#1038,#475,.T.);
#1279=EDGE_CURVE('',#1039,#1040,#476,.T.);
#1280=EDGE_CURVE('',#1040,#1041,#477,.T.);
#1281=EDGE_CURVE('',#1041,#1042,#478,.T.);
#1282=EDGE_CURVE('',#1042,#1043,#479,.T.);
#1283=EDGE_CURVE('',#1043,#1044,#480,.F.);
#1284=EDGE_CURVE('',#1044,#1045,#913,.T.);
#1285=EDGE_CURVE('',#1045,#1046,#481,.T.);
#1286=EDGE_CURVE('',#1046,#1047,#482,.T.);
#1287=EDGE_CURVE('',#1047,#1048,#483,.T.);
#1288=EDGE_CURVE('',#1048,#1049,#914,.T.);
#1289=EDGE_CURVE('',#1049,#1011,#484,.T.);
#1290=EDGE_CURVE('',#965,#1010,#485,.T.);
#1291=EDGE_CURVE('',#1050,#1001,#915,.T.);
#1292=EDGE_CURVE('',#1050,#953,#486,.T.);
#1293=EDGE_CURVE('',#1009,#1050,#916,.T.);
#1294=EDGE_CURVE('',#1000,#1051,#487,.T.);
#1295=EDGE_CURVE('',#1051,#1052,#488,.T.);
#1296=EDGE_CURVE('',#1052,#1053,#917,.T.);
#1297=EDGE_CURVE('',#1053,#1054,#489,.F.);
#1298=EDGE_CURVE('',#1054,#1055,#490,.T.);
#1299=EDGE_CURVE('',#1055,#1056,#491,.T.);
#1300=EDGE_CURVE('',#1056,#1057,#492,.T.);
#1301=EDGE_CURVE('',#1057,#1058,#493,.T.);
#1302=EDGE_CURVE('',#1059,#1058,#494,.T.);
#1303=EDGE_CURVE('',#1059,#1060,#495,.T.);
#1304=EDGE_CURVE('',#1060,#966,#496,.T.);
#1305=EDGE_CURVE('',#979,#1061,#497,.T.);
#1306=EDGE_CURVE('',#1061,#1062,#498,.T.);
#1307=EDGE_CURVE('',#1062,#1063,#499,.T.);
#1308=EDGE_CURVE('',#1063,#980,#500,.T.);
#1309=EDGE_CURVE('',#1064,#1065,#501,.T.);
#1310=EDGE_CURVE('',#1065,#1066,#502,.T.);
#1311=EDGE_CURVE('',#1066,#1067,#503,.T.);
#1312=EDGE_CURVE('',#1067,#1068,#504,.T.);
#1313=EDGE_CURVE('',#1068,#1064,#505,.T.);
#1314=EDGE_CURVE('',#1069,#968,#506,.T.);
#1315=EDGE_CURVE('',#967,#1070,#507,.T.);
#1316=EDGE_CURVE('',#1070,#1071,#508,.T.);
#1317=EDGE_CURVE('',#1071,#1069,#509,.T.);
#1318=EDGE_CURVE('',#1072,#1073,#510,.T.);
#1319=EDGE_CURVE('',#1073,#1074,#511,.T.);
#1320=EDGE_CURVE('',#1074,#1075,#512,.T.);
#1321=EDGE_CURVE('',#1075,#1076,#513,.T.);
#1322=EDGE_CURVE('',#1076,#1072,#514,.T.);
#1323=EDGE_CURVE('',#940,#1077,#515,.T.);
#1324=EDGE_CURVE('',#1077,#1078,#516,.T.);
#1325=EDGE_CURVE('',#941,#1078,#517,.T.);
#1326=EDGE_CURVE('',#958,#1077,#518,.T.);
#1327=EDGE_CURVE('',#945,#1079,#519,.T.);
#1328=EDGE_CURVE('',#1079,#978,#520,.T.);
#1329=EDGE_CURVE('',#944,#1080,#521,.T.);
#1330=EDGE_CURVE('',#1080,#1079,#522,.T.);
#1331=EDGE_CURVE('',#1081,#1080,#523,.T.);
#1332=EDGE_CURVE('',#943,#1081,#524,.T.);
#1333=EDGE_CURVE('',#1082,#1081,#525,.T.);
#1334=EDGE_CURVE('',#942,#1082,#526,.T.);
#1335=EDGE_CURVE('',#1078,#1082,#527,.T.);
#1336=EDGE_CURVE('',#1081,#1073,#528,.T.);
#1337=EDGE_CURVE('',#1072,#1080,#529,.T.);
#1338=EDGE_CURVE('',#1064,#1082,#530,.T.);
#1339=EDGE_CURVE('',#1036,#1068,#531,.T.);
#1340=EDGE_CURVE('',#1035,#1083,#532,.T.);
#1341=EDGE_CURVE('',#1083,#1084,#533,.T.);
#1342=EDGE_CURVE('',#1084,#1028,#534,.T.);
#1343=EDGE_CURVE('',#1027,#1074,#535,.T.);
#1344=EDGE_CURVE('',#1078,#1065,#536,.T.);
#1345=EDGE_CURVE('',#1069,#1077,#537,.T.);
#1346=EDGE_CURVE('',#1059,#1071,#538,.T.);
#1347=EDGE_CURVE('',#1058,#1085,#539,.T.);
#1348=EDGE_CURVE('',#1085,#1086,#540,.T.);
#1349=EDGE_CURVE('',#1086,#1039,#541,.T.);
#1350=EDGE_CURVE('',#1038,#1066,#542,.T.);
#1351=EDGE_CURVE('',#1079,#1061,#543,.T.);
#1352=EDGE_CURVE('',#1025,#1076,#544,.T.);
#1353=EDGE_CURVE('',#1024,#1087,#545,.T.);
#1354=EDGE_CURVE('',#1087,#1088,#546,.T.);
#1355=EDGE_CURVE('',#1088,#1017,#547,.T.);
#1356=EDGE_CURVE('',#1016,#1062,#548,.T.);
#1357=EDGE_CURVE('',#1089,#1053,#549,.F.);
#1358=EDGE_CURVE('',#1089,#1090,#550,.T.);
#1359=EDGE_CURVE('',#1054,#1090,#551,.F.);
#1360=EDGE_CURVE('',#1091,#1043,#552,.F.);
#1361=EDGE_CURVE('',#1091,#1092,#553,.T.);
#1362=EDGE_CURVE('',#1044,#1092,#554,.F.);
#1363=EDGE_CURVE('',#1090,#1091,#555,.T.);
#1364=EDGE_CURVE('',#1092,#1089,#918,.T.);
#1365=EDGE_CURVE('',#952,#1093,#556,.T.);
#1366=EDGE_CURVE('',#1094,#1093,#919,.T.);
#1367=EDGE_CURVE('',#1049,#1094,#557,.T.);
#1368=EDGE_CURVE('',#1095,#1048,#558,.T.);
#1369=EDGE_CURVE('',#1096,#1095,#920,.T.);
#1370=EDGE_CURVE('',#1045,#1096,#559,.T.);
#1371=EDGE_CURVE('',#1097,#1052,#560,.T.);
#1372=EDGE_CURVE('',#1093,#1097,#921,.T.);
#1373=EDGE_CURVE('',#1051,#975,#561,.T.);
#1374=EDGE_CURVE('',#1098,#974,#562,.T.);
#1375=EDGE_CURVE('',#1098,#1097,#563,.T.);
#1376=EDGE_CURVE('',#1094,#1099,#564,.T.);
#1377=EDGE_CURVE('',#1099,#973,#565,.T.);
#1378=EDGE_CURVE('',#1047,#1100,#566,.T.);
#1379=EDGE_CURVE('',#1100,#1095,#567,.T.);
#1380=EDGE_CURVE('',#1099,#1098,#568,.T.);
#1381=EDGE_CURVE('',#1101,#1100,#569,.T.);
#1382=EDGE_CURVE('',#1096,#1101,#570,.T.);
#1383=EDGE_CURVE('',#1046,#1101,#571,.T.);
#1384=EDGE_CURVE('',#1086,#1102,#572,.T.);
#1385=EDGE_CURVE('',#1040,#1102,#573,.T.);
#1386=EDGE_CURVE('',#1057,#1103,#574,.T.);
#1387=EDGE_CURVE('',#1103,#1085,#575,.T.);
#1388=EDGE_CURVE('',#1056,#1104,#576,.T.);
#1389=EDGE_CURVE('',#1104,#1103,#577,.T.);
#1390=EDGE_CURVE('',#1055,#1105,#578,.T.);
#1391=EDGE_CURVE('',#1105,#1104,#579,.T.);
#1392=EDGE_CURVE('',#1042,#1106,#580,.T.);
#1393=EDGE_CURVE('',#1106,#1105,#581,.T.);
#1394=EDGE_CURVE('',#1041,#1107,#582,.T.);
#1395=EDGE_CURVE('',#1107,#1106,#583,.T.);
#1396=EDGE_CURVE('',#1102,#1107,#584,.T.);
#1397=EDGE_CURVE('',#1084,#1108,#585,.T.);
#1398=EDGE_CURVE('',#1029,#1108,#586,.T.);
#1399=EDGE_CURVE('',#1034,#1109,#587,.T.);
#1400=EDGE_CURVE('',#1109,#1083,#588,.T.);
#1401=EDGE_CURVE('',#1033,#1110,#589,.T.);
#1402=EDGE_CURVE('',#1110,#1109,#590,.T.);
#1403=EDGE_CURVE('',#1032,#1111,#591,.T.);
#1404=EDGE_CURVE('',#1111,#1110,#592,.T.);
#1405=EDGE_CURVE('',#1031,#1112,#593,.T.);
#1406=EDGE_CURVE('',#1112,#1111,#594,.T.);
#1407=EDGE_CURVE('',#1030,#1113,#595,.T.);
#1408=EDGE_CURVE('',#1113,#1112,#596,.T.);
#1409=EDGE_CURVE('',#1108,#1113,#597,.T.);
#1410=EDGE_CURVE('',#1088,#1114,#598,.T.);
#1411=EDGE_CURVE('',#1018,#1114,#599,.T.);
#1412=EDGE_CURVE('',#1023,#1115,#600,.T.);
#1413=EDGE_CURVE('',#1115,#1087,#601,.T.);
#1414=EDGE_CURVE('',#1022,#1116,#602,.T.);
#1415=EDGE_CURVE('',#1116,#1115,#603,.T.);
#1416=EDGE_CURVE('',#1021,#1117,#604,.T.);
#1417=EDGE_CURVE('',#1117,#1116,#605,.T.);
#1418=EDGE_CURVE('',#1020,#1118,#606,.T.);
#1419=EDGE_CURVE('',#1118,#1117,#607,.T.);
#1420=EDGE_CURVE('',#1019,#1119,#608,.T.);
#1421=EDGE_CURVE('',#1119,#1118,#609,.T.);
#1422=EDGE_CURVE('',#1114,#1119,#610,.T.);
#1423=EDGE_CURVE('',#1026,#1075,#611,.T.);
#1424=EDGE_CURVE('',#1037,#1067,#612,.T.);
#1425=EDGE_CURVE('',#1015,#1063,#613,.T.);
#1426=EDGE_CURVE('',#1060,#1070,#614,.T.);
#1427=ORIENTED_EDGE('',*,*,#1120,.F.);
#1428=ORIENTED_EDGE('',*,*,#1121,.T.);
#1429=ORIENTED_EDGE('',*,*,#1122,.F.);
#1430=ORIENTED_EDGE('',*,*,#1121,.F.);
#1431=ORIENTED_EDGE('',*,*,#1123,.F.);
#1432=ORIENTED_EDGE('',*,*,#1124,.T.);
#1433=ORIENTED_EDGE('',*,*,#1125,.F.);
#1434=ORIENTED_EDGE('',*,*,#1124,.F.);
#1435=ORIENTED_EDGE('',*,*,#1126,.F.);
#1436=ORIENTED_EDGE('',*,*,#1127,.T.);
#1437=ORIENTED_EDGE('',*,*,#1128,.F.);
#1438=ORIENTED_EDGE('',*,*,#1127,.F.);
#1439=ORIENTED_EDGE('',*,*,#1129,.F.);
#1440=ORIENTED_EDGE('',*,*,#1130,.T.);
#1441=ORIENTED_EDGE('',*,*,#1131,.F.);
#1442=ORIENTED_EDGE('',*,*,#1130,.F.);
#1443=ORIENTED_EDGE('',*,*,#1132,.T.);
#1444=ORIENTED_EDGE('',*,*,#1133,.T.);
#1445=ORIENTED_EDGE('',*,*,#1134,.T.);
#1446=ORIENTED_EDGE('',*,*,#1135,.T.);
#1447=ORIENTED_EDGE('',*,*,#1136,.T.);
#1448=ORIENTED_EDGE('',*,*,#1137,.T.);
#1449=ORIENTED_EDGE('',*,*,#1138,.T.);
#1450=ORIENTED_EDGE('',*,*,#1133,.F.);
#1451=ORIENTED_EDGE('',*,*,#1139,.T.);
#1452=ORIENTED_EDGE('',*,*,#1140,.T.);
#1453=ORIENTED_EDGE('',*,*,#1141,.T.);
#1454=ORIENTED_EDGE('',*,*,#1135,.F.);
#1455=ORIENTED_EDGE('',*,*,#1136,.F.);
#1456=ORIENTED_EDGE('',*,*,#1132,.F.);
#1457=ORIENTED_EDGE('',*,*,#1141,.F.);
#1458=ORIENTED_EDGE('',*,*,#1142,.F.);
#1459=ORIENTED_EDGE('',*,*,#1143,.F.);
#1460=ORIENTED_EDGE('',*,*,#1144,.F.);
#1461=ORIENTED_EDGE('',*,*,#1145,.F.);
#1462=ORIENTED_EDGE('',*,*,#1146,.F.);
#1463=ORIENTED_EDGE('',*,*,#1147,.F.);
#1464=ORIENTED_EDGE('',*,*,#1148,.F.);
#1465=ORIENTED_EDGE('',*,*,#1149,.F.);
#1466=ORIENTED_EDGE('',*,*,#1150,.F.);
#1467=ORIENTED_EDGE('',*,*,#1151,.F.);
#1468=ORIENTED_EDGE('',*,*,#1152,.F.);
#1469=ORIENTED_EDGE('',*,*,#1122,.T.);
#1470=ORIENTED_EDGE('',*,*,#1125,.T.);
#1471=ORIENTED_EDGE('',*,*,#1128,.T.);
#1472=ORIENTED_EDGE('',*,*,#1131,.T.);
#1473=ORIENTED_EDGE('',*,*,#1153,.T.);
#1474=ORIENTED_EDGE('',*,*,#1154,.T.);
#1475=ORIENTED_EDGE('',*,*,#1155,.T.);
#1476=ORIENTED_EDGE('',*,*,#1156,.T.);
#1477=ORIENTED_EDGE('',*,*,#1157,.T.);
#1478=ORIENTED_EDGE('',*,*,#1158,.T.);
#1479=ORIENTED_EDGE('',*,*,#1159,.T.);
#1480=ORIENTED_EDGE('',*,*,#1160,.T.);
#1481=ORIENTED_EDGE('',*,*,#1161,.T.);
#1482=ORIENTED_EDGE('',*,*,#1140,.F.);
#1483=ORIENTED_EDGE('',*,*,#1162,.T.);
#1484=ORIENTED_EDGE('',*,*,#1163,.T.);
#1485=ORIENTED_EDGE('',*,*,#1142,.T.);
#1486=ORIENTED_EDGE('',*,*,#1163,.F.);
#1487=ORIENTED_EDGE('',*,*,#1164,.T.);
#1488=ORIENTED_EDGE('',*,*,#1165,.F.);
#1489=ORIENTED_EDGE('',*,*,#1143,.T.);
#1490=ORIENTED_EDGE('',*,*,#1162,.F.);
#1491=ORIENTED_EDGE('',*,*,#1166,.T.);
#1492=ORIENTED_EDGE('',*,*,#1167,.T.);
#1493=ORIENTED_EDGE('',*,*,#1168,.T.);
#1494=ORIENTED_EDGE('',*,*,#1137,.F.);
#1495=ORIENTED_EDGE('',*,*,#1152,.T.);
#1496=ORIENTED_EDGE('',*,*,#1169,.T.);
#1497=ORIENTED_EDGE('',*,*,#1170,.T.);
#1498=ORIENTED_EDGE('',*,*,#1138,.F.);
#1499=ORIENTED_EDGE('',*,*,#1171,.F.);
#1500=ORIENTED_EDGE('',*,*,#1172,.F.);
#1501=ORIENTED_EDGE('',*,*,#1173,.F.);
#1502=ORIENTED_EDGE('',*,*,#1170,.F.);
#1503=ORIENTED_EDGE('',*,*,#1174,.T.);
#1504=ORIENTED_EDGE('',*,*,#1175,.T.);
#1505=ORIENTED_EDGE('',*,*,#1171,.T.);
#1506=ORIENTED_EDGE('',*,*,#1168,.F.);
#1507=ORIENTED_EDGE('',*,*,#1176,.T.);
#1508=ORIENTED_EDGE('',*,*,#1177,.F.);
#1509=ORIENTED_EDGE('',*,*,#1178,.T.);
#1510=ORIENTED_EDGE('',*,*,#1179,.F.);
#1511=ORIENTED_EDGE('',*,*,#1180,.F.);
#1512=ORIENTED_EDGE('',*,*,#1164,.F.);
#1513=ORIENTED_EDGE('',*,*,#1167,.F.);
#1514=ORIENTED_EDGE('',*,*,#1181,.T.);
#1515=ORIENTED_EDGE('',*,*,#1182,.T.);
#1516=ORIENTED_EDGE('',*,*,#1172,.T.);
#1517=ORIENTED_EDGE('',*,*,#1175,.F.);
#1518=ORIENTED_EDGE('',*,*,#1183,.F.);
#1519=ORIENTED_EDGE('',*,*,#1184,.T.);
#1520=ORIENTED_EDGE('',*,*,#1185,.F.);
#1521=ORIENTED_EDGE('',*,*,#1186,.F.);
#1522=ORIENTED_EDGE('',*,*,#1187,.F.);
#1523=ORIENTED_EDGE('',*,*,#1188,.F.);
#1524=ORIENTED_EDGE('',*,*,#1189,.F.);
#1525=ORIENTED_EDGE('',*,*,#1190,.T.);
#1526=ORIENTED_EDGE('',*,*,#1191,.F.);
#1527=ORIENTED_EDGE('',*,*,#1174,.F.);
#1528=ORIENTED_EDGE('',*,*,#1192,.F.);
#1529=ORIENTED_EDGE('',*,*,#1193,.F.);
#1530=ORIENTED_EDGE('',*,*,#1194,.F.);
#1531=ORIENTED_EDGE('',*,*,#1195,.F.);
#1532=ORIENTED_EDGE('',*,*,#1196,.F.);
#1533=ORIENTED_EDGE('',*,*,#1197,.T.);
#1534=ORIENTED_EDGE('',*,*,#1134,.F.);
#1535=ORIENTED_EDGE('',*,*,#1173,.T.);
#1536=ORIENTED_EDGE('',*,*,#1182,.F.);
#1537=ORIENTED_EDGE('',*,*,#1198,.F.);
#1538=ORIENTED_EDGE('',*,*,#1139,.F.);
#1539=ORIENTED_EDGE('',*,*,#1198,.T.);
#1540=ORIENTED_EDGE('',*,*,#1181,.F.);
#1541=ORIENTED_EDGE('',*,*,#1166,.F.);
#1542=ORIENTED_EDGE('',*,*,#1169,.F.);
#1543=ORIENTED_EDGE('',*,*,#1151,.T.);
#1544=ORIENTED_EDGE('',*,*,#1199,.T.);
#1545=ORIENTED_EDGE('',*,*,#1192,.T.);
#1546=ORIENTED_EDGE('',*,*,#1200,.F.);
#1547=ORIENTED_EDGE('',*,*,#1184,.F.);
#1548=ORIENTED_EDGE('',*,*,#1201,.F.);
#1549=ORIENTED_EDGE('',*,*,#1202,.F.);
#1550=ORIENTED_EDGE('',*,*,#1203,.F.);
#1551=ORIENTED_EDGE('',*,*,#1204,.T.);
#1552=ORIENTED_EDGE('',*,*,#1153,.F.);
#1553=ORIENTED_EDGE('',*,*,#1204,.F.);
#1554=ORIENTED_EDGE('',*,*,#1205,.F.);
#1555=ORIENTED_EDGE('',*,*,#1202,.T.);
#1556=ORIENTED_EDGE('',*,*,#1206,.F.);
#1557=ORIENTED_EDGE('',*,*,#1207,.T.);
#1558=ORIENTED_EDGE('',*,*,#1203,.T.);
#1559=ORIENTED_EDGE('',*,*,#1206,.T.);
#1560=ORIENTED_EDGE('',*,*,#1208,.F.);
#1561=ORIENTED_EDGE('',*,*,#1209,.F.);
#1562=ORIENTED_EDGE('',*,*,#1210,.F.);
#1563=ORIENTED_EDGE('',*,*,#1211,.F.);
#1564=ORIENTED_EDGE('',*,*,#1212,.T.);
#1565=ORIENTED_EDGE('',*,*,#1154,.F.);
#1566=ORIENTED_EDGE('',*,*,#1212,.F.);
#1567=ORIENTED_EDGE('',*,*,#1213,.F.);
#1568=ORIENTED_EDGE('',*,*,#1214,.T.);
#1569=ORIENTED_EDGE('',*,*,#1211,.T.);
#1570=ORIENTED_EDGE('',*,*,#1213,.T.);
#1571=ORIENTED_EDGE('',*,*,#1215,.F.);
#1572=ORIENTED_EDGE('',*,*,#1216,.F.);
#1573=ORIENTED_EDGE('',*,*,#1217,.F.);
#1574=ORIENTED_EDGE('',*,*,#1218,.F.);
#1575=ORIENTED_EDGE('',*,*,#1190,.F.);
#1576=ORIENTED_EDGE('',*,*,#1219,.F.);
#1577=ORIENTED_EDGE('',*,*,#1220,.F.);
#1578=ORIENTED_EDGE('',*,*,#1221,.F.);
#1579=ORIENTED_EDGE('',*,*,#1222,.T.);
#1580=ORIENTED_EDGE('',*,*,#1155,.F.);
#1581=ORIENTED_EDGE('',*,*,#1222,.F.);
#1582=ORIENTED_EDGE('',*,*,#1223,.F.);
#1583=ORIENTED_EDGE('',*,*,#1220,.T.);
#1584=ORIENTED_EDGE('',*,*,#1224,.F.);
#1585=ORIENTED_EDGE('',*,*,#1225,.T.);
#1586=ORIENTED_EDGE('',*,*,#1221,.T.);
#1587=ORIENTED_EDGE('',*,*,#1224,.T.);
#1588=ORIENTED_EDGE('',*,*,#1226,.F.);
#1589=ORIENTED_EDGE('',*,*,#1227,.F.);
#1590=ORIENTED_EDGE('',*,*,#1228,.F.);
#1591=ORIENTED_EDGE('',*,*,#1229,.F.);
#1592=ORIENTED_EDGE('',*,*,#1230,.T.);
#1593=ORIENTED_EDGE('',*,*,#1156,.F.);
#1594=ORIENTED_EDGE('',*,*,#1230,.F.);
#1595=ORIENTED_EDGE('',*,*,#1231,.F.);
#1596=ORIENTED_EDGE('',*,*,#1232,.T.);
#1597=ORIENTED_EDGE('',*,*,#1229,.T.);
#1598=ORIENTED_EDGE('',*,*,#1231,.T.);
#1599=ORIENTED_EDGE('',*,*,#1233,.F.);
#1600=ORIENTED_EDGE('',*,*,#1234,.F.);
#1601=ORIENTED_EDGE('',*,*,#1235,.F.);
#1602=ORIENTED_EDGE('',*,*,#1205,.T.);
#1603=ORIENTED_EDGE('',*,*,#1236,.F.);
#1604=ORIENTED_EDGE('',*,*,#1237,.F.);
#1605=ORIENTED_EDGE('',*,*,#1238,.F.);
#1606=ORIENTED_EDGE('',*,*,#1223,.T.);
#1607=ORIENTED_EDGE('',*,*,#1239,.F.);
#1608=ORIENTED_EDGE('',*,*,#1240,.F.);
#1609=ORIENTED_EDGE('',*,*,#1241,.F.);
#1610=ORIENTED_EDGE('',*,*,#1200,.T.);
#1611=ORIENTED_EDGE('',*,*,#1238,.T.);
#1612=ORIENTED_EDGE('',*,*,#1242,.F.);
#1613=ORIENTED_EDGE('',*,*,#1243,.T.);
#1614=ORIENTED_EDGE('',*,*,#1185,.T.);
#1615=ORIENTED_EDGE('',*,*,#1207,.F.);
#1616=ORIENTED_EDGE('',*,*,#1210,.T.);
#1617=ORIENTED_EDGE('',*,*,#1244,.F.);
#1618=ORIENTED_EDGE('',*,*,#1245,.T.);
#1619=ORIENTED_EDGE('',*,*,#1161,.F.);
#1620=ORIENTED_EDGE('',*,*,#1245,.F.);
#1621=ORIENTED_EDGE('',*,*,#1246,.F.);
#1622=ORIENTED_EDGE('',*,*,#1236,.T.);
#1623=ORIENTED_EDGE('',*,*,#1235,.T.);
#1624=ORIENTED_EDGE('',*,*,#1247,.F.);
#1625=ORIENTED_EDGE('',*,*,#1248,.T.);
#1626=ORIENTED_EDGE('',*,*,#1160,.F.);
#1627=ORIENTED_EDGE('',*,*,#1248,.F.);
#1628=ORIENTED_EDGE('',*,*,#1249,.F.);
#1629=ORIENTED_EDGE('',*,*,#1233,.T.);
#1630=ORIENTED_EDGE('',*,*,#1232,.F.);
#1631=ORIENTED_EDGE('',*,*,#1217,.T.);
#1632=ORIENTED_EDGE('',*,*,#1250,.F.);
#1633=ORIENTED_EDGE('',*,*,#1251,.T.);
#1634=ORIENTED_EDGE('',*,*,#1159,.F.);
#1635=ORIENTED_EDGE('',*,*,#1251,.F.);
#1636=ORIENTED_EDGE('',*,*,#1252,.F.);
#1637=ORIENTED_EDGE('',*,*,#1215,.T.);
#1638=ORIENTED_EDGE('',*,*,#1214,.F.);
#1639=ORIENTED_EDGE('',*,*,#1237,.T.);
#1640=ORIENTED_EDGE('',*,*,#1246,.T.);
#1641=ORIENTED_EDGE('',*,*,#1244,.T.);
#1642=ORIENTED_EDGE('',*,*,#1209,.T.);
#1643=ORIENTED_EDGE('',*,*,#1253,.T.);
#1644=ORIENTED_EDGE('',*,*,#1196,.T.);
#1645=ORIENTED_EDGE('',*,*,#1254,.T.);
#1646=ORIENTED_EDGE('',*,*,#1255,.T.);
#1647=ORIENTED_EDGE('',*,*,#1256,.F.);
#1648=ORIENTED_EDGE('',*,*,#1257,.T.);
#1649=ORIENTED_EDGE('',*,*,#1258,.T.);
#1650=ORIENTED_EDGE('',*,*,#1259,.T.);
#1651=ORIENTED_EDGE('',*,*,#1260,.T.);
#1652=ORIENTED_EDGE('',*,*,#1261,.T.);
#1653=ORIENTED_EDGE('',*,*,#1262,.T.);
#1654=ORIENTED_EDGE('',*,*,#1263,.T.);
#1655=ORIENTED_EDGE('',*,*,#1264,.F.);
#1656=ORIENTED_EDGE('',*,*,#1265,.T.);
#1657=ORIENTED_EDGE('',*,*,#1266,.T.);
#1658=ORIENTED_EDGE('',*,*,#1267,.T.);
#1659=ORIENTED_EDGE('',*,*,#1268,.T.);
#1660=ORIENTED_EDGE('',*,*,#1269,.T.);
#1661=ORIENTED_EDGE('',*,*,#1270,.T.);
#1662=ORIENTED_EDGE('',*,*,#1271,.T.);
#1663=ORIENTED_EDGE('',*,*,#1272,.T.);
#1664=ORIENTED_EDGE('',*,*,#1273,.T.);
#1665=ORIENTED_EDGE('',*,*,#1274,.T.);
#1666=ORIENTED_EDGE('',*,*,#1275,.T.);
#1667=ORIENTED_EDGE('',*,*,#1276,.T.);
#1668=ORIENTED_EDGE('',*,*,#1277,.T.);
#1669=ORIENTED_EDGE('',*,*,#1278,.F.);
#1670=ORIENTED_EDGE('',*,*,#1279,.T.);
#1671=ORIENTED_EDGE('',*,*,#1280,.T.);
#1672=ORIENTED_EDGE('',*,*,#1281,.T.);
#1673=ORIENTED_EDGE('',*,*,#1282,.T.);
#1674=ORIENTED_EDGE('',*,*,#1283,.T.);
#1675=ORIENTED_EDGE('',*,*,#1284,.T.);
#1676=ORIENTED_EDGE('',*,*,#1285,.T.);
#1677=ORIENTED_EDGE('',*,*,#1286,.T.);
#1678=ORIENTED_EDGE('',*,*,#1287,.T.);
#1679=ORIENTED_EDGE('',*,*,#1288,.T.);
#1680=ORIENTED_EDGE('',*,*,#1289,.T.);
#1681=ORIENTED_EDGE('',*,*,#1242,.T.);
#1682=ORIENTED_EDGE('',*,*,#1216,.T.);
#1683=ORIENTED_EDGE('',*,*,#1252,.T.);
#1684=ORIENTED_EDGE('',*,*,#1250,.T.);
#1685=ORIENTED_EDGE('',*,*,#1234,.T.);
#1686=ORIENTED_EDGE('',*,*,#1249,.T.);
#1687=ORIENTED_EDGE('',*,*,#1247,.T.);
#1688=ORIENTED_EDGE('',*,*,#1218,.T.);
#1689=ORIENTED_EDGE('',*,*,#1241,.T.);
#1690=ORIENTED_EDGE('',*,*,#1290,.F.);
#1691=ORIENTED_EDGE('',*,*,#1176,.F.);
#1692=ORIENTED_EDGE('',*,*,#1191,.T.);
#1693=ORIENTED_EDGE('',*,*,#1225,.F.);
#1694=ORIENTED_EDGE('',*,*,#1228,.T.);
#1695=ORIENTED_EDGE('',*,*,#1291,.F.);
#1696=ORIENTED_EDGE('',*,*,#1292,.T.);
#1697=ORIENTED_EDGE('',*,*,#1158,.F.);
#1698=ORIENTED_EDGE('',*,*,#1292,.F.);
#1699=ORIENTED_EDGE('',*,*,#1293,.F.);
#1700=ORIENTED_EDGE('',*,*,#1239,.T.);
#1701=ORIENTED_EDGE('',*,*,#1240,.T.);
#1702=ORIENTED_EDGE('',*,*,#1293,.T.);
#1703=ORIENTED_EDGE('',*,*,#1291,.T.);
#1704=ORIENTED_EDGE('',*,*,#1227,.T.);
#1705=ORIENTED_EDGE('',*,*,#1294,.T.);
#1706=ORIENTED_EDGE('',*,*,#1295,.T.);
#1707=ORIENTED_EDGE('',*,*,#1296,.T.);
#1708=ORIENTED_EDGE('',*,*,#1297,.T.);
#1709=ORIENTED_EDGE('',*,*,#1298,.T.);
#1710=ORIENTED_EDGE('',*,*,#1299,.T.);
#1711=ORIENTED_EDGE('',*,*,#1300,.T.);
#1712=ORIENTED_EDGE('',*,*,#1301,.T.);
#1713=ORIENTED_EDGE('',*,*,#1302,.F.);
#1714=ORIENTED_EDGE('',*,*,#1303,.T.);
#1715=ORIENTED_EDGE('',*,*,#1304,.T.);
#1716=ORIENTED_EDGE('',*,*,#1177,.T.);
#1717=ORIENTED_EDGE('',*,*,#1290,.T.);
#1718=ORIENTED_EDGE('',*,*,#1305,.T.);
#1719=ORIENTED_EDGE('',*,*,#1306,.T.);
#1720=ORIENTED_EDGE('',*,*,#1307,.T.);
#1721=ORIENTED_EDGE('',*,*,#1308,.T.);
#1722=ORIENTED_EDGE('',*,*,#1194,.T.);
#1723=ORIENTED_EDGE('',*,*,#1123,.T.);
#1724=ORIENTED_EDGE('',*,*,#1309,.T.);
#1725=ORIENTED_EDGE('',*,*,#1310,.T.);
#1726=ORIENTED_EDGE('',*,*,#1311,.T.);
#1727=ORIENTED_EDGE('',*,*,#1312,.T.);
#1728=ORIENTED_EDGE('',*,*,#1313,.T.);
#1729=ORIENTED_EDGE('',*,*,#1126,.T.);
#1730=ORIENTED_EDGE('',*,*,#1314,.T.);
#1731=ORIENTED_EDGE('',*,*,#1179,.T.);
#1732=ORIENTED_EDGE('',*,*,#1315,.T.);
#1733=ORIENTED_EDGE('',*,*,#1316,.T.);
#1734=ORIENTED_EDGE('',*,*,#1317,.T.);
#1735=ORIENTED_EDGE('',*,*,#1120,.T.);
#1736=ORIENTED_EDGE('',*,*,#1318,.T.);
#1737=ORIENTED_EDGE('',*,*,#1319,.T.);
#1738=ORIENTED_EDGE('',*,*,#1320,.T.);
#1739=ORIENTED_EDGE('',*,*,#1321,.T.);
#1740=ORIENTED_EDGE('',*,*,#1322,.T.);
#1741=ORIENTED_EDGE('',*,*,#1129,.T.);
#1742=ORIENTED_EDGE('',*,*,#1145,.T.);
#1743=ORIENTED_EDGE('',*,*,#1323,.T.);
#1744=ORIENTED_EDGE('',*,*,#1324,.T.);
#1745=ORIENTED_EDGE('',*,*,#1325,.F.);
#1746=ORIENTED_EDGE('',*,*,#1144,.T.);
#1747=ORIENTED_EDGE('',*,*,#1165,.T.);
#1748=ORIENTED_EDGE('',*,*,#1326,.T.);
#1749=ORIENTED_EDGE('',*,*,#1323,.F.);
#1750=ORIENTED_EDGE('',*,*,#1150,.T.);
#1751=ORIENTED_EDGE('',*,*,#1327,.T.);
#1752=ORIENTED_EDGE('',*,*,#1328,.T.);
#1753=ORIENTED_EDGE('',*,*,#1199,.F.);
#1754=ORIENTED_EDGE('',*,*,#1149,.T.);
#1755=ORIENTED_EDGE('',*,*,#1329,.T.);
#1756=ORIENTED_EDGE('',*,*,#1330,.T.);
#1757=ORIENTED_EDGE('',*,*,#1327,.F.);
#1758=ORIENTED_EDGE('',*,*,#1331,.T.);
#1759=ORIENTED_EDGE('',*,*,#1329,.F.);
#1760=ORIENTED_EDGE('',*,*,#1148,.T.);
#1761=ORIENTED_EDGE('',*,*,#1332,.T.);
#1762=ORIENTED_EDGE('',*,*,#1333,.T.);
#1763=ORIENTED_EDGE('',*,*,#1332,.F.);
#1764=ORIENTED_EDGE('',*,*,#1147,.T.);
#1765=ORIENTED_EDGE('',*,*,#1334,.T.);
#1766=ORIENTED_EDGE('',*,*,#1335,.T.);
#1767=ORIENTED_EDGE('',*,*,#1334,.F.);
#1768=ORIENTED_EDGE('',*,*,#1146,.T.);
#1769=ORIENTED_EDGE('',*,*,#1325,.T.);
#1770=ORIENTED_EDGE('',*,*,#1331,.F.);
#1771=ORIENTED_EDGE('',*,*,#1336,.T.);
#1772=ORIENTED_EDGE('',*,*,#1318,.F.);
#1773=ORIENTED_EDGE('',*,*,#1337,.T.);
#1774=ORIENTED_EDGE('',*,*,#1333,.F.);
#1775=ORIENTED_EDGE('',*,*,#1338,.F.);
#1776=ORIENTED_EDGE('',*,*,#1313,.F.);
#1777=ORIENTED_EDGE('',*,*,#1339,.F.);
#1778=ORIENTED_EDGE('',*,*,#1275,.F.);
#1779=ORIENTED_EDGE('',*,*,#1340,.T.);
#1780=ORIENTED_EDGE('',*,*,#1341,.T.);
#1781=ORIENTED_EDGE('',*,*,#1342,.T.);
#1782=ORIENTED_EDGE('',*,*,#1267,.F.);
#1783=ORIENTED_EDGE('',*,*,#1343,.T.);
#1784=ORIENTED_EDGE('',*,*,#1319,.F.);
#1785=ORIENTED_EDGE('',*,*,#1336,.F.);
#1786=ORIENTED_EDGE('',*,*,#1335,.F.);
#1787=ORIENTED_EDGE('',*,*,#1344,.T.);
#1788=ORIENTED_EDGE('',*,*,#1309,.F.);
#1789=ORIENTED_EDGE('',*,*,#1338,.T.);
#1790=ORIENTED_EDGE('',*,*,#1324,.F.);
#1791=ORIENTED_EDGE('',*,*,#1345,.F.);
#1792=ORIENTED_EDGE('',*,*,#1317,.F.);
#1793=ORIENTED_EDGE('',*,*,#1346,.F.);
#1794=ORIENTED_EDGE('',*,*,#1302,.T.);
#1795=ORIENTED_EDGE('',*,*,#1347,.T.);
#1796=ORIENTED_EDGE('',*,*,#1348,.T.);
#1797=ORIENTED_EDGE('',*,*,#1349,.T.);
#1798=ORIENTED_EDGE('',*,*,#1278,.T.);
#1799=ORIENTED_EDGE('',*,*,#1350,.T.);
#1800=ORIENTED_EDGE('',*,*,#1310,.F.);
#1801=ORIENTED_EDGE('',*,*,#1344,.F.);
#1802=ORIENTED_EDGE('',*,*,#1326,.F.);
#1803=ORIENTED_EDGE('',*,*,#1180,.T.);
#1804=ORIENTED_EDGE('',*,*,#1314,.F.);
#1805=ORIENTED_EDGE('',*,*,#1345,.T.);
#1806=ORIENTED_EDGE('',*,*,#1328,.F.);
#1807=ORIENTED_EDGE('',*,*,#1351,.T.);
#1808=ORIENTED_EDGE('',*,*,#1305,.F.);
#1809=ORIENTED_EDGE('',*,*,#1193,.T.);
#1810=ORIENTED_EDGE('',*,*,#1330,.F.);
#1811=ORIENTED_EDGE('',*,*,#1337,.F.);
#1812=ORIENTED_EDGE('',*,*,#1322,.F.);
#1813=ORIENTED_EDGE('',*,*,#1352,.F.);
#1814=ORIENTED_EDGE('',*,*,#1264,.T.);
#1815=ORIENTED_EDGE('',*,*,#1353,.T.);
#1816=ORIENTED_EDGE('',*,*,#1354,.T.);
#1817=ORIENTED_EDGE('',*,*,#1355,.T.);
#1818=ORIENTED_EDGE('',*,*,#1256,.T.);
#1819=ORIENTED_EDGE('',*,*,#1356,.T.);
#1820=ORIENTED_EDGE('',*,*,#1306,.F.);
#1821=ORIENTED_EDGE('',*,*,#1351,.F.);
#1822=ORIENTED_EDGE('',*,*,#1297,.F.);
#1823=ORIENTED_EDGE('',*,*,#1357,.F.);
#1824=ORIENTED_EDGE('',*,*,#1358,.T.);
#1825=ORIENTED_EDGE('',*,*,#1359,.F.);
#1826=ORIENTED_EDGE('',*,*,#1283,.F.);
#1827=ORIENTED_EDGE('',*,*,#1360,.F.);
#1828=ORIENTED_EDGE('',*,*,#1361,.T.);
#1829=ORIENTED_EDGE('',*,*,#1362,.F.);
#1830=ORIENTED_EDGE('',*,*,#1361,.F.);
#1831=ORIENTED_EDGE('',*,*,#1363,.F.);
#1832=ORIENTED_EDGE('',*,*,#1358,.F.);
#1833=ORIENTED_EDGE('',*,*,#1364,.F.);
#1834=ORIENTED_EDGE('',*,*,#1157,.F.);
#1835=ORIENTED_EDGE('',*,*,#1365,.T.);
#1836=ORIENTED_EDGE('',*,*,#1366,.F.);
#1837=ORIENTED_EDGE('',*,*,#1367,.F.);
#1838=ORIENTED_EDGE('',*,*,#1288,.F.);
#1839=ORIENTED_EDGE('',*,*,#1368,.F.);
#1840=ORIENTED_EDGE('',*,*,#1369,.F.);
#1841=ORIENTED_EDGE('',*,*,#1370,.F.);
#1842=ORIENTED_EDGE('',*,*,#1284,.F.);
#1843=ORIENTED_EDGE('',*,*,#1362,.T.);
#1844=ORIENTED_EDGE('',*,*,#1364,.T.);
#1845=ORIENTED_EDGE('',*,*,#1357,.T.);
#1846=ORIENTED_EDGE('',*,*,#1296,.F.);
#1847=ORIENTED_EDGE('',*,*,#1371,.F.);
#1848=ORIENTED_EDGE('',*,*,#1372,.F.);
#1849=ORIENTED_EDGE('',*,*,#1365,.F.);
#1850=ORIENTED_EDGE('',*,*,#1371,.T.);
#1851=ORIENTED_EDGE('',*,*,#1295,.F.);
#1852=ORIENTED_EDGE('',*,*,#1373,.T.);
#1853=ORIENTED_EDGE('',*,*,#1188,.T.);
#1854=ORIENTED_EDGE('',*,*,#1374,.F.);
#1855=ORIENTED_EDGE('',*,*,#1375,.T.);
#1856=ORIENTED_EDGE('',*,*,#1367,.T.);
#1857=ORIENTED_EDGE('',*,*,#1376,.T.);
#1858=ORIENTED_EDGE('',*,*,#1377,.T.);
#1859=ORIENTED_EDGE('',*,*,#1186,.T.);
#1860=ORIENTED_EDGE('',*,*,#1243,.F.);
#1861=ORIENTED_EDGE('',*,*,#1289,.F.);
#1862=ORIENTED_EDGE('',*,*,#1368,.T.);
#1863=ORIENTED_EDGE('',*,*,#1287,.F.);
#1864=ORIENTED_EDGE('',*,*,#1378,.T.);
#1865=ORIENTED_EDGE('',*,*,#1379,.T.);
#1866=ORIENTED_EDGE('',*,*,#1366,.T.);
#1867=ORIENTED_EDGE('',*,*,#1372,.T.);
#1868=ORIENTED_EDGE('',*,*,#1375,.F.);
#1869=ORIENTED_EDGE('',*,*,#1380,.F.);
#1870=ORIENTED_EDGE('',*,*,#1376,.F.);
#1871=ORIENTED_EDGE('',*,*,#1369,.T.);
#1872=ORIENTED_EDGE('',*,*,#1379,.F.);
#1873=ORIENTED_EDGE('',*,*,#1381,.F.);
#1874=ORIENTED_EDGE('',*,*,#1382,.F.);
#1875=ORIENTED_EDGE('',*,*,#1286,.F.);
#1876=ORIENTED_EDGE('',*,*,#1383,.T.);
#1877=ORIENTED_EDGE('',*,*,#1381,.T.);
#1878=ORIENTED_EDGE('',*,*,#1378,.F.);
#1879=ORIENTED_EDGE('',*,*,#1380,.T.);
#1880=ORIENTED_EDGE('',*,*,#1374,.T.);
#1881=ORIENTED_EDGE('',*,*,#1187,.T.);
#1882=ORIENTED_EDGE('',*,*,#1377,.F.);
#1883=ORIENTED_EDGE('',*,*,#1279,.F.);
#1884=ORIENTED_EDGE('',*,*,#1349,.F.);
#1885=ORIENTED_EDGE('',*,*,#1384,.T.);
#1886=ORIENTED_EDGE('',*,*,#1385,.F.);
#1887=ORIENTED_EDGE('',*,*,#1301,.F.);
#1888=ORIENTED_EDGE('',*,*,#1386,.T.);
#1889=ORIENTED_EDGE('',*,*,#1387,.T.);
#1890=ORIENTED_EDGE('',*,*,#1347,.F.);
#1891=ORIENTED_EDGE('',*,*,#1300,.F.);
#1892=ORIENTED_EDGE('',*,*,#1388,.T.);
#1893=ORIENTED_EDGE('',*,*,#1389,.T.);
#1894=ORIENTED_EDGE('',*,*,#1386,.F.);
#1895=ORIENTED_EDGE('',*,*,#1299,.F.);
#1896=ORIENTED_EDGE('',*,*,#1390,.T.);
#1897=ORIENTED_EDGE('',*,*,#1391,.T.);
#1898=ORIENTED_EDGE('',*,*,#1388,.F.);
#1899=ORIENTED_EDGE('',*,*,#1360,.T.);
#1900=ORIENTED_EDGE('',*,*,#1282,.F.);
#1901=ORIENTED_EDGE('',*,*,#1392,.T.);
#1902=ORIENTED_EDGE('',*,*,#1393,.T.);
#1903=ORIENTED_EDGE('',*,*,#1390,.F.);
#1904=ORIENTED_EDGE('',*,*,#1298,.F.);
#1905=ORIENTED_EDGE('',*,*,#1359,.T.);
#1906=ORIENTED_EDGE('',*,*,#1363,.T.);
#1907=ORIENTED_EDGE('',*,*,#1281,.F.);
#1908=ORIENTED_EDGE('',*,*,#1394,.T.);
#1909=ORIENTED_EDGE('',*,*,#1395,.T.);
#1910=ORIENTED_EDGE('',*,*,#1392,.F.);
#1911=ORIENTED_EDGE('',*,*,#1280,.F.);
#1912=ORIENTED_EDGE('',*,*,#1385,.T.);
#1913=ORIENTED_EDGE('',*,*,#1396,.T.);
#1914=ORIENTED_EDGE('',*,*,#1394,.F.);
#1915=ORIENTED_EDGE('',*,*,#1396,.F.);
#1916=ORIENTED_EDGE('',*,*,#1384,.F.);
#1917=ORIENTED_EDGE('',*,*,#1348,.F.);
#1918=ORIENTED_EDGE('',*,*,#1387,.F.);
#1919=ORIENTED_EDGE('',*,*,#1389,.F.);
#1920=ORIENTED_EDGE('',*,*,#1391,.F.);
#1921=ORIENTED_EDGE('',*,*,#1393,.F.);
#1922=ORIENTED_EDGE('',*,*,#1395,.F.);
#1923=ORIENTED_EDGE('',*,*,#1268,.F.);
#1924=ORIENTED_EDGE('',*,*,#1342,.F.);
#1925=ORIENTED_EDGE('',*,*,#1397,.T.);
#1926=ORIENTED_EDGE('',*,*,#1398,.F.);
#1927=ORIENTED_EDGE('',*,*,#1274,.F.);
#1928=ORIENTED_EDGE('',*,*,#1399,.T.);
#1929=ORIENTED_EDGE('',*,*,#1400,.T.);
#1930=ORIENTED_EDGE('',*,*,#1340,.F.);
#1931=ORIENTED_EDGE('',*,*,#1273,.F.);
#1932=ORIENTED_EDGE('',*,*,#1401,.T.);
#1933=ORIENTED_EDGE('',*,*,#1402,.T.);
#1934=ORIENTED_EDGE('',*,*,#1399,.F.);
#1935=ORIENTED_EDGE('',*,*,#1272,.F.);
#1936=ORIENTED_EDGE('',*,*,#1403,.T.);
#1937=ORIENTED_EDGE('',*,*,#1404,.T.);
#1938=ORIENTED_EDGE('',*,*,#1401,.F.);
#1939=ORIENTED_EDGE('',*,*,#1271,.F.);
#1940=ORIENTED_EDGE('',*,*,#1405,.T.);
#1941=ORIENTED_EDGE('',*,*,#1406,.T.);
#1942=ORIENTED_EDGE('',*,*,#1403,.F.);
#1943=ORIENTED_EDGE('',*,*,#1270,.F.);
#1944=ORIENTED_EDGE('',*,*,#1407,.T.);
#1945=ORIENTED_EDGE('',*,*,#1408,.T.);
#1946=ORIENTED_EDGE('',*,*,#1405,.F.);
#1947=ORIENTED_EDGE('',*,*,#1269,.F.);
#1948=ORIENTED_EDGE('',*,*,#1398,.T.);
#1949=ORIENTED_EDGE('',*,*,#1409,.T.);
#1950=ORIENTED_EDGE('',*,*,#1407,.F.);
#1951=ORIENTED_EDGE('',*,*,#1409,.F.);
#1952=ORIENTED_EDGE('',*,*,#1397,.F.);
#1953=ORIENTED_EDGE('',*,*,#1341,.F.);
#1954=ORIENTED_EDGE('',*,*,#1400,.F.);
#1955=ORIENTED_EDGE('',*,*,#1402,.F.);
#1956=ORIENTED_EDGE('',*,*,#1404,.F.);
#1957=ORIENTED_EDGE('',*,*,#1406,.F.);
#1958=ORIENTED_EDGE('',*,*,#1408,.F.);
#1959=ORIENTED_EDGE('',*,*,#1257,.F.);
#1960=ORIENTED_EDGE('',*,*,#1355,.F.);
#1961=ORIENTED_EDGE('',*,*,#1410,.T.);
#1962=ORIENTED_EDGE('',*,*,#1411,.F.);
#1963=ORIENTED_EDGE('',*,*,#1263,.F.);
#1964=ORIENTED_EDGE('',*,*,#1412,.T.);
#1965=ORIENTED_EDGE('',*,*,#1413,.T.);
#1966=ORIENTED_EDGE('',*,*,#1353,.F.);
#1967=ORIENTED_EDGE('',*,*,#1262,.F.);
#1968=ORIENTED_EDGE('',*,*,#1414,.T.);
#1969=ORIENTED_EDGE('',*,*,#1415,.T.);
#1970=ORIENTED_EDGE('',*,*,#1412,.F.);
#1971=ORIENTED_EDGE('',*,*,#1261,.F.);
#1972=ORIENTED_EDGE('',*,*,#1416,.T.);
#1973=ORIENTED_EDGE('',*,*,#1417,.T.);
#1974=ORIENTED_EDGE('',*,*,#1414,.F.);
#1975=ORIENTED_EDGE('',*,*,#1260,.F.);
#1976=ORIENTED_EDGE('',*,*,#1418,.T.);
#1977=ORIENTED_EDGE('',*,*,#1419,.T.);
#1978=ORIENTED_EDGE('',*,*,#1416,.F.);
#1979=ORIENTED_EDGE('',*,*,#1259,.F.);
#1980=ORIENTED_EDGE('',*,*,#1420,.T.);
#1981=ORIENTED_EDGE('',*,*,#1421,.T.);
#1982=ORIENTED_EDGE('',*,*,#1418,.F.);
#1983=ORIENTED_EDGE('',*,*,#1258,.F.);
#1984=ORIENTED_EDGE('',*,*,#1411,.T.);
#1985=ORIENTED_EDGE('',*,*,#1422,.T.);
#1986=ORIENTED_EDGE('',*,*,#1420,.F.);
#1987=ORIENTED_EDGE('',*,*,#1422,.F.);
#1988=ORIENTED_EDGE('',*,*,#1410,.F.);
#1989=ORIENTED_EDGE('',*,*,#1354,.F.);
#1990=ORIENTED_EDGE('',*,*,#1413,.F.);
#1991=ORIENTED_EDGE('',*,*,#1415,.F.);
#1992=ORIENTED_EDGE('',*,*,#1417,.F.);
#1993=ORIENTED_EDGE('',*,*,#1419,.F.);
#1994=ORIENTED_EDGE('',*,*,#1421,.F.);
#1995=ORIENTED_EDGE('',*,*,#1208,.T.);
#1996=ORIENTED_EDGE('',*,*,#1201,.T.);
#1997=ORIENTED_EDGE('',*,*,#1183,.T.);
#1998=ORIENTED_EDGE('',*,*,#1197,.F.);
#1999=ORIENTED_EDGE('',*,*,#1253,.F.);
#2000=ORIENTED_EDGE('',*,*,#1370,.T.);
#2001=ORIENTED_EDGE('',*,*,#1382,.T.);
#2002=ORIENTED_EDGE('',*,*,#1383,.F.);
#2003=ORIENTED_EDGE('',*,*,#1285,.F.);
#2004=ORIENTED_EDGE('',*,*,#1226,.T.);
#2005=ORIENTED_EDGE('',*,*,#1219,.T.);
#2006=ORIENTED_EDGE('',*,*,#1189,.T.);
#2007=ORIENTED_EDGE('',*,*,#1373,.F.);
#2008=ORIENTED_EDGE('',*,*,#1294,.F.);
#2009=ORIENTED_EDGE('',*,*,#1265,.F.);
#2010=ORIENTED_EDGE('',*,*,#1352,.T.);
#2011=ORIENTED_EDGE('',*,*,#1321,.F.);
#2012=ORIENTED_EDGE('',*,*,#1423,.F.);
#2013=ORIENTED_EDGE('',*,*,#1266,.F.);
#2014=ORIENTED_EDGE('',*,*,#1423,.T.);
#2015=ORIENTED_EDGE('',*,*,#1320,.F.);
#2016=ORIENTED_EDGE('',*,*,#1343,.F.);
#2017=ORIENTED_EDGE('',*,*,#1277,.F.);
#2018=ORIENTED_EDGE('',*,*,#1424,.T.);
#2019=ORIENTED_EDGE('',*,*,#1311,.F.);
#2020=ORIENTED_EDGE('',*,*,#1350,.F.);
#2021=ORIENTED_EDGE('',*,*,#1276,.F.);
#2022=ORIENTED_EDGE('',*,*,#1339,.T.);
#2023=ORIENTED_EDGE('',*,*,#1312,.F.);
#2024=ORIENTED_EDGE('',*,*,#1424,.F.);
#2025=ORIENTED_EDGE('',*,*,#1255,.F.);
#2026=ORIENTED_EDGE('',*,*,#1425,.T.);
#2027=ORIENTED_EDGE('',*,*,#1307,.F.);
#2028=ORIENTED_EDGE('',*,*,#1356,.F.);
#2029=ORIENTED_EDGE('',*,*,#1254,.F.);
#2030=ORIENTED_EDGE('',*,*,#1195,.T.);
#2031=ORIENTED_EDGE('',*,*,#1308,.F.);
#2032=ORIENTED_EDGE('',*,*,#1425,.F.);
#2033=ORIENTED_EDGE('',*,*,#1303,.F.);
#2034=ORIENTED_EDGE('',*,*,#1346,.T.);
#2035=ORIENTED_EDGE('',*,*,#1316,.F.);
#2036=ORIENTED_EDGE('',*,*,#1426,.F.);
#2037=ORIENTED_EDGE('',*,*,#1304,.F.);
#2038=ORIENTED_EDGE('',*,*,#1426,.T.);
#2039=ORIENTED_EDGE('',*,*,#1315,.F.);
#2040=ORIENTED_EDGE('',*,*,#1178,.F.);
#2041=CYLINDRICAL_SURFACE('',#2184,1.4);
#2042=CYLINDRICAL_SURFACE('',#2187,1.4);
#2043=CYLINDRICAL_SURFACE('',#2190,1.4);
#2044=CYLINDRICAL_SURFACE('',#2193,1.4);
#2045=CYLINDRICAL_SURFACE('',#2223,2.5);
#2046=CYLINDRICAL_SURFACE('',#2225,1.25);
#2047=CYLINDRICAL_SURFACE('',#2231,2.5);
#2048=CYLINDRICAL_SURFACE('',#2233,1.25);
#2049=CYLINDRICAL_SURFACE('',#2238,2.5);
#2050=CYLINDRICAL_SURFACE('',#2240,2.5);
#2051=CYLINDRICAL_SURFACE('',#2242,1.25);
#2052=CYLINDRICAL_SURFACE('',#2248,2.5);
#2053=CYLINDRICAL_SURFACE('',#2250,1.25);
#2054=CYLINDRICAL_SURFACE('',#2255,2.5);
#2055=CYLINDRICAL_SURFACE('',#2257,2.5);
#2056=CYLINDRICAL_SURFACE('',#2259,2.5);
#2057=CYLINDRICAL_SURFACE('',#2262,1.);
#2058=CYLINDRICAL_SURFACE('',#2265,0.999999999999999);
#2059=CYLINDRICAL_SURFACE('',#2268,1.);
#2060=CYLINDRICAL_SURFACE('',#2275,0.999999977648258);
#2061=CYLINDRICAL_SURFACE('',#2302,4.5);
#2062=ADVANCED_FACE('',(#125),#2041,.F.);
#2063=ADVANCED_FACE('',(#126),#2042,.F.);
#2064=ADVANCED_FACE('',(#127),#2043,.F.);
#2065=ADVANCED_FACE('',(#128),#2044,.F.);
#2066=ADVANCED_FACE('',(#129),#38,.T.);
#2067=ADVANCED_FACE('',(#130),#39,.T.);
#2068=ADVANCED_FACE('',(#131),#40,.T.);
#2069=ADVANCED_FACE('',(#132,#15,#16,#17,#18,#19,#20,#21,#22,#23,#24,#25,
#26,#27),#41,.T.);
#2070=ADVANCED_FACE('',(#133),#42,.T.);
#2071=ADVANCED_FACE('',(#134),#43,.T.);
#2072=ADVANCED_FACE('',(#135),#44,.T.);
#2073=ADVANCED_FACE('',(#136),#45,.T.);
#2074=ADVANCED_FACE('',(#137),#46,.F.);
#2075=ADVANCED_FACE('',(#138),#47,.T.);
#2076=ADVANCED_FACE('',(#139),#48,.T.);
#2077=ADVANCED_FACE('',(#140),#49,.F.);
#2078=ADVANCED_FACE('',(#141),#50,.T.);
#2079=ADVANCED_FACE('',(#142),#51,.F.);
#2080=ADVANCED_FACE('',(#143),#52,.F.);
#2081=ADVANCED_FACE('',(#144),#53,.T.);
#2082=ADVANCED_FACE('',(#145),#2045,.T.);
#2083=ADVANCED_FACE('',(#146),#2046,.F.);
#2084=ADVANCED_FACE('',(#147,#28),#54,.F.);
#2085=ADVANCED_FACE('',(#148),#2047,.F.);
#2086=ADVANCED_FACE('',(#149),#2048,.F.);
#2087=ADVANCED_FACE('',(#150,#29),#55,.F.);
#2088=ADVANCED_FACE('',(#151),#2049,.F.);
#2089=ADVANCED_FACE('',(#152),#2050,.T.);
#2090=ADVANCED_FACE('',(#153),#2051,.F.);
#2091=ADVANCED_FACE('',(#154,#30),#56,.F.);
#2092=ADVANCED_FACE('',(#155),#2052,.F.);
#2093=ADVANCED_FACE('',(#156),#2053,.F.);
#2094=ADVANCED_FACE('',(#157,#31),#57,.F.);
#2095=ADVANCED_FACE('',(#158),#2054,.F.);
#2096=ADVANCED_FACE('',(#159),#2055,.F.);
#2097=ADVANCED_FACE('',(#160),#2056,.F.);
#2098=ADVANCED_FACE('',(#161),#58,.F.);
#2099=ADVANCED_FACE('',(#162),#2057,.F.);
#2100=ADVANCED_FACE('',(#163),#2058,.F.);
#2101=ADVANCED_FACE('',(#164),#2059,.F.);
#2102=ADVANCED_FACE('',(#165,#32,#33),#59,.F.);
#2103=ADVANCED_FACE('',(#166),#60,.F.);
#2104=ADVANCED_FACE('',(#167),#2060,.F.);
#2105=ADVANCED_FACE('',(#168),#61,.F.);
#2106=ADVANCED_FACE('',(#169,#34),#62,.F.);
#2107=ADVANCED_FACE('',(#170,#35),#63,.F.);
#2108=ADVANCED_FACE('',(#171,#36),#64,.F.);
#2109=ADVANCED_FACE('',(#172,#37),#65,.F.);
#2110=ADVANCED_FACE('',(#173),#66,.T.);
#2111=ADVANCED_FACE('',(#174),#67,.T.);
#2112=ADVANCED_FACE('',(#175),#68,.T.);
#2113=ADVANCED_FACE('',(#176),#69,.T.);
#2114=ADVANCED_FACE('',(#177),#70,.T.);
#2115=ADVANCED_FACE('',(#178),#71,.T.);
#2116=ADVANCED_FACE('',(#179),#72,.T.);
#2117=ADVANCED_FACE('',(#180),#73,.T.);
#2118=ADVANCED_FACE('',(#181),#74,.T.);
#2119=ADVANCED_FACE('',(#182),#75,.T.);
#2120=ADVANCED_FACE('',(#183),#76,.T.);
#2121=ADVANCED_FACE('',(#184),#77,.T.);
#2122=ADVANCED_FACE('',(#185),#78,.T.);
#2123=ADVANCED_FACE('',(#186),#79,.T.);
#2124=ADVANCED_FACE('',(#187),#80,.F.);
#2125=ADVANCED_FACE('',(#188),#81,.F.);
#2126=ADVANCED_FACE('',(#189),#82,.T.);
#2127=ADVANCED_FACE('',(#190),#2061,.F.);
#2128=ADVANCED_FACE('',(#191),#83,.F.);
#2129=ADVANCED_FACE('',(#192),#84,.F.);
#2130=ADVANCED_FACE('',(#193),#85,.F.);
#2131=ADVANCED_FACE('',(#194),#86,.F.);
#2132=ADVANCED_FACE('',(#195),#87,.F.);
#2133=ADVANCED_FACE('',(#196),#88,.F.);
#2134=ADVANCED_FACE('',(#197),#89,.F.);
#2135=ADVANCED_FACE('',(#198),#90,.F.);
#2136=ADVANCED_FACE('',(#199),#91,.F.);
#2137=ADVANCED_FACE('',(#200),#92,.F.);
#2138=ADVANCED_FACE('',(#201),#93,.F.);
#2139=ADVANCED_FACE('',(#202),#94,.F.);
#2140=ADVANCED_FACE('',(#203),#95,.F.);
#2141=ADVANCED_FACE('',(#204),#96,.F.);
#2142=ADVANCED_FACE('',(#205),#97,.F.);
#2143=ADVANCED_FACE('',(#206),#98,.F.);
#2144=ADVANCED_FACE('',(#207),#99,.F.);
#2145=ADVANCED_FACE('',(#208),#100,.F.);
#2146=ADVANCED_FACE('',(#209),#101,.F.);
#2147=ADVANCED_FACE('',(#210),#102,.F.);
#2148=ADVANCED_FACE('',(#211),#103,.F.);
#2149=ADVANCED_FACE('',(#212),#104,.F.);
#2150=ADVANCED_FACE('',(#213),#105,.F.);
#2151=ADVANCED_FACE('',(#214),#106,.F.);
#2152=ADVANCED_FACE('',(#215),#107,.F.);
#2153=ADVANCED_FACE('',(#216),#108,.F.);
#2154=ADVANCED_FACE('',(#217),#109,.F.);
#2155=ADVANCED_FACE('',(#218),#110,.F.);
#2156=ADVANCED_FACE('',(#219),#111,.F.);
#2157=ADVANCED_FACE('',(#220),#112,.F.);
#2158=ADVANCED_FACE('',(#221),#113,.F.);
#2159=ADVANCED_FACE('',(#222),#114,.F.);
#2160=ADVANCED_FACE('',(#223),#115,.F.);
#2161=ADVANCED_FACE('',(#224),#116,.F.);
#2162=ADVANCED_FACE('',(#225),#117,.T.);
#2163=ADVANCED_FACE('',(#226),#118,.T.);
#2164=ADVANCED_FACE('',(#227),#119,.T.);
#2165=ADVANCED_FACE('',(#228),#120,.T.);
#2166=ADVANCED_FACE('',(#229),#121,.T.);
#2167=ADVANCED_FACE('',(#230),#122,.T.);
#2168=ADVANCED_FACE('',(#231),#123,.T.);
#2169=ADVANCED_FACE('',(#232),#124,.T.);
#2170=CLOSED_SHELL('',(#2062,#2063,#2064,#2065,#2066,#2067,#2068,#2069,
#2070,#2071,#2072,#2073,#2074,#2075,#2076,#2077,#2078,#2079,#2080,#2081,
#2082,#2083,#2084,#2085,#2086,#2087,#2088,#2089,#2090,#2091,#2092,#2093,
#2094,#2095,#2096,#2097,#2098,#2099,#2100,#2101,#2102,#2103,#2104,#2105,
#2106,#2107,#2108,#2109,#2110,#2111,#2112,#2113,#2114,#2115,#2116,#2117,
#2118,#2119,#2120,#2121,#2122,#2123,#2124,#2125,#2126,#2127,#2128,#2129,
#2130,#2131,#2132,#2133,#2134,#2135,#2136,#2137,#2138,#2139,#2140,#2141,
#2142,#2143,#2144,#2145,#2146,#2147,#2148,#2149,#2150,#2151,#2152,#2153,
#2154,#2155,#2156,#2157,#2158,#2159,#2160,#2161,#2162,#2163,#2164,#2165,
#2166,#2167,#2168,#2169));
#2171=DERIVED_UNIT_ELEMENT(#2173,1.);
#2172=DERIVED_UNIT_ELEMENT(#3548,-3.);
#2173=(
MASS_UNIT()
NAMED_UNIT(*)
SI_UNIT(.KILO.,.GRAM.)
);
#2174=DERIVED_UNIT((#2171,#2172));
#2175=MEASURE_REPRESENTATION_ITEM('density measure',
POSITIVE_RATIO_MEASURE(7850.),#2174);
#2176=PROPERTY_DEFINITION_REPRESENTATION(#2181,#2178);
#2177=PROPERTY_DEFINITION_REPRESENTATION(#2182,#2179);
#2178=REPRESENTATION('material name',(#2180),#3545);
#2179=REPRESENTATION('density',(#2175),#3545);
#2180=DESCRIPTIVE_REPRESENTATION_ITEM('\X2\94A2\X0\','\X2\94A2\X0\');
#2181=PROPERTY_DEFINITION('material property','material name',#3555);
#2182=PROPERTY_DEFINITION('material property','density of part',#3555);
#2183=AXIS2_PLACEMENT_3D('',#2929,#2348,#2349);
#2184=AXIS2_PLACEMENT_3D('',#2930,#2350,#2351);
#2185=AXIS2_PLACEMENT_3D('',#2932,#2352,#2353);
#2186=AXIS2_PLACEMENT_3D('',#2935,#2355,#2356);
#2187=AXIS2_PLACEMENT_3D('',#2936,#2357,#2358);
#2188=AXIS2_PLACEMENT_3D('',#2938,#2359,#2360);
#2189=AXIS2_PLACEMENT_3D('',#2941,#2362,#2363);
#2190=AXIS2_PLACEMENT_3D('',#2942,#2364,#2365);
#2191=AXIS2_PLACEMENT_3D('',#2944,#2366,#2367);
#2192=AXIS2_PLACEMENT_3D('',#2947,#2369,#2370);
#2193=AXIS2_PLACEMENT_3D('',#2948,#2371,#2372);
#2194=AXIS2_PLACEMENT_3D('',#2950,#2373,#2374);
#2195=AXIS2_PLACEMENT_3D('',#2953,#2376,#2377);
#2196=AXIS2_PLACEMENT_3D('',#2954,#2378,#2379);
#2197=AXIS2_PLACEMENT_3D('',#2963,#2384,#2385);
#2198=AXIS2_PLACEMENT_3D('',#2969,#2389,#2390);
#2199=AXIS2_PLACEMENT_3D('',#2975,#2394,#2395);
#2200=AXIS2_PLACEMENT_3D('',#2998,#2407,#2408);
#2201=AXIS2_PLACEMENT_3D('',#3000,#2409,#2410);
#2202=AXIS2_PLACEMENT_3D('',#3002,#2411,#2412);
#2203=AXIS2_PLACEMENT_3D('',#3004,#2413,#2414);
#2204=AXIS2_PLACEMENT_3D('',#3006,#2415,#2416);
#2205=AXIS2_PLACEMENT_3D('',#3008,#2417,#2418);
#2206=AXIS2_PLACEMENT_3D('',#3010,#2419,#2420);
#2207=AXIS2_PLACEMENT_3D('',#3012,#2421,#2422);
#2208=AXIS2_PLACEMENT_3D('',#3014,#2423,#2424);
#2209=AXIS2_PLACEMENT_3D('',#3015,#2425,#2426);
#2210=AXIS2_PLACEMENT_3D('',#3019,#2429,#2430);
#2211=AXIS2_PLACEMENT_3D('',#3023,#2433,#2434);
#2212=AXIS2_PLACEMENT_3D('',#3029,#2438,#2439);
#2213=AXIS2_PLACEMENT_3D('',#3033,#2442,#2443);
#2214=AXIS2_PLACEMENT_3D('',#3039,#2447,#2448);
#2215=AXIS2_PLACEMENT_3D('',#3043,#2451,#2452);
#2216=AXIS2_PLACEMENT_3D('',#3053,#2458,#2459);
#2217=AXIS2_PLACEMENT_3D('',#3060,#2463,#2464);
#2218=AXIS2_PLACEMENT_3D('',#3072,#2470,#2471);
#2219=AXIS2_PLACEMENT_3D('',#3074,#2473,#2474);
#2220=AXIS2_PLACEMENT_3D('',#3086,#2481,#2482);
#2221=AXIS2_PLACEMENT_3D('',#3088,#2484,#2485);
#2222=AXIS2_PLACEMENT_3D('',#3089,#2486,#2487);
#2223=AXIS2_PLACEMENT_3D('',#3091,#2489,#2490);
#2224=AXIS2_PLACEMENT_3D('',#3096,#2493,#2494);
#2225=AXIS2_PLACEMENT_3D('',#3097,#2495,#2496);
#2226=AXIS2_PLACEMENT_3D('',#3099,#2497,#2498);
#2227=AXIS2_PLACEMENT_3D('',#3101,#2500,#2501);
#2228=AXIS2_PLACEMENT_3D('',#3103,#2502,#2503);
#2229=AXIS2_PLACEMENT_3D('',#3105,#2504,#2505);
#2230=AXIS2_PLACEMENT_3D('',#3106,#2506,#2507);
#2231=AXIS2_PLACEMENT_3D('',#3107,#2508,#2509);
#2232=AXIS2_PLACEMENT_3D('',#3111,#2511,#2512);
#2233=AXIS2_PLACEMENT_3D('',#3113,#2514,#2515);
#2234=AXIS2_PLACEMENT_3D('',#3115,#2516,#2517);
#2235=AXIS2_PLACEMENT_3D('',#3117,#2519,#2520);
#2236=AXIS2_PLACEMENT_3D('',#3120,#2521,#2522);
#2237=AXIS2_PLACEMENT_3D('',#3121,#2523,#2524);
#2238=AXIS2_PLACEMENT_3D('',#3122,#2525,#2526);
#2239=AXIS2_PLACEMENT_3D('',#3126,#2528,#2529);
#2240=AXIS2_PLACEMENT_3D('',#3128,#2531,#2532);
#2241=AXIS2_PLACEMENT_3D('',#3133,#2535,#2536);
#2242=AXIS2_PLACEMENT_3D('',#3134,#2537,#2538);
#2243=AXIS2_PLACEMENT_3D('',#3136,#2539,#2540);
#2244=AXIS2_PLACEMENT_3D('',#3138,#2542,#2543);
#2245=AXIS2_PLACEMENT_3D('',#3140,#2544,#2545);
#2246=AXIS2_PLACEMENT_3D('',#3142,#2546,#2547);
#2247=AXIS2_PLACEMENT_3D('',#3143,#2548,#2549);
#2248=AXIS2_PLACEMENT_3D('',#3144,#2550,#2551);
#2249=AXIS2_PLACEMENT_3D('',#3148,#2553,#2554);
#2250=AXIS2_PLACEMENT_3D('',#3150,#2556,#2557);
#2251=AXIS2_PLACEMENT_3D('',#3152,#2558,#2559);
#2252=AXIS2_PLACEMENT_3D('',#3154,#2561,#2562);
#2253=AXIS2_PLACEMENT_3D('',#3157,#2563,#2564);
#2254=AXIS2_PLACEMENT_3D('',#3158,#2565,#2566);
#2255=AXIS2_PLACEMENT_3D('',#3159,#2567,#2568);
#2256=AXIS2_PLACEMENT_3D('',#3163,#2570,#2571);
#2257=AXIS2_PLACEMENT_3D('',#3165,#2573,#2574);
#2258=AXIS2_PLACEMENT_3D('',#3169,#2576,#2577);
#2259=AXIS2_PLACEMENT_3D('',#3171,#2579,#2580);
#2260=AXIS2_PLACEMENT_3D('',#3175,#2582,#2583);
#2261=AXIS2_PLACEMENT_3D('',#3177,#2585,#2586);
#2262=AXIS2_PLACEMENT_3D('',#3181,#2589,#2590);
#2263=AXIS2_PLACEMENT_3D('',#3183,#2591,#2592);
#2264=AXIS2_PLACEMENT_3D('',#3185,#2594,#2595);
#2265=AXIS2_PLACEMENT_3D('',#3186,#2596,#2597);
#2266=AXIS2_PLACEMENT_3D('',#3188,#2598,#2599);
#2267=AXIS2_PLACEMENT_3D('',#3190,#2601,#2602);
#2268=AXIS2_PLACEMENT_3D('',#3191,#2603,#2604);
#2269=AXIS2_PLACEMENT_3D('',#3193,#2605,#2606);
#2270=AXIS2_PLACEMENT_3D('',#3195,#2608,#2609);
#2271=AXIS2_PLACEMENT_3D('',#3196,#2610,#2611);
#2272=AXIS2_PLACEMENT_3D('',#3259,#2643,#2644);
#2273=AXIS2_PLACEMENT_3D('',#3267,#2648,#2649);
#2274=AXIS2_PLACEMENT_3D('',#3269,#2651,#2652);
#2275=AXIS2_PLACEMENT_3D('',#3271,#2654,#2655);
#2276=AXIS2_PLACEMENT_3D('',#3273,#2656,#2657);
#2277=AXIS2_PLACEMENT_3D('',#3275,#2659,#2660);
#2278=AXIS2_PLACEMENT_3D('',#3276,#2661,#2662);
#2279=AXIS2_PLACEMENT_3D('',#3282,#2665,#2666);
#2280=AXIS2_PLACEMENT_3D('',#3298,#2675,#2676);
#2281=AXIS2_PLACEMENT_3D('',#3306,#2681,#2682);
#2282=AXIS2_PLACEMENT_3D('',#3317,#2688,#2689);
#2283=AXIS2_PLACEMENT_3D('',#3325,#2694,#2695);
#2284=AXIS2_PLACEMENT_3D('',#3336,#2701,#2702);
#2285=AXIS2_PLACEMENT_3D('',#3342,#2706,#2707);
#2286=AXIS2_PLACEMENT_3D('',#3344,#2709,#2710);
#2287=AXIS2_PLACEMENT_3D('',#3348,#2713,#2714);
#2288=AXIS2_PLACEMENT_3D('',#3352,#2717,#2718);
#2289=AXIS2_PLACEMENT_3D('',#3356,#2721,#2722);
#2290=AXIS2_PLACEMENT_3D('',#3360,#2725,#2726);
#2291=AXIS2_PLACEMENT_3D('',#3362,#2728,#2729);
#2292=AXIS2_PLACEMENT_3D('',#3365,#2732,#2733);
#2293=AXIS2_PLACEMENT_3D('',#3374,#2740,#2741);
#2294=AXIS2_PLACEMENT_3D('',#3376,#2743,#2744);
#2295=AXIS2_PLACEMENT_3D('',#3385,#2751,#2752);
#2296=AXIS2_PLACEMENT_3D('',#3386,#2753,#2754);
#2297=AXIS2_PLACEMENT_3D('',#3388,#2756,#2757);
#2298=AXIS2_PLACEMENT_3D('',#3396,#2763,#2764);
#2299=AXIS2_PLACEMENT_3D('',#3402,#2768,#2769);
#2300=AXIS2_PLACEMENT_3D('',#3408,#2773,#2774);
#2301=AXIS2_PLACEMENT_3D('',#3410,#2776,#2777);
#2302=AXIS2_PLACEMENT_3D('',#3411,#2778,#2779);
#2303=AXIS2_PLACEMENT_3D('',#3415,#2781,#2782);
#2304=AXIS2_PLACEMENT_3D('',#3420,#2785,#2786);
#2305=AXIS2_PLACEMENT_3D('',#3424,#2789,#2790);
#2306=AXIS2_PLACEMENT_3D('',#3425,#2791,#2792);
#2307=AXIS2_PLACEMENT_3D('',#3430,#2796,#2797);
#2308=AXIS2_PLACEMENT_3D('',#3434,#2800,#2801);
#2309=AXIS2_PLACEMENT_3D('',#3438,#2804,#2805);
#2310=AXIS2_PLACEMENT_3D('',#3440,#2807,#2808);
#2311=AXIS2_PLACEMENT_3D('',#3444,#2811,#2812);
#2312=AXIS2_PLACEMENT_3D('',#3446,#2814,#2815);
#2313=AXIS2_PLACEMENT_3D('',#3447,#2816,#2817);
#2314=AXIS2_PLACEMENT_3D('',#3451,#2820,#2821);
#2315=AXIS2_PLACEMENT_3D('',#3455,#2824,#2825);
#2316=AXIS2_PLACEMENT_3D('',#3459,#2828,#2829);
#2317=AXIS2_PLACEMENT_3D('',#3463,#2832,#2833);
#2318=AXIS2_PLACEMENT_3D('',#3467,#2836,#2837);
#2319=AXIS2_PLACEMENT_3D('',#3471,#2840,#2841);
#2320=AXIS2_PLACEMENT_3D('',#3473,#2843,#2844);
#2321=AXIS2_PLACEMENT_3D('',#3474,#2845,#2846);
#2322=AXIS2_PLACEMENT_3D('',#3478,#2849,#2850);
#2323=AXIS2_PLACEMENT_3D('',#3482,#2853,#2854);
#2324=AXIS2_PLACEMENT_3D('',#3486,#2857,#2858);
#2325=AXIS2_PLACEMENT_3D('',#3490,#2861,#2862);
#2326=AXIS2_PLACEMENT_3D('',#3494,#2865,#2866);
#2327=AXIS2_PLACEMENT_3D('',#3498,#2869,#2870);
#2328=AXIS2_PLACEMENT_3D('',#3500,#2872,#2873);
#2329=AXIS2_PLACEMENT_3D('',#3501,#2874,#2875);
#2330=AXIS2_PLACEMENT_3D('',#3505,#2878,#2879);
#2331=AXIS2_PLACEMENT_3D('',#3509,#2882,#2883);
#2332=AXIS2_PLACEMENT_3D('',#3513,#2886,#2887);
#2333=AXIS2_PLACEMENT_3D('',#3517,#2890,#2891);
#2334=AXIS2_PLACEMENT_3D('',#3521,#2894,#2895);
#2335=AXIS2_PLACEMENT_3D('',#3525,#2898,#2899);
#2336=AXIS2_PLACEMENT_3D('',#3527,#2901,#2902);
#2337=AXIS2_PLACEMENT_3D('',#3528,#2903,#2904);
#2338=AXIS2_PLACEMENT_3D('',#3529,#2905,#2906);
#2339=AXIS2_PLACEMENT_3D('',#3530,#2907,#2908);
#2340=AXIS2_PLACEMENT_3D('',#3531,#2909,#2910);
#2341=AXIS2_PLACEMENT_3D('',#3533,#2912,#2913);
#2342=AXIS2_PLACEMENT_3D('',#3534,#2914,#2915);
#2343=AXIS2_PLACEMENT_3D('',#3536,#2917,#2918);
#2344=AXIS2_PLACEMENT_3D('',#3537,#2919,#2920);
#2345=AXIS2_PLACEMENT_3D('',#3539,#2922,#2923);
#2346=AXIS2_PLACEMENT_3D('',#3540,#2924,#2925);
#2347=AXIS2_PLACEMENT_3D('',#3542,#2927,#2928);
#2348=DIRECTION('axis',(0.,0.,1.));
#2349=DIRECTION('refdir',(1.,0.,0.));
#2350=DIRECTION('center_axis',(0.,0.,1.));
#2351=DIRECTION('ref_axis',(-1.,0.,0.));
#2352=DIRECTION('center_axis',(0.,0.,-1.));
#2353=DIRECTION('ref_axis',(-1.,0.,0.));
#2354=DIRECTION('',(0.,0.,-1.));
#2355=DIRECTION('center_axis',(0.,0.,1.));
#2356=DIRECTION('ref_axis',(-1.,0.,0.));
#2357=DIRECTION('center_axis',(0.,0.,1.));
#2358=DIRECTION('ref_axis',(-1.,0.,0.));
#2359=DIRECTION('center_axis',(0.,0.,-1.));
#2360=DIRECTION('ref_axis',(-1.,0.,0.));
#2361=DIRECTION('',(0.,0.,-1.));
#2362=DIRECTION('center_axis',(0.,0.,1.));
#2363=DIRECTION('ref_axis',(-1.,0.,0.));
#2364=DIRECTION('center_axis',(0.,0.,1.));
#2365=DIRECTION('ref_axis',(-1.,0.,0.));
#2366=DIRECTION('center_axis',(0.,0.,-1.));
#2367=DIRECTION('ref_axis',(-1.,0.,0.));
#2368=DIRECTION('',(0.,0.,-1.));
#2369=DIRECTION('center_axis',(0.,0.,1.));
#2370=DIRECTION('ref_axis',(-1.,0.,0.));
#2371=DIRECTION('center_axis',(0.,0.,1.));
#2372=DIRECTION('ref_axis',(-1.,0.,0.));
#2373=DIRECTION('center_axis',(0.,0.,-1.));
#2374=DIRECTION('ref_axis',(-1.,0.,0.));
#2375=DIRECTION('',(0.,0.,-1.));
#2376=DIRECTION('center_axis',(0.,0.,1.));
#2377=DIRECTION('ref_axis',(-1.,0.,0.));
#2378=DIRECTION('center_axis',(0.707106781186548,6.04777616327132E-48,-0.707106781186548));
#2379=DIRECTION('ref_axis',(-0.707106781186548,0.,-0.707106781186548));
#2380=DIRECTION('',(0.,1.,8.55284707229503E-48));
#2381=DIRECTION('',(0.577350269189626,-0.577350269189626,0.577350269189626));
#2382=DIRECTION('',(0.,-1.,-8.55284707229503E-48));
#2383=DIRECTION('',(-0.577350269189626,-0.577350269189626,-0.577350269189626));
#2384=DIRECTION('center_axis',(-2.98178386170767E-79,-0.707106781186548,
-0.707106781186548));
#2385=DIRECTION('ref_axis',(-1.,0.,4.21687917729221E-79));
#2386=DIRECTION('',(1.,0.,-4.21687917729221E-79));
#2387=DIRECTION('',(0.281084637714807,-0.67859834454585,0.67859834454585));
#2388=DIRECTION('',(-1.,0.,4.21687917729221E-79));
#2389=DIRECTION('center_axis',(-2.98178386170767E-79,0.707106781186548,
-0.707106781186548));
#2390=DIRECTION('ref_axis',(-1.,0.,4.21687917729221E-79));
#2391=DIRECTION('',(1.,0.,-4.21687917729221E-79));
#2392=DIRECTION('',(-0.281084637714835,-0.678598344545844,-0.678598344545844));
#2393=DIRECTION('',(-1.,0.,4.21687917729221E-79));
#2394=DIRECTION('center_axis',(-4.21687917729221E-79,8.55284707229503E-48,
-1.));
#2395=DIRECTION('ref_axis',(-1.,-4.93038065763132E-32,0.));
#2396=DIRECTION('',(-0.707106781186548,0.707106781186548,6.04777616327133E-48));
#2397=DIRECTION('',(-4.93038065763132E-32,1.,8.55284707229503E-48));
#2398=DIRECTION('',(0.707106781186548,0.707106781186548,6.04777616327133E-48));
#2399=DIRECTION('',(1.,4.93038065763132E-32,0.));
#2400=DIRECTION('',(0.707106781186548,-0.707106781186548,-6.04777616327133E-48));
#2401=DIRECTION('',(4.93038065763132E-32,-1.,-8.55284707229503E-48));
#2402=DIRECTION('',(-0.707106781186548,-0.707106781186548,-6.04777616327133E-48));
#2403=DIRECTION('',(-1.,-4.93038065763132E-32,0.));
#2404=DIRECTION('',(-0.707106781186548,0.707106781186548,6.04777616327133E-48));
#2405=DIRECTION('',(-4.93038065763132E-32,1.,8.55284707229503E-48));
#2406=DIRECTION('',(0.707106781186547,0.707106781186548,6.04777616327133E-48));
#2407=DIRECTION('center_axis',(0.,0.,1.));
#2408=DIRECTION('ref_axis',(-1.,0.,0.));
#2409=DIRECTION('center_axis',(0.,0.,1.));
#2410=DIRECTION('ref_axis',(-1.,0.,0.));
#2411=DIRECTION('center_axis',(0.,0.,1.));
#2412=DIRECTION('ref_axis',(-1.,0.,0.));
#2413=DIRECTION('center_axis',(0.,0.,1.));
#2414=DIRECTION('ref_axis',(-1.,0.,0.));
#2415=DIRECTION('center_axis',(4.21687917729221E-79,-8.55284707229503E-48,
1.));
#2416=DIRECTION('ref_axis',(-1.,0.,0.));
#2417=DIRECTION('center_axis',(4.21687917729221E-79,-8.55284707229503E-48,
1.));
#2418=DIRECTION('ref_axis',(-1.,-4.93038065763132E-32,0.));
#2419=DIRECTION('center_axis',(4.21687917729221E-79,-8.55284707229503E-48,
1.));
#2420=DIRECTION('ref_axis',(-1.,-4.93038065763132E-32,0.));
#2421=DIRECTION('center_axis',(4.21687917729221E-79,-8.55284707229503E-48,
1.));
#2422=DIRECTION('ref_axis',(-1.,-4.93038065763132E-32,0.));
#2423=DIRECTION('center_axis',(4.21687917729221E-79,-8.55284707229503E-48,
1.));
#2424=DIRECTION('ref_axis',(-1.,-4.93038065763132E-32,0.));
#2425=DIRECTION('center_axis',(0.499999999999996,0.499999999999996,-0.707106781186553));
#2426=DIRECTION('ref_axis',(-0.81649658092773,0.,-0.577350269189619));
#2427=DIRECTION('',(0.707106781186548,-0.707106781186548,-6.04777616327133E-48));
#2428=DIRECTION('',(-0.678598344545844,-0.281084637714835,-0.678598344545844));
#2429=DIRECTION('center_axis',(0.707106781186548,3.4863055968421E-32,-0.707106781186548));
#2430=DIRECTION('ref_axis',(-0.707106781186548,0.,-0.707106781186548));
#2431=DIRECTION('',(4.93038065763132E-32,-1.,-8.55284707229503E-48));
#2432=DIRECTION('',(0.678598344545844,-0.281084637714837,0.678598344545844));
#2433=DIRECTION('center_axis',(0.707106781186548,0.707106781186548,0.));
#2434=DIRECTION('ref_axis',(0.,0.,-1.));
#2435=DIRECTION('',(0.,0.,1.));
#2436=DIRECTION('',(0.707106781186548,-0.707106781186548,0.));
#2437=DIRECTION('',(0.,0.,-1.));
#2438=DIRECTION('center_axis',(0.500000000000004,-0.500000000000003,-0.707106781186542));
#2439=DIRECTION('ref_axis',(-0.816496580927722,0.,-0.577350269189632));
#2440=DIRECTION('',(0.67859834454585,-0.281084637714807,0.67859834454585));
#2441=DIRECTION('',(-0.707106781186547,-0.707106781186548,-6.04777616327133E-48));
#2442=DIRECTION('center_axis',(0.,1.,0.));
#2443=DIRECTION('ref_axis',(-1.,0.,0.));
#2444=DIRECTION('',(0.,0.,-1.));
#2445=DIRECTION('',(1.,0.,0.));
#2446=DIRECTION('',(0.,0.,1.));
#2447=DIRECTION('center_axis',(0.707106781186548,-0.707106781186547,0.));
#2448=DIRECTION('ref_axis',(0.,0.,-1.));
#2449=DIRECTION('',(0.,0.,1.));
#2450=DIRECTION('',(-0.707106781186547,-0.707106781186548,0.));
#2451=DIRECTION('center_axis',(1.,4.93038065763132E-32,0.));
#2452=DIRECTION('ref_axis',(4.93038065763132E-32,-1.,-8.55284707229503E-48));
#2453=DIRECTION('',(0.,0.,1.));
#2454=DIRECTION('',(-4.93038065763132E-32,1.,8.55284707229503E-48));
#2455=DIRECTION('',(0.,0.,1.));
#2456=DIRECTION('',(-4.93038065763132E-32,1.,8.55284707229503E-48));
#2457=DIRECTION('',(0.,0.,1.));
#2458=DIRECTION('center_axis',(0.,0.,-1.));
#2459=DIRECTION('ref_axis',(-1.,0.,0.));
#2460=DIRECTION('',(-1.,0.,0.));
#2461=DIRECTION('',(0.,1.,0.));
#2462=DIRECTION('',(1.,4.93038065763132E-32,0.));
#2463=DIRECTION('center_axis',(0.,0.,-1.));
#2464=DIRECTION('ref_axis',(-1.,0.,0.));
#2465=DIRECTION('',(-4.93038065763132E-32,1.,8.55284707229503E-48));
#2466=DIRECTION('',(1.,4.93038065763132E-32,0.));
#2467=DIRECTION('',(-4.93038065763132E-32,1.,8.55284707229503E-48));
#2468=DIRECTION('',(-1.,-4.93038065763132E-32,0.));
#2469=DIRECTION('',(-4.93038065763132E-32,1.,8.55284707229503E-48));
#2470=DIRECTION('center_axis',(0.,0.,-1.));
#2471=DIRECTION('ref_axis',(-1.,0.,0.));
#2472=DIRECTION('',(-1.,-4.93038065763132E-32,0.));
#2473=DIRECTION('center_axis',(1.,4.93038065763132E-32,0.));
#2474=DIRECTION('ref_axis',(4.93038065763132E-32,-1.,-8.55284707229503E-48));
#2475=DIRECTION('',(4.93038065763132E-32,-1.,-8.55284707229503E-48));
#2476=DIRECTION('',(0.,0.,-1.));
#2477=DIRECTION('',(-4.93038065763132E-32,1.,8.55284707229503E-48));
#2478=DIRECTION('',(0.,0.,1.));
#2479=DIRECTION('',(-4.93038065763132E-32,1.,8.55284707229503E-48));
#2480=DIRECTION('',(0.,0.,-1.));
#2481=DIRECTION('center_axis',(-1.,0.,0.));
#2482=DIRECTION('ref_axis',(0.,-1.,0.));
#2483=DIRECTION('',(0.,0.,1.));
#2484=DIRECTION('center_axis',(0.,-1.,0.));
#2485=DIRECTION('ref_axis',(1.,0.,0.));
#2486=DIRECTION('center_axis',(0.707106781186548,3.4863055968421E-32,-0.707106781186548));
#2487=DIRECTION('ref_axis',(-0.707106781186548,0.,-0.707106781186548));
#2488=DIRECTION('',(0.678598344545845,0.28108463771483,0.678598344545845));
#2489=DIRECTION('center_axis',(0.,0.,1.));
#2490=DIRECTION('ref_axis',(-1.,0.,0.));
#2491=DIRECTION('',(0.,0.,1.));
#2492=DIRECTION('',(0.,0.,-1.));
#2493=DIRECTION('center_axis',(0.,0.,1.));
#2494=DIRECTION('ref_axis',(-1.,0.,0.));
#2495=DIRECTION('center_axis',(0.,0.,1.));
#2496=DIRECTION('ref_axis',(-1.,0.,0.));
#2497=DIRECTION('center_axis',(0.,0.,-1.));
#2498=DIRECTION('ref_axis',(-1.,0.,0.));
#2499=DIRECTION('',(0.,0.,-1.));
#2500=DIRECTION('center_axis',(0.,0.,-1.));
#2501=DIRECTION('ref_axis',(-1.,0.,0.));
#2502=DIRECTION('center_axis',(0.,0.,-1.));
#2503=DIRECTION('ref_axis',(-1.,0.,0.));
#2504=DIRECTION('center_axis',(0.,0.,-1.));
#2505=DIRECTION('ref_axis',(-1.,0.,0.));
#2506=DIRECTION('center_axis',(0.,0.,-1.));
#2507=DIRECTION('ref_axis',(-1.,0.,0.));
#2508=DIRECTION('center_axis',(0.,0.,1.));
#2509=DIRECTION('ref_axis',(0.999848765796582,0.0173909613032878,0.));
#2510=DIRECTION('',(0.,0.,-1.));
#2511=DIRECTION('center_axis',(-4.21687917729221E-79,8.55284707229503E-48,
-1.));
#2512=DIRECTION('ref_axis',(-1.,0.,0.));
#2513=DIRECTION('',(0.,0.,1.));
#2514=DIRECTION('center_axis',(0.,0.,1.));
#2515=DIRECTION('ref_axis',(-1.,0.,0.));
#2516=DIRECTION('center_axis',(0.,0.,-1.));
#2517=DIRECTION('ref_axis',(-1.,0.,0.));
#2518=DIRECTION('',(0.,0.,-1.));
#2519=DIRECTION('center_axis',(0.,0.,-1.));
#2520=DIRECTION('ref_axis',(-1.,0.,0.));
#2521=DIRECTION('center_axis',(0.,0.,-1.));
#2522=DIRECTION('ref_axis',(-1.,0.,0.));
#2523=DIRECTION('center_axis',(0.,0.,-1.));
#2524=DIRECTION('ref_axis',(-1.,0.,0.));
#2525=DIRECTION('center_axis',(0.,0.,1.));
#2526=DIRECTION('ref_axis',(0.707106781186547,-0.707106781186548,0.));
#2527=DIRECTION('',(0.,0.,-1.));
#2528=DIRECTION('center_axis',(-4.21687917729221E-79,8.55284707229503E-48,
-1.));
#2529=DIRECTION('ref_axis',(-1.,0.,0.));
#2530=DIRECTION('',(0.,0.,1.));
#2531=DIRECTION('center_axis',(0.,0.,1.));
#2532=DIRECTION('ref_axis',(-1.,0.,0.));
#2533=DIRECTION('',(0.,0.,1.));
#2534=DIRECTION('',(0.,0.,-1.));
#2535=DIRECTION('center_axis',(0.,0.,1.));
#2536=DIRECTION('ref_axis',(-1.,0.,0.));
#2537=DIRECTION('center_axis',(0.,0.,1.));
#2538=DIRECTION('ref_axis',(-1.,0.,0.));
#2539=DIRECTION('center_axis',(0.,0.,-1.));
#2540=DIRECTION('ref_axis',(-1.,0.,0.));
#2541=DIRECTION('',(0.,0.,-1.));
#2542=DIRECTION('center_axis',(-5.99254573400601E-95,1.21543267145725E-63,
-1.));
#2543=DIRECTION('ref_axis',(-1.,0.,5.99254573400601E-95));
#2544=DIRECTION('center_axis',(-5.99254573400601E-95,1.21543267145725E-63,
-1.));
#2545=DIRECTION('ref_axis',(-1.,0.,0.));
#2546=DIRECTION('center_axis',(-5.99254573400601E-95,1.21543267145725E-63,
-1.));
#2547=DIRECTION('ref_axis',(-1.,0.,0.));
#2548=DIRECTION('center_axis',(-5.99254573400601E-95,1.21543267145725E-63,
-1.));
#2549=DIRECTION('ref_axis',(-1.,0.,5.99254573400601E-95));
#2550=DIRECTION('center_axis',(0.,0.,1.));
#2551=DIRECTION('ref_axis',(-1.,0.,0.));
#2552=DIRECTION('',(0.,0.,-1.));
#2553=DIRECTION('center_axis',(-4.21687917729221E-79,8.55284707229503E-48,
-1.));
#2554=DIRECTION('ref_axis',(-1.,0.,0.));
#2555=DIRECTION('',(0.,0.,1.));
#2556=DIRECTION('center_axis',(0.,0.,1.));
#2557=DIRECTION('ref_axis',(-1.,0.,0.));
#2558=DIRECTION('center_axis',(0.,0.,-1.));
#2559=DIRECTION('ref_axis',(-1.,0.,0.));
#2560=DIRECTION('',(0.,0.,-1.));
#2561=DIRECTION('center_axis',(0.,0.,-1.));
#2562=DIRECTION('ref_axis',(-1.,0.,0.));
#2563=DIRECTION('center_axis',(0.,0.,-1.));
#2564=DIRECTION('ref_axis',(-1.,0.,0.));
#2565=DIRECTION('center_axis',(0.,0.,-1.));
#2566=DIRECTION('ref_axis',(-1.,0.,0.));
#2567=DIRECTION('center_axis',(0.,0.,1.));
#2568=DIRECTION('ref_axis',(0.707106781186548,0.707106781186547,0.));
#2569=DIRECTION('',(0.,0.,-1.));
#2570=DIRECTION('center_axis',(-4.21687917729221E-79,8.55284707229503E-48,
-1.));
#2571=DIRECTION('ref_axis',(-1.,0.,0.));
#2572=DIRECTION('',(0.,0.,1.));
#2573=DIRECTION('center_axis',(0.,0.,1.));
#2574=DIRECTION('ref_axis',(-1.,0.,0.));
#2575=DIRECTION('',(0.,0.,-1.));
#2576=DIRECTION('center_axis',(-4.21687917729221E-79,8.55284707229503E-48,
-1.));
#2577=DIRECTION('ref_axis',(-1.,0.,0.));
#2578=DIRECTION('',(0.,0.,1.));
#2579=DIRECTION('center_axis',(0.,0.,1.));
#2580=DIRECTION('ref_axis',(0.999848767403518,-0.0173908689163276,0.));
#2581=DIRECTION('',(0.,0.,-1.));
#2582=DIRECTION('center_axis',(-4.21687917729221E-79,8.55284707229503E-48,
-1.));
#2583=DIRECTION('ref_axis',(-1.,0.,0.));
#2584=DIRECTION('',(0.,0.,1.));
#2585=DIRECTION('center_axis',(-1.,-4.93038065763132E-32,0.));
#2586=DIRECTION('ref_axis',(-4.93038065763132E-32,1.,8.55284707229503E-48));
#2587=DIRECTION('',(-4.93038065763132E-32,1.,8.55284707229503E-48));
#2588=DIRECTION('',(0.,0.,-1.));
#2589=DIRECTION('center_axis',(0.,0.,-1.));
#2590=DIRECTION('ref_axis',(-1.,-4.93038065763132E-32,0.));
#2591=DIRECTION('center_axis',(-4.21687917729221E-79,8.55284707229503E-48,
-1.));
#2592=DIRECTION('ref_axis',(-1.,-4.93038065763132E-32,0.));
#2593=DIRECTION('',(0.,0.,-1.));
#2594=DIRECTION('center_axis',(-4.21687917729221E-79,8.55284707229503E-48,
-1.));
#2595=DIRECTION('ref_axis',(-1.,-4.93038065763132E-32,0.));
#2596=DIRECTION('center_axis',(0.,0.,-1.));
#2597=DIRECTION('ref_axis',(-1.,-4.93038065763132E-32,0.));
#2598=DIRECTION('center_axis',(-4.21687917729221E-79,8.55284707229503E-48,
-1.));
#2599=DIRECTION('ref_axis',(-1.,-4.93038065763132E-32,0.));
#2600=DIRECTION('',(0.,0.,-1.));
#2601=DIRECTION('center_axis',(-4.21687917729221E-79,8.55284707229503E-48,
-1.));
#2602=DIRECTION('ref_axis',(-1.,-4.93038065763132E-32,0.));
#2603=DIRECTION('center_axis',(0.,0.,-1.));
#2604=DIRECTION('ref_axis',(-1.,-4.93038065763132E-32,0.));
#2605=DIRECTION('center_axis',(-4.21687917729221E-79,8.55284707229503E-48,
-1.));
#2606=DIRECTION('ref_axis',(-1.,-4.93038065763132E-32,0.));
#2607=DIRECTION('',(0.,0.,-1.));
#2608=DIRECTION('center_axis',(-4.21687917729221E-79,8.55284707229503E-48,
-1.));
#2609=DIRECTION('ref_axis',(-1.,-4.93038065763132E-32,0.));
#2610=DIRECTION('center_axis',(-4.21687917729221E-79,8.55284707229503E-48,
-1.));
#2611=DIRECTION('ref_axis',(-1.,-4.93038065763132E-32,0.));
#2612=DIRECTION('',(1.,4.93038065763132E-32,0.));
#2613=DIRECTION('',(-1.,-4.93038065763132E-32,0.));
#2614=DIRECTION('',(-4.93038065763132E-32,1.,8.55284707229503E-48));
#2615=DIRECTION('',(1.,4.93038065763132E-32,0.));
#2616=DIRECTION('',(4.93038065763132E-32,-1.,-8.55284707229503E-48));
#2617=DIRECTION('',(-1.,-4.93038065763132E-32,0.));
#2618=DIRECTION('',(4.93038065763132E-32,-1.,-8.55284707229503E-48));
#2619=DIRECTION('',(-1.,-4.93038065763132E-32,0.));
#2620=DIRECTION('',(-4.93038065763132E-32,1.,8.55284707229503E-48));
#2621=DIRECTION('',(-1.,-4.93038065763132E-32,0.));
#2622=DIRECTION('',(-4.93038065763132E-32,1.,8.55284707229503E-48));
#2623=DIRECTION('',(1.,4.93038065763132E-32,0.));
#2624=DIRECTION('',(4.93038065763132E-32,-1.,-8.55284707229503E-48));
#2625=DIRECTION('',(-1.,-4.93038065763132E-32,0.));
#2626=DIRECTION('',(4.93038065763132E-32,-1.,-8.55284707229503E-48));
#2627=DIRECTION('',(1.,4.93038065763132E-32,0.));
#2628=DIRECTION('',(4.93038065763132E-32,-1.,-8.55284707229503E-48));
#2629=DIRECTION('',(1.,4.93038065763132E-32,0.));
#2630=DIRECTION('',(4.93038065763132E-32,-1.,-8.55284707229503E-48));
#2631=DIRECTION('',(-1.,-4.93038065763132E-32,0.));
#2632=DIRECTION('',(4.93038065763132E-32,-1.,-8.55284707229503E-48));
#2633=DIRECTION('',(-1.,-4.93038065763132E-32,0.));
#2634=DIRECTION('',(4.93038065763132E-32,-1.,-8.55284707229503E-48));
#2635=DIRECTION('',(1.,4.93038065763132E-32,0.));
#2636=DIRECTION('',(4.93038065763132E-32,-1.,-8.55284707229503E-48));
#2637=DIRECTION('',(-1.,-4.93038065763132E-32,0.));
#2638=DIRECTION('',(-4.93038065763132E-32,1.,8.55284707229503E-48));
#2639=DIRECTION('',(1.,4.93038065763132E-32,0.));
#2640=DIRECTION('',(-4.93038065763132E-32,1.,8.55284707229503E-48));
#2641=DIRECTION('',(1.,4.93038065763132E-32,0.));
#2642=DIRECTION('',(0.,-1.,-8.55284707229503E-48));
#2643=DIRECTION('center_axis',(-4.21687917729221E-79,8.55284707229503E-48,
-1.));
#2644=DIRECTION('ref_axis',(-1.,0.,0.));
#2645=DIRECTION('',(-1.,-4.93038065763132E-32,0.));
#2646=DIRECTION('',(-4.93038065763132E-32,1.,8.55284707229503E-48));
#2647=DIRECTION('',(1.,4.93038065763132E-32,0.));
#2648=DIRECTION('center_axis',(-4.21687917729221E-79,8.55284707229503E-48,
-1.));
#2649=DIRECTION('ref_axis',(-1.,0.,0.));
#2650=DIRECTION('',(1.,4.93038065763132E-32,0.));
#2651=DIRECTION('center_axis',(4.93038065763132E-32,-1.,0.));
#2652=DIRECTION('ref_axis',(-1.,-4.93038065763132E-32,0.));
#2653=DIRECTION('',(-1.,-4.93038065763132E-32,0.));
#2654=DIRECTION('center_axis',(0.,0.,-1.));
#2655=DIRECTION('ref_axis',(-1.,-4.93038065763132E-32,0.));
#2656=DIRECTION('center_axis',(-4.21687917729221E-79,8.55284707229503E-48,
-1.));
#2657=DIRECTION('ref_axis',(-1.,-4.93038065763132E-32,0.));
#2658=DIRECTION('',(0.,0.,-1.));
#2659=DIRECTION('center_axis',(-4.21687917729221E-79,8.55284707229503E-48,
-1.));
#2660=DIRECTION('ref_axis',(-1.,-4.93038065763132E-32,0.));
#2661=DIRECTION('center_axis',(-4.21687917729221E-79,8.55284707229503E-48,
-1.));
#2662=DIRECTION('ref_axis',(-1.,-4.93038065763132E-32,0.));
#2663=DIRECTION('',(-4.93038065763132E-32,1.,8.55284707229503E-48));
#2664=DIRECTION('',(-1.,-4.93038065763132E-32,0.));
#2665=DIRECTION('center_axis',(-4.21687917729221E-79,8.55284707229503E-48,
-1.));
#2666=DIRECTION('ref_axis',(-1.,0.,0.));
#2667=DIRECTION('',(0.,1.,8.55284707229503E-48));
#2668=DIRECTION('',(1.,4.93038065763132E-32,0.));
#2669=DIRECTION('',(4.93038065763132E-32,-1.,-8.55284707229503E-48));
#2670=DIRECTION('',(1.,4.93038065763132E-32,0.));
#2671=DIRECTION('',(4.93038065763132E-32,-1.,-8.55284707229503E-48));
#2672=DIRECTION('',(-1.,-4.93038065763132E-32,0.));
#2673=DIRECTION('',(-4.93038065763132E-32,1.,8.55284707229503E-48));
#2674=DIRECTION('',(1.,4.93038065763132E-32,0.));
#2675=DIRECTION('center_axis',(-4.21687917729221E-79,8.55284707229503E-48,
-1.));
#2676=DIRECTION('ref_axis',(-1.,-4.93038065763132E-32,0.));
#2677=DIRECTION('',(-0.707106781186548,0.707106781186548,6.04777616327133E-48));
#2678=DIRECTION('',(-1.,-4.93038065763132E-32,0.));
#2679=DIRECTION('',(4.93038065763132E-32,-1.,-8.55284707229503E-48));
#2680=DIRECTION('',(1.,4.93038065763132E-32,0.));
#2681=DIRECTION('center_axis',(-4.21687917729221E-79,8.55284707229503E-48,
-1.));
#2682=DIRECTION('ref_axis',(-1.,-4.93038065763132E-32,0.));
#2683=DIRECTION('',(0.707106781186548,-0.707106781186548,-6.04777616327133E-48));
#2684=DIRECTION('',(1.,4.93038065763132E-32,0.));
#2685=DIRECTION('',(-4.93038065763132E-32,1.,8.55284707229503E-48));
#2686=DIRECTION('',(-1.,-4.93038065763132E-32,0.));
#2687=DIRECTION('',(4.93038065763132E-32,-1.,-8.55284707229503E-48));
#2688=DIRECTION('center_axis',(-4.21687917729221E-79,8.55284707229503E-48,
-1.));
#2689=DIRECTION('ref_axis',(-1.,-4.93038065763132E-32,0.));
#2690=DIRECTION('',(0.707106781186548,0.707106781186548,6.04777616327133E-48));
#2691=DIRECTION('',(-1.,-4.93038065763132E-32,0.));
#2692=DIRECTION('',(4.93038065763132E-32,-1.,-8.55284707229503E-48));
#2693=DIRECTION('',(1.,4.93038065763132E-32,0.));
#2694=DIRECTION('center_axis',(-4.21687917729221E-79,8.55284707229503E-48,
-1.));
#2695=DIRECTION('ref_axis',(-1.,-4.93038065763132E-32,0.));
#2696=DIRECTION('',(-0.707106781186548,-0.707106781186548,-6.04777616327133E-48));
#2697=DIRECTION('',(4.93038065763132E-32,-1.,-8.55284707229503E-48));
#2698=DIRECTION('',(1.,4.93038065763132E-32,0.));
#2699=DIRECTION('',(-4.93038065763132E-32,1.,8.55284707229503E-48));
#2700=DIRECTION('',(-1.,-4.93038065763132E-32,0.));
#2701=DIRECTION('center_axis',(3.4863055968421E-32,-0.707106781186548,-0.707106781186548));
#2702=DIRECTION('ref_axis',(-1.,0.,-4.93038065763132E-32));
#2703=DIRECTION('',(0.28108463771483,-0.678598344545845,0.678598344545845));
#2704=DIRECTION('',(-1.,-4.93038065763132E-32,0.));
#2705=DIRECTION('',(-0.281084637714837,-0.678598344545844,0.678598344545844));
#2706=DIRECTION('center_axis',(0.499999999999995,-0.499999999999995,-0.707106781186554));
#2707=DIRECTION('ref_axis',(-0.816496580927731,0.,-0.577350269189618));
#2708=DIRECTION('',(-0.707106781186548,-0.707106781186548,-6.04777616327133E-48));
#2709=DIRECTION('center_axis',(0.499999999999995,0.499999999999995,-0.707106781186554));
#2710=DIRECTION('ref_axis',(-0.816496580927731,0.,-0.577350269189618));
#2711=DIRECTION('',(0.281084637714837,0.678598344545844,0.678598344545844));
#2712=DIRECTION('',(0.707106781186548,-0.707106781186548,-6.04777616327133E-48));
#2713=DIRECTION('center_axis',(-3.4863055968421E-32,0.707106781186548,-0.707106781186548));
#2714=DIRECTION('ref_axis',(-1.,0.,4.93038065763132E-32));
#2715=DIRECTION('',(-0.28108463771483,0.678598344545845,0.678598344545845));
#2716=DIRECTION('',(1.,4.93038065763132E-32,0.));
#2717=DIRECTION('center_axis',(-0.499999999999995,0.499999999999995,-0.707106781186554));
#2718=DIRECTION('ref_axis',(-0.816496580927731,0.,0.577350269189618));
#2719=DIRECTION('',(0.707106781186548,0.707106781186548,6.04777616327133E-48));
#2720=DIRECTION('',(-0.678598344545844,0.281084637714837,0.678598344545844));
#2721=DIRECTION('center_axis',(-0.707106781186548,-3.4863055968421E-32,
-0.707106781186548));
#2722=DIRECTION('ref_axis',(-0.707106781186548,0.,0.707106781186548));
#2723=DIRECTION('',(-4.93038065763132E-32,1.,8.55284707229503E-48));
#2724=DIRECTION('',(-0.678598344545845,-0.28108463771483,0.678598344545845));
#2725=DIRECTION('center_axis',(-0.499999999999995,-0.499999999999995,-0.707106781186554));
#2726=DIRECTION('ref_axis',(-0.816496580927731,0.,0.577350269189618));
#2727=DIRECTION('',(-0.707106781186548,0.707106781186548,6.04777616327133E-48));
#2728=DIRECTION('center_axis',(-0.707106781186548,0.707106781186548,0.));
#2729=DIRECTION('ref_axis',(0.,0.,1.));
#2730=DIRECTION('',(0.,0.,1.));
#2731=DIRECTION('',(0.,0.,-1.));
#2732=DIRECTION('center_axis',(-1.,-4.93038065763132E-32,0.));
#2733=DIRECTION('ref_axis',(-4.93038065763132E-32,1.,8.55284707229503E-48));
#2734=DIRECTION('',(0.,0.,-1.));
#2735=DIRECTION('',(0.,0.,1.));
#2736=DIRECTION('',(0.,0.,-1.));
#2737=DIRECTION('',(-4.93038065763132E-32,1.,0.));
#2738=DIRECTION('',(0.,0.,1.));
#2739=DIRECTION('',(0.,0.,1.));
#2740=DIRECTION('center_axis',(-0.707106781186548,-0.707106781186548,0.));
#2741=DIRECTION('ref_axis',(0.,0.,1.));
#2742=DIRECTION('',(0.,0.,1.));
#2743=DIRECTION('center_axis',(4.93038065763132E-32,-1.,0.));
#2744=DIRECTION('ref_axis',(-1.,-4.93038065763132E-32,0.));
#2745=DIRECTION('',(0.,0.,-1.));
#2746=DIRECTION('',(0.,0.,1.));
#2747=DIRECTION('',(0.,0.,-1.));
#2748=DIRECTION('',(-1.,-4.93038065763132E-32,0.));
#2749=DIRECTION('',(0.,0.,1.));
#2750=DIRECTION('',(0.,0.,1.));
#2751=DIRECTION('center_axis',(0.707106781186548,-0.707106781186548,0.));
#2752=DIRECTION('ref_axis',(0.,0.,-1.));
#2753=DIRECTION('center_axis',(0.707106781186548,0.707106781186548,0.));
#2754=DIRECTION('ref_axis',(0.,0.,-1.));
#2755=DIRECTION('',(0.,0.,1.));
#2756=DIRECTION('center_axis',(-4.93038065763132E-32,1.,0.));
#2757=DIRECTION('ref_axis',(1.,4.93038065763132E-32,0.));
#2758=DIRECTION('',(0.,0.,1.));
#2759=DIRECTION('',(0.,0.,-1.));
#2760=DIRECTION('',(1.,4.93038065763132E-32,0.));
#2761=DIRECTION('',(0.,0.,1.));
#2762=DIRECTION('',(0.,0.,1.));
#2763=DIRECTION('center_axis',(1.,0.,0.));
#2764=DIRECTION('ref_axis',(0.,-1.,0.));
#2765=DIRECTION('',(0.,0.,-1.));
#2766=DIRECTION('',(0.,-1.,0.));
#2767=DIRECTION('',(0.,0.,1.));
#2768=DIRECTION('center_axis',(-1.,0.,0.));
#2769=DIRECTION('ref_axis',(0.,1.,0.));
#2770=DIRECTION('',(0.,0.,-1.));
#2771=DIRECTION('',(0.,1.,0.));
#2772=DIRECTION('',(0.,0.,1.));
#2773=DIRECTION('center_axis',(0.,0.,1.));
#2774=DIRECTION('ref_axis',(1.,0.,0.));
#2775=DIRECTION('',(-1.,-4.93038065763132E-32,0.));
#2776=DIRECTION('center_axis',(0.,0.,1.));
#2777=DIRECTION('ref_axis',(-1.,0.,0.));
#2778=DIRECTION('center_axis',(0.,0.,1.));
#2779=DIRECTION('ref_axis',(-1.,0.,0.));
#2780=DIRECTION('',(0.,0.,1.));
#2781=DIRECTION('center_axis',(0.,0.,-1.));
#2782=DIRECTION('ref_axis',(-1.,0.,0.));
#2783=DIRECTION('',(0.,0.,-1.));
#2784=DIRECTION('',(0.,0.,1.));
#2785=DIRECTION('center_axis',(0.,0.,-1.));
#2786=DIRECTION('ref_axis',(-1.,0.,0.));
#2787=DIRECTION('',(0.,0.,-1.));
#2788=DIRECTION('',(0.,0.,1.));
#2789=DIRECTION('center_axis',(0.,0.,-1.));
#2790=DIRECTION('ref_axis',(-1.,0.,0.));
#2791=DIRECTION('center_axis',(4.93038065763132E-32,-1.,0.));
#2792=DIRECTION('ref_axis',(-1.,-4.93038065763132E-32,0.));
#2793=DIRECTION('',(0.,0.,-1.));
#2794=DIRECTION('',(0.,0.,-1.));
#2795=DIRECTION('',(-1.,-4.93038065763132E-32,0.));
#2796=DIRECTION('center_axis',(-4.93038065763132E-32,1.,0.));
#2797=DIRECTION('ref_axis',(1.,4.93038065763132E-32,0.));
#2798=DIRECTION('',(1.,4.93038065763132E-32,0.));
#2799=DIRECTION('',(0.,0.,-1.));
#2800=DIRECTION('center_axis',(-4.93038065763132E-32,1.,0.));
#2801=DIRECTION('ref_axis',(1.,4.93038065763132E-32,0.));
#2802=DIRECTION('',(0.,0.,-1.));
#2803=DIRECTION('',(1.,4.93038065763132E-32,0.));
#2804=DIRECTION('center_axis',(0.,0.,-1.));
#2805=DIRECTION('ref_axis',(-1.,0.,0.));
#2806=DIRECTION('',(4.93038065763132E-32,-1.,0.));
#2807=DIRECTION('center_axis',(0.,0.,-1.));
#2808=DIRECTION('ref_axis',(-1.,0.,0.));
#2809=DIRECTION('',(-4.93038065763132E-32,1.,8.55284707229503E-48));
#2810=DIRECTION('',(-1.,-4.93038065763132E-32,0.));
#2811=DIRECTION('center_axis',(-1.,-4.93038065763132E-32,0.));
#2812=DIRECTION('ref_axis',(-4.93038065763132E-32,1.,8.55284707229503E-48));
#2813=DIRECTION('',(0.,0.,-1.));
#2814=DIRECTION('center_axis',(-1.,-4.93038065763132E-32,0.));
#2815=DIRECTION('ref_axis',(-4.93038065763132E-32,1.,8.55284707229503E-48));
#2816=DIRECTION('center_axis',(-1.,-4.93038065763132E-32,0.));
#2817=DIRECTION('ref_axis',(-4.93038065763132E-32,1.,8.55284707229503E-48));
#2818=DIRECTION('',(-4.93038065763132E-32,1.,8.55284707229503E-48));
#2819=DIRECTION('',(0.,0.,-1.));
#2820=DIRECTION('center_axis',(1.,4.93038065763132E-32,0.));
#2821=DIRECTION('ref_axis',(4.93038065763132E-32,-1.,-8.55284707229503E-48));
#2822=DIRECTION('',(0.,0.,-1.));
#2823=DIRECTION('',(4.93038065763132E-32,-1.,-8.55284707229503E-48));
#2824=DIRECTION('center_axis',(-4.93038065763132E-32,1.,0.));
#2825=DIRECTION('ref_axis',(1.,4.93038065763132E-32,0.));
#2826=DIRECTION('',(0.,0.,-1.));
#2827=DIRECTION('',(1.,4.93038065763132E-32,0.));
#2828=DIRECTION('center_axis',(1.,4.93038065763132E-32,0.));
#2829=DIRECTION('ref_axis',(4.93038065763132E-32,-1.,-8.55284707229503E-48));
#2830=DIRECTION('',(0.,0.,-1.));
#2831=DIRECTION('',(4.93038065763132E-32,-1.,-8.55284707229503E-48));
#2832=DIRECTION('center_axis',(-4.93038065763132E-32,1.,0.));
#2833=DIRECTION('ref_axis',(1.,4.93038065763132E-32,0.));
#2834=DIRECTION('',(0.,0.,-1.));
#2835=DIRECTION('',(1.,4.93038065763132E-32,0.));
#2836=DIRECTION('center_axis',(-1.,-4.93038065763132E-32,0.));
#2837=DIRECTION('ref_axis',(-4.93038065763132E-32,1.,8.55284707229503E-48));
#2838=DIRECTION('',(0.,0.,-1.));
#2839=DIRECTION('',(-4.93038065763132E-32,1.,8.55284707229503E-48));
#2840=DIRECTION('center_axis',(-4.93038065763132E-32,1.,0.));
#2841=DIRECTION('ref_axis',(1.,4.93038065763132E-32,0.));
#2842=DIRECTION('',(1.,4.93038065763132E-32,0.));
#2843=DIRECTION('center_axis',(0.,0.,-1.));
#2844=DIRECTION('ref_axis',(-1.,0.,0.));
#2845=DIRECTION('center_axis',(-4.93038065763132E-32,1.,0.));
#2846=DIRECTION('ref_axis',(1.,4.93038065763132E-32,0.));
#2847=DIRECTION('',(1.,4.93038065763132E-32,0.));
#2848=DIRECTION('',(0.,0.,-1.));
#2849=DIRECTION('center_axis',(4.93038065763132E-32,-1.,0.));
#2850=DIRECTION('ref_axis',(-1.,-4.93038065763132E-32,0.));
#2851=DIRECTION('',(0.,0.,-1.));
#2852=DIRECTION('',(-1.,-4.93038065763132E-32,0.));
#2853=DIRECTION('center_axis',(1.,4.93038065763132E-32,0.));
#2854=DIRECTION('ref_axis',(4.93038065763132E-32,-1.,-8.55284707229503E-48));
#2855=DIRECTION('',(0.,0.,-1.));
#2856=DIRECTION('',(4.93038065763132E-32,-1.,-8.55284707229503E-48));
#2857=DIRECTION('center_axis',(4.93038065763132E-32,-1.,0.));
#2858=DIRECTION('ref_axis',(-1.,-4.93038065763132E-32,0.));
#2859=DIRECTION('',(0.,0.,-1.));
#2860=DIRECTION('',(-1.,-4.93038065763132E-32,0.));
#2861=DIRECTION('center_axis',(1.,4.93038065763132E-32,0.));
#2862=DIRECTION('ref_axis',(4.93038065763132E-32,-1.,-8.55284707229503E-48));
#2863=DIRECTION('',(0.,0.,-1.));
#2864=DIRECTION('',(4.93038065763132E-32,-1.,-8.55284707229503E-48));
#2865=DIRECTION('center_axis',(-4.93038065763132E-32,1.,0.));
#2866=DIRECTION('ref_axis',(1.,4.93038065763132E-32,0.));
#2867=DIRECTION('',(0.,0.,-1.));
#2868=DIRECTION('',(1.,4.93038065763132E-32,0.));
#2869=DIRECTION('center_axis',(1.,4.93038065763132E-32,0.));
#2870=DIRECTION('ref_axis',(4.93038065763132E-32,-1.,-8.55284707229503E-48));
#2871=DIRECTION('',(4.93038065763132E-32,-1.,-8.55284707229503E-48));
#2872=DIRECTION('center_axis',(0.,0.,-1.));
#2873=DIRECTION('ref_axis',(-1.,0.,0.));
#2874=DIRECTION('center_axis',(1.,4.93038065763132E-32,0.));
#2875=DIRECTION('ref_axis',(4.93038065763132E-32,-1.,-8.55284707229503E-48));
#2876=DIRECTION('',(4.93038065763132E-32,-1.,-8.55284707229503E-48));
#2877=DIRECTION('',(0.,0.,-1.));
#2878=DIRECTION('center_axis',(-1.,-4.93038065763132E-32,0.));
#2879=DIRECTION('ref_axis',(-4.93038065763132E-32,1.,8.55284707229503E-48));
#2880=DIRECTION('',(0.,0.,-1.));
#2881=DIRECTION('',(-4.93038065763132E-32,1.,8.55284707229503E-48));
#2882=DIRECTION('center_axis',(4.93038065763132E-32,-1.,0.));
#2883=DIRECTION('ref_axis',(-1.,-4.93038065763132E-32,0.));
#2884=DIRECTION('',(0.,0.,-1.));
#2885=DIRECTION('',(-1.,-4.93038065763132E-32,0.));
#2886=DIRECTION('center_axis',(-1.,-4.93038065763132E-32,0.));
#2887=DIRECTION('ref_axis',(-4.93038065763132E-32,1.,8.55284707229503E-48));
#2888=DIRECTION('',(0.,0.,-1.));
#2889=DIRECTION('',(-4.93038065763132E-32,1.,8.55284707229503E-48));
#2890=DIRECTION('center_axis',(4.93038065763132E-32,-1.,0.));
#2891=DIRECTION('ref_axis',(-1.,-4.93038065763132E-32,0.));
#2892=DIRECTION('',(0.,0.,-1.));
#2893=DIRECTION('',(-1.,-4.93038065763132E-32,0.));
#2894=DIRECTION('center_axis',(1.,4.93038065763132E-32,0.));
#2895=DIRECTION('ref_axis',(4.93038065763132E-32,-1.,-8.55284707229503E-48));
#2896=DIRECTION('',(0.,0.,-1.));
#2897=DIRECTION('',(4.93038065763132E-32,-1.,-8.55284707229503E-48));
#2898=DIRECTION('center_axis',(4.93038065763132E-32,-1.,0.));
#2899=DIRECTION('ref_axis',(-1.,-4.93038065763132E-32,0.));
#2900=DIRECTION('',(-1.,-4.93038065763132E-32,0.));
#2901=DIRECTION('center_axis',(0.,0.,-1.));
#2902=DIRECTION('ref_axis',(-1.,0.,0.));
#2903=DIRECTION('center_axis',(-4.93038065763132E-32,1.,0.));
#2904=DIRECTION('ref_axis',(1.,4.93038065763132E-32,0.));
#2905=DIRECTION('center_axis',(4.93038065763132E-32,-1.,0.));
#2906=DIRECTION('ref_axis',(-1.,-4.93038065763132E-32,0.));
#2907=DIRECTION('center_axis',(-1.,-4.93038065763132E-32,0.));
#2908=DIRECTION('ref_axis',(-4.93038065763132E-32,1.,8.55284707229503E-48));
#2909=DIRECTION('center_axis',(1.,4.93038065763132E-32,0.));
#2910=DIRECTION('ref_axis',(-4.93038065763132E-32,1.,8.55284707229503E-48));
#2911=DIRECTION('',(0.,0.,1.));
#2912=DIRECTION('center_axis',(4.93038065763132E-32,-1.,0.));
#2913=DIRECTION('ref_axis',(1.,4.93038065763132E-32,0.));
#2914=DIRECTION('center_axis',(1.,4.93038065763132E-32,0.));
#2915=DIRECTION('ref_axis',(-4.93038065763132E-32,1.,8.55284707229503E-48));
#2916=DIRECTION('',(0.,0.,1.));
#2917=DIRECTION('center_axis',(-4.93038065763132E-32,1.,0.));
#2918=DIRECTION('ref_axis',(-1.,-4.93038065763132E-32,0.));
#2919=DIRECTION('center_axis',(-1.,-4.93038065763132E-32,0.));
#2920=DIRECTION('ref_axis',(4.93038065763132E-32,-1.,-8.55284707229503E-48));
#2921=DIRECTION('',(0.,0.,1.));
#2922=DIRECTION('center_axis',(4.93038065763132E-32,-1.,0.));
#2923=DIRECTION('ref_axis',(1.,4.93038065763132E-32,0.));
#2924=DIRECTION('center_axis',(-1.,-4.93038065763132E-32,0.));
#2925=DIRECTION('ref_axis',(4.93038065763132E-32,-1.,-8.55284707229503E-48));
#2926=DIRECTION('',(0.,0.,1.));
#2927=DIRECTION('center_axis',(-4.93038065763132E-32,1.,0.));
#2928=DIRECTION('ref_axis',(-1.,-4.93038065763132E-32,0.));
#2929=CARTESIAN_POINT('',(0.,0.,0.));
#2930=CARTESIAN_POINT('Origin',(14.4956890143242,-14.4956890143242,-4.6));
#2931=CARTESIAN_POINT('',(15.8956890143242,-14.4956890143242,8.4));
#2932=CARTESIAN_POINT('Origin',(14.4956890143242,-14.4956890143242,8.4));
#2933=CARTESIAN_POINT('',(15.8956890143242,-14.4956890143242,-4.6));
#2934=CARTESIAN_POINT('',(15.8956890143242,-14.4956890143242,-4.6));
#2935=CARTESIAN_POINT('Origin',(14.4956890143242,-14.4956890143242,-4.6));
#2936=CARTESIAN_POINT('Origin',(14.4956890143242,14.4956890143242,-4.6));
#2937=CARTESIAN_POINT('',(15.8956890143242,14.4956890143242,8.4));
#2938=CARTESIAN_POINT('Origin',(14.4956890143242,14.4956890143242,8.4));
#2939=CARTESIAN_POINT('',(15.8956890143242,14.4956890143242,-4.6));
#2940=CARTESIAN_POINT('',(15.8956890143242,14.4956890143242,-4.6));
#2941=CARTESIAN_POINT('Origin',(14.4956890143242,14.4956890143242,-4.6));
#2942=CARTESIAN_POINT('Origin',(-14.4956890143242,-14.4956890143242,-4.6));
#2943=CARTESIAN_POINT('',(-13.0956890143242,-14.4956890143242,8.4));
#2944=CARTESIAN_POINT('Origin',(-14.4956890143242,-14.4956890143242,8.4));
#2945=CARTESIAN_POINT('',(-13.0956890143242,-14.4956890143242,-4.6));
#2946=CARTESIAN_POINT('',(-13.0956890143242,-14.4956890143242,-4.6));
#2947=CARTESIAN_POINT('Origin',(-14.4956890143242,-14.4956890143242,-4.6));
#2948=CARTESIAN_POINT('Origin',(-14.4956890143242,14.4956890143242,-4.6));
#2949=CARTESIAN_POINT('',(-13.0956890143242,14.4956890143242,8.4));
#2950=CARTESIAN_POINT('Origin',(-14.4956890143242,14.4956890143242,8.4));
#2951=CARTESIAN_POINT('',(-13.0956890143242,14.4956890143242,-4.6));
#2952=CARTESIAN_POINT('',(-13.0956890143242,14.4956890143242,-4.6));
#2953=CARTESIAN_POINT('Origin',(-14.4956890143242,14.4956890143242,-4.6));
#2954=CARTESIAN_POINT('Origin',(11.9000001788139,2.5000000372529,-4.5));
#2955=CARTESIAN_POINT('',(11.8000001788139,-5.20000007450581,-4.6));
#2956=CARTESIAN_POINT('',(11.8000001788139,5.20000007450581,-4.6));
#2957=CARTESIAN_POINT('',(11.8000001788139,2.5000000372529,-4.6));
#2958=CARTESIAN_POINT('',(12.0000001788139,5.00000007450581,-4.4));
#2959=CARTESIAN_POINT('',(11.8000001788139,5.20000007450581,-4.6));
#2960=CARTESIAN_POINT('',(12.0000001788139,-5.00000007450581,-4.4));
#2961=CARTESIAN_POINT('',(12.0000001788139,2.5000000372529,-4.4));
#2962=CARTESIAN_POINT('',(12.0000001788139,-5.00000007450581,-4.4));
#2963=CARTESIAN_POINT('Origin',(9.00000013411045,5.10000007450581,-4.5));
#2964=CARTESIAN_POINT('',(16.9171572875254,5.20000007450581,-4.6));
#2965=CARTESIAN_POINT('',(9.00000013411045,5.20000007450581,-4.6));
#2966=CARTESIAN_POINT('',(17.,5.00000007450581,-4.4));
#2967=CARTESIAN_POINT('',(16.9461048006144,5.13011459580925,-4.53011452130344));
#2968=CARTESIAN_POINT('',(9.00000013411045,5.00000007450581,-4.4));
#2969=CARTESIAN_POINT('Origin',(6.00000008940697,-5.10000007450581,-4.5));
#2970=CARTESIAN_POINT('',(17.,-5.00000007450581,-4.4));
#2971=CARTESIAN_POINT('',(6.00000008940697,-5.00000007450581,-4.4));
#2972=CARTESIAN_POINT('',(16.9171572875254,-5.20000007450581,-4.6));
#2973=CARTESIAN_POINT('',(16.8275919385095,-5.41622995481867,-4.81622988031286));
#2974=CARTESIAN_POINT('',(6.00000008940697,-5.20000007450581,-4.6));
#2975=CARTESIAN_POINT('Origin',(-3.46944695195361E-17,0.,-4.6));
#2976=CARTESIAN_POINT('',(17.3,-5.58284278698043,-4.6));
#2977=CARTESIAN_POINT('',(11.4835786251362,0.233578587883334,-4.6));
#2978=CARTESIAN_POINT('',(17.3,-15.4171572875254,-4.6));
#2979=CARTESIAN_POINT('',(17.3,8.75,-4.6));
#2980=CARTESIAN_POINT('',(15.4171572875254,-17.3,-4.6));
#2981=CARTESIAN_POINT('',(16.3585786437627,-16.3585786437627,-4.6));
#2982=CARTESIAN_POINT('',(-15.4171572875254,-17.3,-4.6));
#2983=CARTESIAN_POINT('',(8.75,-17.3,-4.6));
#2984=CARTESIAN_POINT('',(-17.3,-15.4171572875254,-4.6));
#2985=CARTESIAN_POINT('',(-16.3585786437627,-16.3585786437627,-4.6));
#2986=CARTESIAN_POINT('',(-17.3,15.4171572875254,-4.6));
#2987=CARTESIAN_POINT('',(-17.3,-8.75,-4.6));
#2988=CARTESIAN_POINT('',(-15.4171572875254,17.3,-4.6));
#2989=CARTESIAN_POINT('',(-16.3585786437627,16.3585786437627,-4.6));
#2990=CARTESIAN_POINT('',(15.4171572875254,17.3,-4.6));
#2991=CARTESIAN_POINT('',(-8.75,17.3,-4.6));
#2992=CARTESIAN_POINT('',(17.3,15.4171572875254,-4.6));
#2993=CARTESIAN_POINT('',(16.3585786437627,16.3585786437627,-4.6));
#2994=CARTESIAN_POINT('',(17.3,5.58284278698043,-4.6));
#2995=CARTESIAN_POINT('',(17.3,8.75,-4.6));
#2996=CARTESIAN_POINT('',(11.4835786251362,-0.233578587883338,-4.6));
#2997=CARTESIAN_POINT('',(7.9675144212722,6.7175144212722,-4.6));
#2998=CARTESIAN_POINT('Origin',(6.7175144212722,6.7175144212722,-4.6));
#2999=CARTESIAN_POINT('',(-5.4675144212722,6.7175144212722,-4.6));
#3000=CARTESIAN_POINT('Origin',(-6.7175144212722,6.7175144212722,-4.6));
#3001=CARTESIAN_POINT('',(7.9675144212722,-6.7175144212722,-4.6));
#3002=CARTESIAN_POINT('Origin',(6.7175144212722,-6.7175144212722,-4.6));
#3003=CARTESIAN_POINT('',(-5.4675144212722,-6.7175144212722,-4.6));
#3004=CARTESIAN_POINT('Origin',(-6.7175144212722,-6.7175144212722,-4.6));
#3005=CARTESIAN_POINT('',(4.5,-5.51091059616309E-16,-4.6));
#3006=CARTESIAN_POINT('Origin',(0.,0.,-4.6));
#3007=CARTESIAN_POINT('',(9.99999977648258,-8.99999979883432,-4.6));
#3008=CARTESIAN_POINT('Origin',(8.99999979883432,-8.99999979883432,-4.6));
#3009=CARTESIAN_POINT('',(-8.00000013411045,9.00000013411045,-4.6));
#3010=CARTESIAN_POINT('Origin',(-9.00000013411045,9.00000013411045,-4.6));
#3011=CARTESIAN_POINT('',(-8.00000013411045,-9.00000013411045,-4.6));
#3012=CARTESIAN_POINT('Origin',(-9.00000013411045,-9.00000013411045,-4.6));
#3013=CARTESIAN_POINT('',(10.0000001341105,9.00000013411045,-4.6));
#3014=CARTESIAN_POINT('Origin',(9.00000013411045,9.00000013411045,-4.6));
#3015=CARTESIAN_POINT('Origin',(11.5542893032549,0.304289266001989,-4.5));
#3016=CARTESIAN_POINT('',(17.5,-5.50000007450581,-4.4));
#3017=CARTESIAN_POINT('',(11.6249999813735,0.374999944120645,-4.4));
#3018=CARTESIAN_POINT('',(17.9745518757846,-5.30343425150623,-3.92544812421543));
#3019=CARTESIAN_POINT('Origin',(17.4,8.75,-4.5));
#3020=CARTESIAN_POINT('',(17.5,-15.5,-4.4));
#3021=CARTESIAN_POINT('',(17.5,8.75,-4.4));
#3022=CARTESIAN_POINT('',(17.3,-15.4171572875254,-4.6));
#3023=CARTESIAN_POINT('Origin',(17.25,-5.25000007450581,-0.599999999999998));
#3024=CARTESIAN_POINT('',(17.,-5.00000007450581,-2.6));
#3025=CARTESIAN_POINT('',(17.,-5.00000007450581,-0.599999999999998));
#3026=CARTESIAN_POINT('',(17.5000002607703,-5.50000008195639,-2.6));
#3027=CARTESIAN_POINT('',(14.7499999930151,-2.75000006752089,-2.6));
#3028=CARTESIAN_POINT('',(17.5,-5.50000007450581,-0.599999999999998));
#3029=CARTESIAN_POINT('Origin',(11.5542893032549,-0.304289266001992,-4.5));
#3030=CARTESIAN_POINT('',(17.5,5.50000007450581,-4.4));
#3031=CARTESIAN_POINT('',(16.3055456397672,5.9947592701499,-5.59445436023283));
#3032=CARTESIAN_POINT('',(11.6249999813736,-0.374999944120647,-4.4));
#3033=CARTESIAN_POINT('Origin',(18.0000002682209,5.00000007450581,-4.6));
#3034=CARTESIAN_POINT('',(17.,5.00000007450581,-2.6));
#3035=CARTESIAN_POINT('',(17.,5.00000007450581,-0.599999999999998));
#3036=CARTESIAN_POINT('',(12.0000001788139,5.00000007450581,-2.6));
#3037=CARTESIAN_POINT('',(15.2500001573935,5.00000007450581,-2.6));
#3038=CARTESIAN_POINT('',(12.0000001788139,5.00000007450581,-4.6));
#3039=CARTESIAN_POINT('Origin',(17.25,5.25000007450581,-0.599999999999998));
#3040=CARTESIAN_POINT('',(17.5,5.50000008195639,-2.6));
#3041=CARTESIAN_POINT('',(17.5,5.50000007450581,-0.599999999999998));
#3042=CARTESIAN_POINT('',(14.7499999930151,2.75000006752089,-2.6));
#3043=CARTESIAN_POINT('Origin',(17.5,17.5,3.4));
#3044=CARTESIAN_POINT('',(17.5000002607703,-5.50000008195639,3.4));
#3045=CARTESIAN_POINT('',(17.5,-5.50000008195639,3.4));
#3046=CARTESIAN_POINT('',(17.5,-11.5000001713634,3.4));
#3047=CARTESIAN_POINT('',(17.5,11.5000001713634,3.4));
#3048=CARTESIAN_POINT('',(17.5,-11.5000001713634,8.4));
#3049=CARTESIAN_POINT('',(17.5,-11.5000001713634,3.4));
#3050=CARTESIAN_POINT('',(17.5,-15.5,8.4));
#3051=CARTESIAN_POINT('',(17.5,-11.5000001713634,8.4));
#3052=CARTESIAN_POINT('',(17.5,-15.5,3.4));
#3053=CARTESIAN_POINT('Origin',(12.5000000465661,1.11022302462516E-15,-2.6));
#3054=CARTESIAN_POINT('',(12.0000001788139,-5.00000007450581,-2.6));
#3055=CARTESIAN_POINT('',(12.25000011269,-5.00000007450581,-2.6));
#3056=CARTESIAN_POINT('',(12.0000001788139,2.5000000372529,-2.6));
#3057=CARTESIAN_POINT('',(8.90101134903747,5.50000008195639,-2.6));
#3058=CARTESIAN_POINT('',(8.50000012665987,5.50000008195639,-2.6));
#3059=CARTESIAN_POINT('',(8.50000012665987,4.96458980506972,-2.6));
#3060=CARTESIAN_POINT('Origin',(6.7175144212722,6.7175144212722,-2.6));
#3061=CARTESIAN_POINT('',(8.50000012665987,3.00000004470348,-2.6));
#3062=CARTESIAN_POINT('',(8.50000012665987,3.00000004470348,-2.6));
#3063=CARTESIAN_POINT('',(7.49999983236194,3.00000004470348,-2.6));
#3064=CARTESIAN_POINT('',(7.49999983236194,3.00000004470348,-2.6));
#3065=CARTESIAN_POINT('',(7.49999983236194,-3.00000004470348,-2.6));
#3066=CARTESIAN_POINT('',(7.49999983236194,-3.00000004470348,-2.6));
#3067=CARTESIAN_POINT('',(8.50000012665987,-3.00000004470348,-2.6));
#3068=CARTESIAN_POINT('',(8.50000012665987,-3.00000004470348,-2.6));
#3069=CARTESIAN_POINT('',(8.50000012665987,-4.96458980506972,-2.6));
#3070=CARTESIAN_POINT('',(8.50000012665987,-5.50000008195639,-2.6));
#3071=CARTESIAN_POINT('',(8.90101134903747,-5.50000008195639,-2.6));
#3072=CARTESIAN_POINT('Origin',(6.7175144212722,-6.7175144212722,-2.6));
#3073=CARTESIAN_POINT('',(17.5000002607703,-5.50000008195639,-2.6));
#3074=CARTESIAN_POINT('Origin',(17.5,17.5,3.4));
#3075=CARTESIAN_POINT('',(17.5,15.5,-4.4));
#3076=CARTESIAN_POINT('',(17.5,8.75,-4.4));
#3077=CARTESIAN_POINT('',(17.5,15.5,8.4));
#3078=CARTESIAN_POINT('',(17.5,15.5,3.4));
#3079=CARTESIAN_POINT('',(17.5,11.5000001713634,8.4));
#3080=CARTESIAN_POINT('',(17.5,11.5000001713634,8.4));
#3081=CARTESIAN_POINT('',(17.5,11.5000001713634,3.4));
#3082=CARTESIAN_POINT('',(17.5,11.5000001713634,3.4));
#3083=CARTESIAN_POINT('',(17.5,5.50000008195639,3.4));
#3084=CARTESIAN_POINT('',(17.5,11.5000001713634,3.4));
#3085=CARTESIAN_POINT('',(17.5,5.50000008195639,3.4));
#3086=CARTESIAN_POINT('Origin',(12.0000001788139,5.00000007450581,-4.6));
#3087=CARTESIAN_POINT('',(12.0000001788139,-5.00000007450581,-4.6));
#3088=CARTESIAN_POINT('Origin',(12.0000001788139,-5.00000007450581,-4.6));
#3089=CARTESIAN_POINT('Origin',(17.4,8.75,-4.5));
#3090=CARTESIAN_POINT('',(17.3,15.4171572875254,-4.6));
#3091=CARTESIAN_POINT('Origin',(6.7175144212722,6.7175144212722,-4.6));
#3092=CARTESIAN_POINT('',(8.50000012665987,4.96458980506972,0.900000000000002));
#3093=CARTESIAN_POINT('',(8.50000012665987,4.96458980506972,-4.6));
#3094=CARTESIAN_POINT('',(8.90101134903747,5.50000008195639,0.900000000000002));
#3095=CARTESIAN_POINT('',(8.90101134903747,5.50000008195639,-4.6));
#3096=CARTESIAN_POINT('Origin',(6.7175144212722,6.7175144212722,0.900000000000002));
#3097=CARTESIAN_POINT('Origin',(6.7175144212722,6.7175144212722,-4.6));
#3098=CARTESIAN_POINT('',(7.9675144212722,6.7175144212722,0.900000000000002));
#3099=CARTESIAN_POINT('Origin',(6.7175144212722,6.7175144212722,0.900000000000002));
#3100=CARTESIAN_POINT('',(7.9675144212722,6.7175144212722,-4.6));
#3101=CARTESIAN_POINT('Origin',(6.7175144212722,6.7175144212722,0.900000000000002));
#3102=CARTESIAN_POINT('',(8.01022703252341,8.85734948611063,0.900000000000002));
#3103=CARTESIAN_POINT('Origin',(6.7175144212722,6.7175144212722,0.900000000000002));
#3104=CARTESIAN_POINT('',(8.85734948611063,8.01022703252341,0.900000000000002));
#3105=CARTESIAN_POINT('Origin',(6.7175144212722,6.7175144212722,0.900000000000002));
#3106=CARTESIAN_POINT('Origin',(9.00000013411045,9.00000013411045,0.900000000000002));
#3107=CARTESIAN_POINT('Origin',(6.7175144212722,6.7175144212722,-4.6));
#3108=CARTESIAN_POINT('',(8.90101134903747,5.50000008195639,3.4));
#3109=CARTESIAN_POINT('',(8.90101134903747,5.50000008195639,-4.6));
#3110=CARTESIAN_POINT('',(8.85734948611063,8.01022703252341,3.4));
#3111=CARTESIAN_POINT('Origin',(6.7175144212722,6.7175144212722,3.4));
#3112=CARTESIAN_POINT('',(8.85734948611063,8.01022703252341,-4.6));
#3113=CARTESIAN_POINT('Origin',(-6.7175144212722,6.7175144212722,-4.6));
#3114=CARTESIAN_POINT('',(-5.4675144212722,6.7175144212722,0.900000000000002));
#3115=CARTESIAN_POINT('Origin',(-6.7175144212722,6.7175144212722,0.900000000000002));
#3116=CARTESIAN_POINT('',(-5.4675144212722,6.7175144212722,-4.6));
#3117=CARTESIAN_POINT('Origin',(-6.7175144212722,6.7175144212722,0.900000000000002));
#3118=CARTESIAN_POINT('',(-8.01022703252341,8.85734948611063,0.900000000000002));
#3119=CARTESIAN_POINT('',(-8.85734948611063,8.01022703252341,0.900000000000002));
#3120=CARTESIAN_POINT('Origin',(-6.7175144212722,6.7175144212722,0.900000000000002));
#3121=CARTESIAN_POINT('Origin',(-9.00000013411045,9.00000013411045,0.900000000000002));
#3122=CARTESIAN_POINT('Origin',(-6.7175144212722,6.7175144212722,-4.6));
#3123=CARTESIAN_POINT('',(-8.85734948611063,8.01022703252341,3.4));
#3124=CARTESIAN_POINT('',(-8.85734948611063,8.01022703252341,-4.6));
#3125=CARTESIAN_POINT('',(-8.01022703252341,8.85734948611063,3.4));
#3126=CARTESIAN_POINT('Origin',(-6.7175144212722,6.7175144212722,3.4));
#3127=CARTESIAN_POINT('',(-8.01022703252341,8.85734948611063,-4.6));
#3128=CARTESIAN_POINT('Origin',(6.7175144212722,-6.7175144212722,-4.6));
#3129=CARTESIAN_POINT('',(8.90101134903747,-5.50000008195639,0.900000000000002));
#3130=CARTESIAN_POINT('',(8.90101134903747,-5.50000008195639,-4.6));
#3131=CARTESIAN_POINT('',(8.50000012665987,-4.96458980506972,0.900000000000002));
#3132=CARTESIAN_POINT('',(8.50000012665987,-4.96458980506972,-4.6));
#3133=CARTESIAN_POINT('Origin',(6.7175144212722,-6.7175144212722,0.900000000000002));
#3134=CARTESIAN_POINT('Origin',(6.7175144212722,-6.7175144212722,-4.6));
#3135=CARTESIAN_POINT('',(7.9675144212722,-6.7175144212722,0.900000000000002));
#3136=CARTESIAN_POINT('Origin',(6.7175144212722,-6.7175144212722,0.900000000000002));
#3137=CARTESIAN_POINT('',(7.9675144212722,-6.7175144212722,-4.6));
#3138=CARTESIAN_POINT('Origin',(6.7175144212722,-6.7175144212722,0.900000000000002));
#3139=CARTESIAN_POINT('',(8.8573497250063,-8.01022663707787,0.900000000000002));
#3140=CARTESIAN_POINT('Origin',(6.7175144212722,-6.7175144212722,0.900000000000002));
#3141=CARTESIAN_POINT('',(8.01022663707787,-8.8573497250063,0.900000000000002));
#3142=CARTESIAN_POINT('Origin',(6.7175144212722,-6.7175144212722,0.900000000000002));
#3143=CARTESIAN_POINT('Origin',(8.99999979883432,-8.99999979883432,0.900000000000002));
#3144=CARTESIAN_POINT('Origin',(6.7175144212722,-6.7175144212722,-4.6));
#3145=CARTESIAN_POINT('',(8.50000012665987,-4.96458980506972,3.4));
#3146=CARTESIAN_POINT('',(8.50000012665987,-4.96458980506972,-4.6));
#3147=CARTESIAN_POINT('',(8.01022663707787,-8.8573497250063,3.4));
#3148=CARTESIAN_POINT('Origin',(6.7175144212722,-6.7175144212722,3.4));
#3149=CARTESIAN_POINT('',(8.01022663707787,-8.8573497250063,-4.6));
#3150=CARTESIAN_POINT('Origin',(-6.7175144212722,-6.7175144212722,-4.6));
#3151=CARTESIAN_POINT('',(-5.4675144212722,-6.7175144212722,0.900000000000002));
#3152=CARTESIAN_POINT('Origin',(-6.7175144212722,-6.7175144212722,0.900000000000002));
#3153=CARTESIAN_POINT('',(-5.4675144212722,-6.7175144212722,-4.6));
#3154=CARTESIAN_POINT('Origin',(-6.7175144212722,-6.7175144212722,0.900000000000002));
#3155=CARTESIAN_POINT('',(-8.85734948611063,-8.01022703252341,0.900000000000002));
#3156=CARTESIAN_POINT('',(-8.01022703252341,-8.85734948611063,0.900000000000002));
#3157=CARTESIAN_POINT('Origin',(-6.7175144212722,-6.7175144212722,0.900000000000002));
#3158=CARTESIAN_POINT('Origin',(-9.00000013411045,-9.00000013411045,0.900000000000002));
#3159=CARTESIAN_POINT('Origin',(-6.7175144212722,-6.7175144212722,-4.6));
#3160=CARTESIAN_POINT('',(-8.01022703252341,-8.85734948611063,3.4));
#3161=CARTESIAN_POINT('',(-8.01022703252341,-8.85734948611063,-4.6));
#3162=CARTESIAN_POINT('',(-8.85734948611063,-8.01022703252341,3.4));
#3163=CARTESIAN_POINT('Origin',(-6.7175144212722,-6.7175144212722,3.4));
#3164=CARTESIAN_POINT('',(-8.85734948611063,-8.01022703252341,-4.6));
#3165=CARTESIAN_POINT('Origin',(6.7175144212722,6.7175144212722,-4.6));
#3166=CARTESIAN_POINT('',(8.01022703252341,8.85734948611063,3.4));
#3167=CARTESIAN_POINT('',(8.01022703252341,8.85734948611063,-4.6));
#3168=CARTESIAN_POINT('',(8.50000012665987,4.96458980506972,3.4));
#3169=CARTESIAN_POINT('Origin',(6.7175144212722,6.7175144212722,3.4));
#3170=CARTESIAN_POINT('',(8.50000012665987,4.96458980506972,-4.6));
#3171=CARTESIAN_POINT('Origin',(6.7175144212722,-6.7175144212722,-4.6));
#3172=CARTESIAN_POINT('',(8.8573497250063,-8.01022663707787,3.4));
#3173=CARTESIAN_POINT('',(8.8573497250063,-8.01022663707787,-4.6));
#3174=CARTESIAN_POINT('',(8.90101134903747,-5.50000008195639,3.4));
#3175=CARTESIAN_POINT('Origin',(6.7175144212722,-6.7175144212722,3.4));
#3176=CARTESIAN_POINT('',(8.90101134903747,-5.50000008195639,-4.6));
#3177=CARTESIAN_POINT('Origin',(8.50000012665987,3.00000004470348,3.4));
#3178=CARTESIAN_POINT('',(8.50000012665987,3.00000004470348,3.4));
#3179=CARTESIAN_POINT('',(8.50000012665987,1.50000002235174,3.4));
#3180=CARTESIAN_POINT('',(8.50000012665987,3.00000004470348,3.4));
#3181=CARTESIAN_POINT('Origin',(9.00000013411045,9.00000013411045,3.4));
#3182=CARTESIAN_POINT('',(10.0000001341105,9.00000013411045,3.4));
#3183=CARTESIAN_POINT('Origin',(9.00000013411045,9.00000013411045,3.4));
#3184=CARTESIAN_POINT('',(10.0000001341105,9.00000013411045,3.4));
#3185=CARTESIAN_POINT('Origin',(9.00000013411045,9.00000013411045,3.4));
#3186=CARTESIAN_POINT('Origin',(-9.00000013411045,-9.00000013411045,3.4));
#3187=CARTESIAN_POINT('',(-8.00000013411045,-9.00000013411045,3.4));
#3188=CARTESIAN_POINT('Origin',(-9.00000013411045,-9.00000013411045,3.4));
#3189=CARTESIAN_POINT('',(-8.00000013411045,-9.00000013411045,3.4));
#3190=CARTESIAN_POINT('Origin',(-9.00000013411045,-9.00000013411045,3.4));
#3191=CARTESIAN_POINT('Origin',(-9.00000013411045,9.00000013411045,3.4));
#3192=CARTESIAN_POINT('',(-8.00000013411045,9.00000013411045,3.4));
#3193=CARTESIAN_POINT('Origin',(-9.00000013411045,9.00000013411045,3.4));
#3194=CARTESIAN_POINT('',(-8.00000013411045,9.00000013411045,3.4));
#3195=CARTESIAN_POINT('Origin',(-9.00000013411045,9.00000013411045,3.4));
#3196=CARTESIAN_POINT('Origin',(-3.46944695195361E-17,0.,3.4));
#3197=CARTESIAN_POINT('',(4.25000006332994,5.50000008195639,3.4));
#3198=CARTESIAN_POINT('',(11.5000001713634,11.5000001713634,3.4));
#3199=CARTESIAN_POINT('',(5.75000008568168,11.5000001713634,3.4));
#3200=CARTESIAN_POINT('',(11.5000001713634,17.5,3.4));
#3201=CARTESIAN_POINT('',(11.5000001713634,8.75,3.4));
#3202=CARTESIAN_POINT('',(4.50000006705523,17.5,3.4));
#3203=CARTESIAN_POINT('',(-17.5,17.5,3.4));
#3204=CARTESIAN_POINT('',(4.50000006705523,9.00000013411045,3.4));
#3205=CARTESIAN_POINT('',(4.50000006705523,8.75,3.4));
#3206=CARTESIAN_POINT('',(2.00000002980232,9.00000013411045,3.4));
#3207=CARTESIAN_POINT('',(2.25000003352761,9.00000013411045,3.4));
#3208=CARTESIAN_POINT('',(2.00000002980232,8.00000011920929,3.4));
#3209=CARTESIAN_POINT('',(2.00000002980232,4.50000006705523,3.4));
#3210=CARTESIAN_POINT('',(-2.00000002980232,8.00000011920929,3.4));
#3211=CARTESIAN_POINT('',(1.00000001490116,8.00000011920929,3.4));
#3212=CARTESIAN_POINT('',(-2.00000002980232,9.00000013411045,3.4));
#3213=CARTESIAN_POINT('',(-2.00000002980232,4.00000005960464,3.4));
#3214=CARTESIAN_POINT('',(-4.50000006705523,9.00000013411045,3.4));
#3215=CARTESIAN_POINT('',(-1.00000001490116,9.00000013411045,3.4));
#3216=CARTESIAN_POINT('',(-4.50000006705523,17.5000002607703,3.4));
#3217=CARTESIAN_POINT('',(-4.50000006705523,4.50000006705523,3.4));
#3218=CARTESIAN_POINT('',(-11.5000001713634,17.5,3.4));
#3219=CARTESIAN_POINT('',(-17.5,17.5,3.4));
#3220=CARTESIAN_POINT('',(-11.5000001713634,11.5000001713634,3.4));
#3221=CARTESIAN_POINT('',(-11.5000001713634,5.75000008568168,3.4));
#3222=CARTESIAN_POINT('',(-17.5,11.5000001713634,3.4));
#3223=CARTESIAN_POINT('',(-8.75,11.5000001713634,3.4));
#3224=CARTESIAN_POINT('',(-17.5,9.50000014156103,3.4));
#3225=CARTESIAN_POINT('',(-17.5,-11.5000001713634,3.4));
#3226=CARTESIAN_POINT('',(-12.5000001862645,9.50000014156103,3.4));
#3227=CARTESIAN_POINT('',(-8.75,9.50000014156103,3.4));
#3228=CARTESIAN_POINT('',(-12.5000001862645,7.50000011175871,3.4));
#3229=CARTESIAN_POINT('',(-12.5000001862645,4.75000007078052,3.4));
#3230=CARTESIAN_POINT('',(-11.5000001713634,7.50000011175871,3.4));
#3231=CARTESIAN_POINT('',(-6.25000009313226,7.50000011175871,3.4));
#3232=CARTESIAN_POINT('',(-11.5000001713634,-7.50000011175871,3.4));
#3233=CARTESIAN_POINT('',(-11.5000001713634,3.75000005587935,3.4));
#3234=CARTESIAN_POINT('',(-12.5000001862645,-7.50000011175871,3.4));
#3235=CARTESIAN_POINT('',(-5.75000008568168,-7.50000011175871,3.4));
#3236=CARTESIAN_POINT('',(-12.5000001862645,-9.49999978765845,3.4));
#3237=CARTESIAN_POINT('',(-12.5000001862645,-3.75000005587935,3.4));
#3238=CARTESIAN_POINT('',(-17.4999996088445,-9.49999978765845,3.4));
#3239=CARTESIAN_POINT('',(-6.25000009313226,-9.49999978765845,3.4));
#3240=CARTESIAN_POINT('',(-17.5,-11.5000001713634,3.4));
#3241=CARTESIAN_POINT('',(-17.5,-11.5000001713634,3.4));
#3242=CARTESIAN_POINT('',(-11.5000001713634,-11.5000001713634,3.4));
#3243=CARTESIAN_POINT('',(-5.75000008568168,-11.5000001713634,3.4));
#3244=CARTESIAN_POINT('',(-11.5000001713634,-17.5,3.4));
#3245=CARTESIAN_POINT('',(-11.5000001713634,-8.75,3.4));
#3246=CARTESIAN_POINT('',(-7.00000010430813,-17.5,3.4));
#3247=CARTESIAN_POINT('',(17.5,-17.5,3.4));
#3248=CARTESIAN_POINT('',(-7.00000010430813,-12.5000001862645,3.4));
#3249=CARTESIAN_POINT('',(-7.00000010430813,-8.75,3.4));
#3250=CARTESIAN_POINT('',(-5.00000007450581,-12.5000001862645,3.4));
#3251=CARTESIAN_POINT('',(-3.50000005215406,-12.5000001862645,3.4));
#3252=CARTESIAN_POINT('',(-5.00000007450581,-11.5000001713634,3.4));
#3253=CARTESIAN_POINT('',(-5.00000007450581,-6.25000009313226,3.4));
#3254=CARTESIAN_POINT('',(-2.00000001490116,-11.5000001713634,3.4));
#3255=CARTESIAN_POINT('',(-2.5000000372529,-11.5000001713634,3.4));
#3256=CARTESIAN_POINT('',(-2.00000001490116,-4.03112886675623,3.4));
#3257=CARTESIAN_POINT('',(-2.00000001490116,-5.75000008568168,3.4));
#3258=CARTESIAN_POINT('',(-3.35410192626567,-3.00000004470348,3.4));
#3259=CARTESIAN_POINT('Origin',(0.,0.,3.4));
#3260=CARTESIAN_POINT('',(-6.00000008940697,-3.00000004470348,3.4));
#3261=CARTESIAN_POINT('',(3.74999991618097,-3.00000004470348,3.4));
#3262=CARTESIAN_POINT('',(-6.00000008940697,3.00000004470348,3.4));
#3263=CARTESIAN_POINT('',(-6.00000008940697,-1.50000002235174,3.4));
#3264=CARTESIAN_POINT('',(-3.35410192626567,3.00000004470348,3.4));
#3265=CARTESIAN_POINT('',(3.74999991618097,3.00000004470348,3.4));
#3266=CARTESIAN_POINT('',(3.35410192626567,3.00000004470348,3.4));
#3267=CARTESIAN_POINT('Origin',(0.,0.,3.4));
#3268=CARTESIAN_POINT('',(3.74999991618097,3.00000004470348,3.4));
#3269=CARTESIAN_POINT('Origin',(17.5000002607703,-5.50000008195639,3.4));
#3270=CARTESIAN_POINT('',(8.75000013038516,-5.50000008195639,3.4));
#3271=CARTESIAN_POINT('Origin',(8.99999979883432,-8.99999979883432,3.4));
#3272=CARTESIAN_POINT('',(9.99999977648258,-8.99999979883432,3.4));
#3273=CARTESIAN_POINT('Origin',(8.99999979883432,-8.99999979883432,3.4));
#3274=CARTESIAN_POINT('',(9.99999977648258,-8.99999979883432,3.4));
#3275=CARTESIAN_POINT('Origin',(8.99999979883432,-8.99999979883432,3.4));
#3276=CARTESIAN_POINT('Origin',(-3.46944695195361E-17,0.,3.4));
#3277=CARTESIAN_POINT('',(8.50000012665987,-3.00000004470348,3.4));
#3278=CARTESIAN_POINT('',(8.50000012665987,-2.75000004097819,3.4));
#3279=CARTESIAN_POINT('',(3.35410192626567,-3.00000004470348,3.4));
#3280=CARTESIAN_POINT('',(3.74999991618097,-3.00000004470348,3.4));
#3281=CARTESIAN_POINT('',(2.00000001490116,-4.03112886675623,3.4));
#3282=CARTESIAN_POINT('Origin',(0.,0.,3.4));
#3283=CARTESIAN_POINT('',(2.00000001490116,-11.5000001713634,3.4));
#3284=CARTESIAN_POINT('',(2.00000001490116,-2.19374109514989,3.4));
#3285=CARTESIAN_POINT('',(5.00000007450581,-11.5000001713634,3.4));
#3286=CARTESIAN_POINT('',(-2.5000000372529,-11.5000001713634,3.4));
#3287=CARTESIAN_POINT('',(5.00000007450581,-12.5000001862645,3.4));
#3288=CARTESIAN_POINT('',(5.00000007450581,-5.75000008568168,3.4));
#3289=CARTESIAN_POINT('',(7.00000010430813,-12.5000001862645,3.4));
#3290=CARTESIAN_POINT('',(2.5000000372529,-12.5000001862645,3.4));
#3291=CARTESIAN_POINT('',(7.00000010430813,-17.5000002607703,3.4));
#3292=CARTESIAN_POINT('',(7.00000010430813,-6.25000009313226,3.4));
#3293=CARTESIAN_POINT('',(11.5000001713634,-17.5,3.4));
#3294=CARTESIAN_POINT('',(17.5,-17.5,3.4));
#3295=CARTESIAN_POINT('',(11.5000001713634,-11.5000001713634,3.4));
#3296=CARTESIAN_POINT('',(11.5000001713634,-5.75000008568168,3.4));
#3297=CARTESIAN_POINT('',(8.75,-11.5000001713634,3.4));
#3298=CARTESIAN_POINT('Origin',(14.5000000856817,14.5000000856817,8.4));
#3299=CARTESIAN_POINT('',(15.5,17.5,8.4));
#3300=CARTESIAN_POINT('',(16.5,16.5,8.4));
#3301=CARTESIAN_POINT('',(11.5000001713634,17.5,8.4));
#3302=CARTESIAN_POINT('',(17.5,17.5,8.4));
#3303=CARTESIAN_POINT('',(11.5000001713634,11.5000001713634,8.4));
#3304=CARTESIAN_POINT('',(11.5000001713634,17.5,8.4));
#3305=CARTESIAN_POINT('',(11.5000001713634,11.5000001713634,8.4));
#3306=CARTESIAN_POINT('Origin',(-14.5000000856817,-14.5000000856817,8.4));
#3307=CARTESIAN_POINT('',(-17.5,-15.5,8.4));
#3308=CARTESIAN_POINT('',(-15.5,-17.5,8.4));
#3309=CARTESIAN_POINT('',(-16.5,-16.5,8.4));
#3310=CARTESIAN_POINT('',(-11.5000001713634,-17.5,8.4));
#3311=CARTESIAN_POINT('',(-17.5,-17.5,8.4));
#3312=CARTESIAN_POINT('',(-11.5000001713634,-11.5000001713634,8.4));
#3313=CARTESIAN_POINT('',(-11.5000001713634,-17.5,8.4));
#3314=CARTESIAN_POINT('',(-17.5,-11.5000001713634,8.4));
#3315=CARTESIAN_POINT('',(-11.5000001713634,-11.5000001713634,8.4));
#3316=CARTESIAN_POINT('',(-17.5,-11.5000001713634,8.4));
#3317=CARTESIAN_POINT('Origin',(14.5000000856817,-14.5000000856817,8.4));
#3318=CARTESIAN_POINT('',(15.5,-17.5,8.4));
#3319=CARTESIAN_POINT('',(16.5,-16.5,8.4));
#3320=CARTESIAN_POINT('',(11.5000001713634,-11.5000001713634,8.4));
#3321=CARTESIAN_POINT('',(11.5000001713634,-11.5000001713634,8.4));
#3322=CARTESIAN_POINT('',(11.5000001713634,-17.5,8.4));
#3323=CARTESIAN_POINT('',(11.5000001713634,-17.5,8.4));
#3324=CARTESIAN_POINT('',(17.5,-17.5,8.4));
#3325=CARTESIAN_POINT('Origin',(-14.5000000856817,14.5000000856817,8.4));
#3326=CARTESIAN_POINT('',(-15.5,17.5,8.4));
#3327=CARTESIAN_POINT('',(-17.5,15.5,8.4));
#3328=CARTESIAN_POINT('',(-16.5,16.5,8.4));
#3329=CARTESIAN_POINT('',(-17.5,11.5000001713634,8.4));
#3330=CARTESIAN_POINT('',(-17.5,11.5000001713634,8.4));
#3331=CARTESIAN_POINT('',(-11.5000001713634,11.5000001713634,8.4));
#3332=CARTESIAN_POINT('',(-11.5000001713634,11.5000001713634,8.4));
#3333=CARTESIAN_POINT('',(-11.5000001713634,17.5,8.4));
#3334=CARTESIAN_POINT('',(-11.5000001713634,17.5,8.4));
#3335=CARTESIAN_POINT('',(-17.5,17.5,8.4));
#3336=CARTESIAN_POINT('Origin',(8.75,-17.4,-4.5));
#3337=CARTESIAN_POINT('',(15.5,-17.5,-4.4));
#3338=CARTESIAN_POINT('',(15.4171572875254,-17.3,-4.6));
#3339=CARTESIAN_POINT('',(-15.5,-17.5,-4.4));
#3340=CARTESIAN_POINT('',(8.75,-17.5,-4.4));
#3341=CARTESIAN_POINT('',(-15.4171572875254,-17.3,-4.6));
#3342=CARTESIAN_POINT('Origin',(16.4292893218813,-16.4292893218813,-4.5));
#3343=CARTESIAN_POINT('',(16.5,-16.5,-4.4));
#3344=CARTESIAN_POINT('Origin',(16.4292893218813,16.4292893218813,-4.5));
#3345=CARTESIAN_POINT('',(15.5,17.5,-4.4));
#3346=CARTESIAN_POINT('',(15.4171572875254,17.3,-4.6));
#3347=CARTESIAN_POINT('',(16.5,16.5,-4.4));
#3348=CARTESIAN_POINT('Origin',(-8.75,17.4,-4.5));
#3349=CARTESIAN_POINT('',(-15.5,17.5,-4.4));
#3350=CARTESIAN_POINT('',(-15.4171572875254,17.3,-4.6));
#3351=CARTESIAN_POINT('',(-8.75,17.5,-4.4));
#3352=CARTESIAN_POINT('Origin',(-16.4292893218813,16.4292893218813,-4.5));
#3353=CARTESIAN_POINT('',(-17.5,15.5,-4.4));
#3354=CARTESIAN_POINT('',(-16.5,16.5,-4.4));
#3355=CARTESIAN_POINT('',(-17.3,15.4171572875254,-4.6));
#3356=CARTESIAN_POINT('Origin',(-17.4,-8.75,-4.5));
#3357=CARTESIAN_POINT('',(-17.5,-15.5,-4.4));
#3358=CARTESIAN_POINT('',(-17.5,-8.75,-4.4));
#3359=CARTESIAN_POINT('',(-17.3,-15.4171572875254,-4.6));
#3360=CARTESIAN_POINT('Origin',(-16.4292893218813,-16.4292893218813,-4.5));
#3361=CARTESIAN_POINT('',(-16.5,-16.5,-4.4));
#3362=CARTESIAN_POINT('Origin',(-16.5,16.5,3.4));
#3363=CARTESIAN_POINT('',(-17.5,15.5,3.4));
#3364=CARTESIAN_POINT('',(-15.5,17.5,3.4));
#3365=CARTESIAN_POINT('Origin',(-17.5,-17.5,3.4));
#3366=CARTESIAN_POINT('',(-17.5,-15.5,3.4));
#3367=CARTESIAN_POINT('',(-17.5,-11.5000001713634,3.4));
#3368=CARTESIAN_POINT('',(-17.4999996088445,-9.49999978765845,-1.6));
#3369=CARTESIAN_POINT('',(-17.5,-9.49999978765845,3.4));
#3370=CARTESIAN_POINT('',(-17.5,9.50000014156103,-1.6));
#3371=CARTESIAN_POINT('',(-17.5,-8.74999991152436,-1.6));
#3372=CARTESIAN_POINT('',(-17.5,9.50000014156103,3.4));
#3373=CARTESIAN_POINT('',(-17.5,11.5000001713634,3.4));
#3374=CARTESIAN_POINT('Origin',(-16.5,-16.5,3.4));
#3375=CARTESIAN_POINT('',(-15.5,-17.5,3.4));
#3376=CARTESIAN_POINT('Origin',(17.5,-17.5,3.4));
#3377=CARTESIAN_POINT('',(15.5,-17.5,3.4));
#3378=CARTESIAN_POINT('',(11.5000001713634,-17.5,3.4));
#3379=CARTESIAN_POINT('',(7.00000010430813,-17.5000002607703,-1.6));
#3380=CARTESIAN_POINT('',(7.00000010430813,-17.5,3.4));
#3381=CARTESIAN_POINT('',(-7.00000010430813,-17.5,-1.6));
#3382=CARTESIAN_POINT('',(8.75,-17.5,-1.6));
#3383=CARTESIAN_POINT('',(-7.00000010430813,-17.5,3.4));
#3384=CARTESIAN_POINT('',(-11.5000001713634,-17.5,3.4));
#3385=CARTESIAN_POINT('Origin',(16.5,-16.5,3.4));
#3386=CARTESIAN_POINT('Origin',(16.5,16.5,3.4));
#3387=CARTESIAN_POINT('',(15.5,17.5,3.4));
#3388=CARTESIAN_POINT('Origin',(-17.5,17.5,3.4));
#3389=CARTESIAN_POINT('',(-11.5000001713634,17.5,3.4));
#3390=CARTESIAN_POINT('',(-4.50000006705523,17.5000002607703,-2.6));
#3391=CARTESIAN_POINT('',(-4.50000006705523,17.5,3.4));
#3392=CARTESIAN_POINT('',(4.50000006705523,17.5,-2.6));
#3393=CARTESIAN_POINT('',(-8.75,17.5,-2.6));
#3394=CARTESIAN_POINT('',(4.50000006705523,17.5,3.4));
#3395=CARTESIAN_POINT('',(11.5000001713634,17.5,3.4));
#3396=CARTESIAN_POINT('Origin',(2.00000001490116,-4.38748219029977,3.4));
#3397=CARTESIAN_POINT('',(2.00000001490116,-4.03112886675623,1.4));
#3398=CARTESIAN_POINT('',(2.00000001490116,-4.03112886675623,-4.6));
#3399=CARTESIAN_POINT('',(2.00000001490116,-11.5000001713634,1.4));
#3400=CARTESIAN_POINT('',(2.00000001490116,-6.16561168556567,1.4));
#3401=CARTESIAN_POINT('',(2.00000001490116,-11.5000001713634,3.4));
#3402=CARTESIAN_POINT('Origin',(-2.00000001490116,-11.5000001713634,3.4));
#3403=CARTESIAN_POINT('',(-2.00000001490116,-11.5000001713634,1.4));
#3404=CARTESIAN_POINT('',(-2.00000001490116,-11.5000001713634,3.4));
#3405=CARTESIAN_POINT('',(-2.00000001490116,-4.03112886675623,1.4));
#3406=CARTESIAN_POINT('',(-2.00000001490116,-9.72187067609746,1.4));
#3407=CARTESIAN_POINT('',(-2.00000001490116,-4.03112886675623,-4.6));
#3408=CARTESIAN_POINT('Origin',(0.,-7.94374118083156,1.4));
#3409=CARTESIAN_POINT('',(-2.5000000372529,-11.5000001713634,1.4));
#3410=CARTESIAN_POINT('Origin',(0.,0.,1.4));
#3411=CARTESIAN_POINT('Origin',(0.,0.,-4.6));
#3412=CARTESIAN_POINT('',(4.5,5.51091059616309E-16,0.400000000000001));
#3413=CARTESIAN_POINT('',(4.5,5.51091059616309E-16,-4.6));
#3414=CARTESIAN_POINT('',(3.35410192626567,3.00000004470348,0.400000000000001));
#3415=CARTESIAN_POINT('Origin',(0.,0.,0.400000000000001));
#3416=CARTESIAN_POINT('',(3.35410192626567,3.00000004470348,-4.6));
#3417=CARTESIAN_POINT('',(-3.35410192626567,3.00000004470348,0.400000000000001));
#3418=CARTESIAN_POINT('',(-3.35410192626567,3.00000004470348,-4.6));
#3419=CARTESIAN_POINT('',(-3.35410192626567,-3.00000004470348,0.400000000000001));
#3420=CARTESIAN_POINT('Origin',(0.,0.,0.400000000000001));
#3421=CARTESIAN_POINT('',(-3.35410192626567,-3.00000004470348,-4.6));
#3422=CARTESIAN_POINT('',(3.35410192626567,-3.00000004470348,0.400000000000001));
#3423=CARTESIAN_POINT('',(3.35410192626567,-3.00000004470348,-4.6));
#3424=CARTESIAN_POINT('Origin',(0.,0.,0.400000000000001));
#3425=CARTESIAN_POINT('Origin',(8.50000012665987,-3.00000004470348,3.4));
#3426=CARTESIAN_POINT('',(8.50000012665987,-3.00000004470348,3.4));
#3427=CARTESIAN_POINT('',(7.49999983236194,-3.00000004470348,0.400000000000001));
#3428=CARTESIAN_POINT('',(7.49999983236194,-3.00000004470348,3.4));
#3429=CARTESIAN_POINT('',(7.49999983236194,-3.00000004470348,0.400000000000001));
#3430=CARTESIAN_POINT('Origin',(7.49999983236194,3.00000004470348,3.4));
#3431=CARTESIAN_POINT('',(7.49999983236194,3.00000004470348,0.400000000000001));
#3432=CARTESIAN_POINT('',(-6.00000008940697,3.00000004470348,0.400000000000001));
#3433=CARTESIAN_POINT('',(7.49999983236194,3.00000004470348,3.4));
#3434=CARTESIAN_POINT('Origin',(7.49999983236194,3.00000004470348,3.4));
#3435=CARTESIAN_POINT('',(-6.00000008940697,3.00000004470348,0.400000000000001));
#3436=CARTESIAN_POINT('',(-6.00000008940697,3.00000004470348,3.4));
#3437=CARTESIAN_POINT('',(-6.00000008940697,3.00000004470348,0.400000000000001));
#3438=CARTESIAN_POINT('Origin',(0.749999871477485,0.,0.400000000000001));
#3439=CARTESIAN_POINT('',(7.49999983236194,-1.50000002235174,0.400000000000001));
#3440=CARTESIAN_POINT('Origin',(0.749999871477485,0.,0.400000000000001));
#3441=CARTESIAN_POINT('',(-6.00000008940697,-3.00000004470348,0.400000000000001));
#3442=CARTESIAN_POINT('',(-6.00000008940697,-3.00000004470348,0.400000000000001));
#3443=CARTESIAN_POINT('',(7.49999983236194,-3.00000004470348,0.400000000000001));
#3444=CARTESIAN_POINT('Origin',(-6.00000008940697,-3.00000004470348,3.4));
#3445=CARTESIAN_POINT('',(-6.00000008940697,-3.00000004470348,3.4));
#3446=CARTESIAN_POINT('Origin',(7.49999983236194,-3.00000004470348,3.4));
#3447=CARTESIAN_POINT('Origin',(-7.00000010430813,-17.5,3.4));
#3448=CARTESIAN_POINT('',(-7.00000010430813,-12.5000001862645,-1.6));
#3449=CARTESIAN_POINT('',(-7.00000010430813,-12.5000001862645,-1.6));
#3450=CARTESIAN_POINT('',(-7.00000010430813,-12.5000001862645,3.4));
#3451=CARTESIAN_POINT('Origin',(7.00000010430813,-12.5000001862645,3.4));
#3452=CARTESIAN_POINT('',(7.00000010430813,-12.5000001862645,-1.6));
#3453=CARTESIAN_POINT('',(7.00000010430813,-12.5000001862645,3.4));
#3454=CARTESIAN_POINT('',(7.00000010430813,-17.5000002607703,-1.6));
#3455=CARTESIAN_POINT('Origin',(5.00000007450581,-12.5000001862645,3.4));
#3456=CARTESIAN_POINT('',(5.00000007450581,-12.5000001862645,-1.6));
#3457=CARTESIAN_POINT('',(5.00000007450581,-12.5000001862645,3.4));
#3458=CARTESIAN_POINT('',(7.00000010430813,-12.5000001862645,-1.6));
#3459=CARTESIAN_POINT('Origin',(5.00000007450581,-11.5000001713634,3.4));
#3460=CARTESIAN_POINT('',(5.00000007450581,-11.5000001713634,-1.6));
#3461=CARTESIAN_POINT('',(5.00000007450581,-11.5000001713634,3.4));
#3462=CARTESIAN_POINT('',(5.00000007450581,-12.5000001862645,-1.6));
#3463=CARTESIAN_POINT('Origin',(-5.00000007450581,-11.5000001713634,3.4));
#3464=CARTESIAN_POINT('',(-5.00000007450581,-11.5000001713634,-1.6));
#3465=CARTESIAN_POINT('',(-5.00000007450581,-11.5000001713634,3.4));
#3466=CARTESIAN_POINT('',(5.00000007450581,-11.5000001713634,-1.6));
#3467=CARTESIAN_POINT('Origin',(-5.00000007450581,-12.5000001862645,3.4));
#3468=CARTESIAN_POINT('',(-5.00000007450581,-12.5000001862645,-1.6));
#3469=CARTESIAN_POINT('',(-5.00000007450581,-12.5000001862645,3.4));
#3470=CARTESIAN_POINT('',(-5.00000007450581,-11.5000001713634,-1.6));
#3471=CARTESIAN_POINT('Origin',(-7.00000010430813,-12.5000001862645,3.4));
#3472=CARTESIAN_POINT('',(-5.00000007450581,-12.5000001862645,-1.6));
#3473=CARTESIAN_POINT('Origin',(1.11022302462516E-15,-14.5000002160668,
-1.6));
#3474=CARTESIAN_POINT('Origin',(-17.5,9.50000014156103,3.4));
#3475=CARTESIAN_POINT('',(-12.5000001862645,9.50000014156103,-1.6));
#3476=CARTESIAN_POINT('',(-12.5000001862645,9.50000014156103,-1.6));
#3477=CARTESIAN_POINT('',(-12.5000001862645,9.50000014156103,3.4));
#3478=CARTESIAN_POINT('Origin',(-12.5000001862645,-9.49999978765845,3.4));
#3479=CARTESIAN_POINT('',(-12.5000001862645,-9.49999978765845,-1.6));
#3480=CARTESIAN_POINT('',(-12.5000001862645,-9.49999978765845,3.4));
#3481=CARTESIAN_POINT('',(-17.4999996088445,-9.49999978765845,-1.6));
#3482=CARTESIAN_POINT('Origin',(-12.5000001862645,-7.50000011175871,3.4));
#3483=CARTESIAN_POINT('',(-12.5000001862645,-7.50000011175871,-1.6));
#3484=CARTESIAN_POINT('',(-12.5000001862645,-7.50000011175871,3.4));
#3485=CARTESIAN_POINT('',(-12.5000001862645,-9.49999978765845,-1.6));
#3486=CARTESIAN_POINT('Origin',(-11.5000001713634,-7.50000011175871,3.4));
#3487=CARTESIAN_POINT('',(-11.5000001713634,-7.50000011175871,-1.6));
#3488=CARTESIAN_POINT('',(-11.5000001713634,-7.50000011175871,3.4));
#3489=CARTESIAN_POINT('',(-12.5000001862645,-7.50000011175871,-1.6));
#3490=CARTESIAN_POINT('Origin',(-11.5000001713634,7.50000011175871,3.4));
#3491=CARTESIAN_POINT('',(-11.5000001713634,7.50000011175871,-1.6));
#3492=CARTESIAN_POINT('',(-11.5000001713634,7.50000011175871,3.4));
#3493=CARTESIAN_POINT('',(-11.5000001713634,-7.50000011175871,-1.6));
#3494=CARTESIAN_POINT('Origin',(-12.5000001862645,7.50000011175871,3.4));
#3495=CARTESIAN_POINT('',(-12.5000001862645,7.50000011175871,-1.6));
#3496=CARTESIAN_POINT('',(-12.5000001862645,7.50000011175871,3.4));
#3497=CARTESIAN_POINT('',(-11.5000001713634,7.50000011175871,-1.6));
#3498=CARTESIAN_POINT('Origin',(-12.5000001862645,9.50000014156103,3.4));
#3499=CARTESIAN_POINT('',(-12.5000001862645,7.50000011175871,-1.6));
#3500=CARTESIAN_POINT('Origin',(-14.5000000856817,1.76951288066718E-7,-1.6));
#3501=CARTESIAN_POINT('Origin',(4.50000006705523,17.5,3.4));
#3502=CARTESIAN_POINT('',(4.50000006705523,9.00000013411045,-2.6));
#3503=CARTESIAN_POINT('',(4.50000006705523,9.00000013411045,-2.6));
#3504=CARTESIAN_POINT('',(4.50000006705523,9.00000013411045,3.4));
#3505=CARTESIAN_POINT('Origin',(-4.50000006705523,9.00000013411045,3.4));
#3506=CARTESIAN_POINT('',(-4.50000006705523,9.00000013411045,-2.6));
#3507=CARTESIAN_POINT('',(-4.50000006705523,9.00000013411045,3.4));
#3508=CARTESIAN_POINT('',(-4.50000006705523,17.5000002607703,-2.6));
#3509=CARTESIAN_POINT('Origin',(-2.00000002980232,9.00000013411045,3.4));
#3510=CARTESIAN_POINT('',(-2.00000002980232,9.00000013411045,-2.6));
#3511=CARTESIAN_POINT('',(-2.00000002980232,9.00000013411045,3.4));
#3512=CARTESIAN_POINT('',(-4.50000006705523,9.00000013411045,-2.6));
#3513=CARTESIAN_POINT('Origin',(-2.00000002980232,8.00000011920929,3.4));
#3514=CARTESIAN_POINT('',(-2.00000002980232,8.00000011920929,-2.6));
#3515=CARTESIAN_POINT('',(-2.00000002980232,8.00000011920929,3.4));
#3516=CARTESIAN_POINT('',(-2.00000002980232,9.00000013411045,-2.6));
#3517=CARTESIAN_POINT('Origin',(2.00000002980232,8.00000011920929,3.4));
#3518=CARTESIAN_POINT('',(2.00000002980232,8.00000011920929,-2.6));
#3519=CARTESIAN_POINT('',(2.00000002980232,8.00000011920929,3.4));
#3520=CARTESIAN_POINT('',(-2.00000002980232,8.00000011920929,-2.6));
#3521=CARTESIAN_POINT('Origin',(2.00000002980232,9.00000013411045,3.4));
#3522=CARTESIAN_POINT('',(2.00000002980232,9.00000013411045,-2.6));
#3523=CARTESIAN_POINT('',(2.00000002980232,9.00000013411045,3.4));
#3524=CARTESIAN_POINT('',(2.00000002980232,8.00000011920929,-2.6));
#3525=CARTESIAN_POINT('Origin',(4.50000006705523,9.00000013411045,3.4));
#3526=CARTESIAN_POINT('',(2.00000002980232,9.00000013411045,-2.6));
#3527=CARTESIAN_POINT('Origin',(-1.11022302462516E-15,12.7500001899898,
-2.6));
#3528=CARTESIAN_POINT('Origin',(8.50000012665987,5.50000008195639,3.4));
#3529=CARTESIAN_POINT('Origin',(8.50000012665987,-3.00000004470348,3.4));
#3530=CARTESIAN_POINT('Origin',(8.50000012665987,-5.50000008195639,3.4));
#3531=CARTESIAN_POINT('Origin',(-11.5000001713634,11.5000001713634,3.4));
#3532=CARTESIAN_POINT('',(-11.5000001713634,11.5000001713634,3.4));
#3533=CARTESIAN_POINT('Origin',(-17.5,11.5000001713634,3.4));
#3534=CARTESIAN_POINT('Origin',(-11.5000001713634,-17.5,3.4));
#3535=CARTESIAN_POINT('',(-11.5000001713634,-11.5000001713634,3.4));
#3536=CARTESIAN_POINT('Origin',(-11.5000001713634,-11.5000001713634,3.4));
#3537=CARTESIAN_POINT('Origin',(11.5000001713634,17.5,3.4));
#3538=CARTESIAN_POINT('',(11.5000001713634,11.5000001713634,3.4));
#3539=CARTESIAN_POINT('Origin',(11.5000001713634,11.5000001713634,3.4));
#3540=CARTESIAN_POINT('Origin',(11.5000001713634,-11.5000001713634,3.4));
#3541=CARTESIAN_POINT('',(11.5000001713634,-11.5000001713634,3.4));
#3542=CARTESIAN_POINT('Origin',(17.5,-11.5000001713634,3.4));
#3543=UNCERTAINTY_MEASURE_WITH_UNIT(LENGTH_MEASURE(0.01),#3547,
'DISTANCE_ACCURACY_VALUE',
'Maximum model space distance between geometric entities at asserted c
onnectivities');
#3544=UNCERTAINTY_MEASURE_WITH_UNIT(LENGTH_MEASURE(0.01),#3547,
'DISTANCE_ACCURACY_VALUE',
'Maximum model space distance between geometric entities at asserted c
onnectivities');
#3545=(
GEOMETRIC_REPRESENTATION_CONTEXT(3)
GLOBAL_UNCERTAINTY_ASSIGNED_CONTEXT((#3543))
GLOBAL_UNIT_ASSIGNED_CONTEXT((#3547,#3549,#3550))
REPRESENTATION_CONTEXT('','3D')
);
#3546=(
GEOMETRIC_REPRESENTATION_CONTEXT(3)
GLOBAL_UNCERTAINTY_ASSIGNED_CONTEXT((#3544))
GLOBAL_UNIT_ASSIGNED_CONTEXT((#3547,#3549,#3550))
REPRESENTATION_CONTEXT('','3D')
);
#3547=(
LENGTH_UNIT()
NAMED_UNIT(*)
SI_UNIT(.MILLI.,.METRE.)
);
#3548=(
LENGTH_UNIT()
NAMED_UNIT(*)
SI_UNIT($,.METRE.)
);
#3549=(
NAMED_UNIT(*)
PLANE_ANGLE_UNIT()
SI_UNIT($,.RADIAN.)
);
#3550=(
NAMED_UNIT(*)
SI_UNIT($,.STERADIAN.)
SOLID_ANGLE_UNIT()
);
#3551=SHAPE_DEFINITION_REPRESENTATION(#3552,#3553);
#3552=PRODUCT_DEFINITION_SHAPE('',$,#3555);
#3553=SHAPE_REPRESENTATION('',(#2183),#3545);
#3554=PRODUCT_DEFINITION_CONTEXT('part definition',#3559,'design');
#3555=PRODUCT_DEFINITION('2026-07-22-02-28-39-193','\X2\591690E8\X0\1',
#3556,#3554);
#3556=PRODUCT_DEFINITION_FORMATION('',$,#3561);
#3557=PRODUCT_RELATED_PRODUCT_CATEGORY('\X2\591690E8\X0\1','\X2\591690E8\X0\1',
(#3561));
#3558=APPLICATION_PROTOCOL_DEFINITION('international standard',
'automotive_design',2009,#3559);
#3559=APPLICATION_CONTEXT(
'Core Data for Automotive Mechanical Design Process');
#3560=PRODUCT_CONTEXT('part definition',#3559,'mechanical');
#3561=PRODUCT('2026-07-22-02-28-39-193','\X2\591690E8\X0\1',$,(#3560));
#3562=PRESENTATION_STYLE_ASSIGNMENT((#3563));
#3563=SURFACE_STYLE_USAGE(.BOTH.,#3564);
#3564=SURFACE_SIDE_STYLE('',(#3565));
#3565=SURFACE_STYLE_FILL_AREA(#3566);
#3566=FILL_AREA_STYLE('\X2\94A2\X0\ - \X2\7F0E5149\X0\',(#3567));
#3567=FILL_AREA_STYLE_COLOUR('\X2\94A2\X0\ - \X2\7F0E5149\X0\',#3568);
#3568=COLOUR_RGB('\X2\94A2\X0\ - \X2\7F0E5149\X0\',0.627450980392157,0.627450980392157,
0.627450980392157);
ENDSEC;
END-ISO-10303-21;
